expiry,date,cfg,dte,spot,credit,sc_d,sp_d,lc_d,lp_d,call_width,put_width,pnl_pts,max_dd_pts,gross,slip,stat,buy_turn,sell_turn,net,maxloss,year
20180705,2018-06-27,0.35/0.15,8.24,26587.8,165.5,0.361,-0.348,0.139,-0.161,400,400,8.549999999999983,-22.19999999999996,2564.999999999995,384.2333812063691,373.37415999999996,99405.0,101970.00000000001,1807.3924587936262,70350.0,2018
20180705,2018-06-27,0.25/0.1,8.24,26587.8,61.64999999999999,0.229,-0.24,0.139,-0.161,200,200,7.349999999999987,-13.600000000000009,2204.9999999999964,382.9953533386606,316.72033899999997,68610.0,70815.0,1505.2843076613358,41505.00000000001,2018
20180705,2018-06-28,0.35/0.15,7.24,26394.3,148.09999999999997,0.349,-0.345,0.162,-0.153,300,400,-2.05000000000004,-19.400000000000034,-615.0000000000119,182.16338351601908,365.7739438,97350.0,96735.0,-1162.9373273160309,75570.00000000001,2018
20180705,2018-06-28,0.25/0.1,7.24,26394.3,99.6,0.273,-0.236,0.088,-0.122,400,300,10.799999999999983,-2.0500000000000114,3239.999999999995,135.17333668187734,305.56829859999993,61815.0,65055.0,2799.2583647181173,90120.0,2018
20180705,2018-06-29,0.35/0.15,6.24,26433.4,167.0,0.375,-0.375,0.165,-0.143,300,400,-1.7499999999999716,-10.099999999999966,-524.9999999999915,162.41287856530516,356.6546631999999,92295.0,91770.00000000001,-1044.0675417652965,69900.0,2018
20180705,2018-06-29,0.25/0.1,6.24,26433.4,81.60000000000001,0.222,-0.24,0.089,-0.109,300,300,7.050000000000011,-5.949999999999989,2115.0000000000036,160.61506775713215,278.8223218,47910.0,50025.0,1675.5626104428713,65519.99999999999,2018
20180705,2018-07-02,0.35/0.15,3.24,26265.6,140.0,0.39,-0.328,0.16,-0.131,300,300,16.999999999999986,-3.25,5099.999999999995,339.0196102092338,328.2200524,72990.0,78090.0,4432.760337390761,48000.0,2018
20180705,2018-07-02,0.25/0.1,3.24,26265.6,73.4,0.224,-0.248,0.111,-0.094,200,300,8.800000000000011,-17.999999999999986,2640.0000000000036,250.12995395647656,271.9546672,43800.0,46440.0,2117.915378843527,67980.0,2018
20180705,2018-07-03,0.35/0.15,2.24,26246.4,108.89999999999999,0.365,-0.32,0.146,-0.164,300,200,15.099999999999994,-0.5,4529.999999999998,530.3099544756333,303.51495099999994,59835.0,64365.0,3696.175094524365,57330.00000000001,2018
20180705,2018-07-03,0.25/0.1,2.24,26246.4,75.75,0.278,-0.232,0.1,-0.116,300,200,14.000000000000007,-0.9000000000000057,4200.000000000002,399.9558227688098,264.3680476,38610.0,42810.00000000001,3535.676129631192,67275.0,2018
20180705,2018-07-04,0.35/0.15,1.24,26158.8,89.15,0.317,-0.405,0.133,-0.179,200,200,-34.14999999999999,-35.64999999999999,-10244.999999999998,357.8158683631427,307.9779184,72075.0,61830.0,-10910.79378676314,33255.0,2018
20180705,2018-07-04,0.25/0.1,1.24,26158.8,55.49999999999999,0.209,-0.278,0.082,-0.109,200,200,-30.199999999999996,-34.949999999999996,-9059.999999999998,269.0225645940789,258.396826,44130.00000000001,35070.0,-9587.419390594077,43350.0,2018
20181017,2018-10-12,0.35/0.15,5.24,25274.2,180.84999999999997,0.333,-0.341,0.192,-0.16,300,500,3.3999999999999773,-22.550000000000068,1019.9999999999932,710.5666197974629,448.36948119999994,141510.0,142530.0,-138.93610099746962,95745.00000000001,2018
20181017,2018-10-12,0.25/0.1,5.24,25274.2,88.19999999999999,0.235,-0.257,0.192,-0.134,100,400,7.349999999999994,-8.499999999999986,2204.999999999998,499.23020018547186,384.0013528,105464.99999999999,107670.0,1321.7684470145264,93540.0,2018
20181017,2018-10-15,0.35/0.15,2.24,25202.4,240.2,0.38,-0.374,0.133,-0.149,500,500,21.5,-1.150000000000034,6450.0,263.36373571404494,405.13089699999995,114225.0,120675.0,5781.505367285955,77940.0,2018
20181017,2018-10-15,0.25/0.1,2.24,25202.4,130.0,0.263,-0.272,0.133,-0.12,300,400,21.75,-1.0500000000000114,6525.0,192.69493248369147,334.13436160000003,75285.0,81810.0,5998.170705916308,81000.0,2018
20181017,2018-10-16,0.35/0.15,1.24,25582.15,89.14999999999998,0.317,-0.335,0.24,-0.155,100,300,21.599999999999966,-1.450000000000017,6479.99999999999,224.57919539149867,320.36081559999997,67770.0,74249.99999999999,5935.059989008491,63255.00000000001,2018
20181213,2018-12-05,0.35/0.15,8.24,26549.95,300.90000000000003,0.361,-0.363,0.142,-0.122,600,800,11.450000000000045,-9.449999999999989,3435.0000000000136,389.84744543573004,467.2020628000001,150224.99999999997,153660.0,2577.9504917642835,149730.0,2018
20181213,2018-12-05,0.25/0.1,8.24,26549.95,132.54999999999998,0.237,-0.25,0.142,-0.122,300,500,8.049999999999997,-0.7500000000000284,2414.999999999999,245.31597084799267,375.6297406,100739.99999999999,103154.99999999999,1794.0542885520067,110235.00000000001,2018
20181213,2018-12-06,0.35/0.15,7.24,26253.35,222.85000000000002,0.345,-0.348,0.147,-0.166,500,500,-4.849999999999966,-21.149999999999977,-1454.9999999999898,374.0975942473779,456.8476827999999,147795.0,146340.0,-2285.9452770473677,83145.0,2018
20181213,2018-12-06,0.25/0.1,7.24,26253.35,131.95,0.254,-0.261,0.093,-0.166,500,300,-0.75,-13.250000000000057,-225.0,362.3476220690721,383.2510444,106665.0,106440.0,-970.598666469072,110415.0,2018
20181213,2018-12-07,0.35/0.15,6.24,26336.75,239.2,0.334,-0.367,0.159,-0.16,400,600,6.050000000000011,-7.5,1815.0000000000034,810.5392205400176,457.40975679999997,145935.0,147750.0,547.0510226599858,108240.0,2018
20181213,2018-12-07,0.25/0.1,6.24,26336.75,123.95,0.239,-0.249,0.097,-0.16,400,300,0.9500000000000028,-7.199999999999974,285.00000000000085,640.6716068982869,363.05690319999997,95265.0,95550.0,-718.728510098286,82815.0,2018
20181213,2018-12-10,0.35/0.15,3.24,26224.65,200.24999999999997,0.36,-0.329,0.162,-0.186,400,400,-15.199999999999989,-15.199999999999989,-4559.999999999996,680.4347564291638,480.9660646,163065.0,158505.0,-5721.40082102916,59925.00000000001,2018
20181213,2018-12-10,0.25/0.1,3.24,26224.65,110.44999999999999,0.253,-0.25,0.093,-0.186,400,200,-9.650000000000006,-14.649999999999977,-2895.000000000002,497.8944232803442,399.7904116,117495.00000000001,114600.0,-3792.684834880346,86865.0,2018
20181213,2018-12-12,0.35/0.15,1.24,26443.6,82.90000000000002,0.325,-0.322,0.153,-0.157,200,200,-11.399999999999977,-11.399999999999977,-3419.999999999993,391.01616111877195,300.19140699999997,63285.0,59865.0,-4111.207568118765,35129.99999999999,2018
20181213,2018-12-12,0.25/0.1,1.24,26443.6,52.000000000000014,0.228,-0.227,0.097,-0.112,200,200,-12.59999999999998,-12.59999999999998,-3779.999999999994,257.212587872747,258.7901398,40845.0,37065.0,-4296.0027276727415,44400.0,2018
20190328,2019-03-20,0.35/0.15,8.24,29701.55,217.70000000000005,0.364,-0.348,0.146,-0.15,500,500,-0.7499999999999432,-6.69999999999996,-224.99999999998295,64.424085957199,429.96712479999997,132255.0,132030.0,-719.3912107571819,84689.99999999999,2019
20190328,2019-03-20,0.25/0.1,8.24,29701.55,118.84999999999997,0.259,-0.251,0.146,-0.104,300,500,6.599999999999966,-2.300000000000054,1979.9999999999898,87.13671654860369,357.44097579999993,91064.99999999999,93045.0,1535.422307651386,114345.00000000001,2019
20190328,2019-03-22,0.35/0.15,6.24,29984.5,132.85000000000002,0.338,-0.333,0.233,-0.138,200,400,-48.04999999999998,-60.59999999999994,-14414.999999999995,198.16770970419486,418.51638219999995,135390.0,120975.0,-15031.68409190419,80145.0,2019
20190328,2019-03-25,0.35/0.15,3.24,29226.2,144.0,0.316,-0.378,0.146,-0.163,300,400,13.300000000000011,-3.3499999999999943,3990.0000000000036,762.1688682248573,352.8908716,87239.99999999999,91229.99999999999,2874.9402601751462,76800.0,2019
20190328,2019-03-25,0.25/0.1,3.24,29226.2,94.15000000000002,0.249,-0.25,0.11,-0.108,300,400,12.500000000000014,-4.949999999999989,3750.000000000004,578.4039495018397,297.97052140000005,57315.0,61065.000000000015,2873.6255290981644,91754.99999999999,2019
20190328,2019-03-26,0.35/0.15,2.24,29431.3,116.20000000000002,0.352,-0.342,0.146,-0.138,300,300,-93.89999999999998,-93.89999999999998,-28169.999999999993,254.11486563791095,396.611368,132510.0,104340.0,-28820.726233637906,55139.99999999999,2019
20190328,2019-03-26,0.25/0.1,2.24,29431.3,78.85,0.267,-0.254,0.111,-0.099,300,300,-94.25,-94.25,-28275.0,222.93721048859686,341.3615044,102314.99999999999,74040.0,-28839.298714888595,66345.0,2019
20190328,2019-03-27,0.35/0.15,1.24,30016.35,122.94999999999999,0.357,-0.356,0.168,-0.141,300,300,27.99999999999997,-33.25,8399.99999999999,1075.146981773643,311.73119319999995,61769.99999999999,70170.0,7013.121825026347,53115.0,2019
20190328,2019-03-27,0.25/0.1,1.24,30016.35,52.550000000000004,0.22,-0.265,0.168,-0.109,100,300,17.749999999999993,-48.699999999999996,5324.999999999998,821.0444610812257,269.3716048,40605.0,45930.0,4234.583934118773,74235.0,2019
20190627,2019-06-19,0.35/0.15,8.24,30637.95,224.55000000000007,0.359,-0.355,0.158,-0.139,400,600,-41.44999999999993,-54.299999999999955,-12434.99999999998,724.2645415692641,456.8945242000001,155100.0,142665.00000000003,-13616.159065769245,112634.99999999999,2019
20190627,2019-06-19,0.25/0.1,8.24,30637.95,126.94999999999999,0.247,-0.231,0.101,-0.099,400,500,-18.30000000000001,-30.649999999999977,-5490.000000000004,515.5504669041165,353.52088000000003,93870.0,88380.0,-6359.07134690412,111915.0,2019
20190627,2019-06-20,0.35/0.15,7.24,30403.4,203.09999999999997,0.349,-0.359,0.163,-0.158,400,500,-10.099999999999994,-11.250000000000057,-3029.999999999998,753.4539547241156,444.80963380000003,142245.0,139215.0,-4228.263588524114,89070.00000000001,2019
20190627,2019-06-20,0.25/0.1,7.24,30403.4,141.85,0.246,-0.264,0.101,-0.095,400,600,-9.150000000000006,-9.150000000000006,-2745.000000000002,560.1141092526382,350.73660040000004,90525.0,87779.99999999999,-3655.85070965264,137445.0,2019
20190627,2019-06-21,0.35/0.15,6.24,30634.45,212.00000000000006,0.357,-0.347,0.149,-0.144,400,500,19.400000000000006,-2.199999999999932,5820.000000000002,1079.5441289398698,400.0692268,111870.0,117690.0,4340.386644260132,86399.99999999999,2019
20190627,2019-06-21,0.25/0.1,6.24,30634.45,135.85000000000002,0.242,-0.251,0.087,-0.095,400,500,21.00000000000003,-3.1499999999999773,6300.000000000008,618.3952643947109,315.7890046,65385.0,71685.0,5365.815731005297,109245.0,2019
20190627,2019-06-24,0.35/0.15,3.24,30690.8,180.39999999999995,0.346,-0.364,0.148,-0.14,300,500,9.399999999999949,-9.200000000000074,2819.9999999999845,527.7968854511162,369.38358759999994,97050.0,99869.99999999997,1922.8195269488683,95880.0,2019
20190627,2019-06-24,0.25/0.1,3.24,30690.8,122.55,0.271,-0.255,0.106,-0.09,300,500,10.049999999999983,-7.450000000000003,3014.999999999995,439.32359805775144,306.17225440000004,62295.0,65310.0,2269.5041475422436,113235.0,2019
20190627,2019-06-25,0.35/0.15,2.24,30556.85,167.1,0.386,-0.364,0.168,-0.134,300,400,-32.85000000000005,-35.950000000000045,-9855.000000000015,251.5871369371562,399.664033,122040.0,112185.0,-10506.251169937172,69870.0,2019
20190627,2019-06-25,0.25/0.1,2.24,30556.85,76.10000000000001,0.229,-0.231,0.118,-0.1,200,300,-21.14999999999999,-24.599999999999994,-6344.999999999997,229.7324144723676,312.01342539999996,71700.0,65355.0,-6886.745839872365,67170.0,2019
20190627,2019-06-26,0.35/0.15,1.24,30985.0,140.10000000000002,0.381,-0.398,0.122,-0.162,300,300,-6.299999999999983,-16.099999999999966,-1889.999999999995,871.1269451446392,319.678045,72945.0,71055.0,-3080.8049901446343,47969.99999999999,2019
20190627,2019-06-26,0.25/0.1,1.24,30985.0,68.64999999999999,0.277,-0.22,0.122,-0.089,200,300,-8.450000000000003,-15.949999999999989,-2535.000000000001,576.4208775618437,269.9358952,46124.99999999999,43589.99999999999,-3381.3567727618447,69405.0,2019
20191010,2019-10-03,0.35/0.15,7.24,28547.4,419.05,0.34,-0.35,0.166,-0.151,900,1000,19.60000000000008,-42.80000000000001,5880.000000000024,2521.295875481287,660.5305942,254504.99999999997,260385.0,2698.1735303187365,174285.0,2019
20191010,2019-10-03,0.25/0.1,7.24,28547.4,235.0,0.248,-0.262,0.166,-0.124,500,700,37.70000000000002,-20.149999999999977,11310.000000000005,2094.2854866241805,532.7320708,180900.0,192210.0,8682.982442575823,139500.0,2019
20191010,2019-10-04,0.35/0.15,6.24,28575.4,389.05,0.357,-0.357,0.155,-0.151,900,800,-46.650000000000034,-107.89999999999992,-13995.000000000011,811.872773102179,645.1568169999998,259260.0,245265.0,-15452.02959010219,153285.0,2019
20191010,2019-10-04,0.25/0.1,6.24,28575.4,218.04999999999998,0.254,-0.239,0.126,-0.103,700,700,-40.99999999999997,-97.85000000000005,-12299.99999999999,578.1575589222884,474.9118888,164880.0,152580.0,-13353.069447722279,144585.0,2019
20191010,2019-10-07,0.35/0.15,3.24,27929.3,275.34999999999997,0.338,-0.346,0.15,-0.161,700,600,44.19999999999999,-8.149999999999977,13259.999999999996,200.31414587594955,479.94194919999995,150690.0,163950.0,12579.743904924047,127395.00000000001,2019
20191010,2019-10-07,0.25/0.1,3.24,27929.3,145.5,0.243,-0.241,0.103,-0.161,700,300,41.84999999999998,-6.099999999999966,12554.999999999995,88.43928874210897,386.39589280000007,99915.0,112470.00000000001,12080.164818457886,166350.0,2019
20191010,2019-10-09,0.35/0.15,1.24,27899.75,179.10000000000005,0.327,-0.326,0.14,-0.161,400,400,-165.59999999999988,-165.59999999999988,-49679.99999999996,945.7560279004307,565.6028200000001,239340.0,189660.0,-51191.358847900396,66269.99999999999,2019
20191010,2019-10-09,0.25/0.1,1.24,27899.75,131.5,0.271,-0.235,0.109,-0.107,400,400,-162.75,-198.94999999999993,-48825.0,708.7300060600578,485.6101288000001,194955.0,146130.0,-50019.34013486006,80550.0,2019
20191205,2019-11-27,0.35/0.15,8.24,31825.7,202.25000000000003,0.332,-0.333,0.199,-0.15,300,600,11.0,-5.849999999999994,3300.0,587.5014691565086,457.20803440000003,144840.0,148140.0,2255.2904964434915,119325.0,2019
20191205,2019-11-27,0.25/0.1,8.24,31825.7,123.4,0.238,-0.26,0.199,-0.093,100,700,15.200000000000017,-8.349999999999994,4560.0000000000055,819.1126510876384,382.27853439999996,102960.00000000001,107520.0,3358.608814512367,172980.0,2019
20191205,2019-11-28,0.35/0.15,7.24,31978.45,169.89999999999995,0.331,-0.337,0.225,-0.147,200,500,16.849999999999994,-3.5000000000000853,5054.999999999998,106.80172457139433,444.216439,136560.0,141615.0,4503.981836428604,99030.0,2019
20191205,2019-11-28,0.25/0.1,7.24,31978.45,100.19999999999999,0.275,-0.248,0.225,-0.103,100,500,13.099999999999994,-2.350000000000037,3929.999999999998,148.5649941302146,387.59517280000006,106289.99999999999,110220.0,3393.8398330697837,119940.0,2019
20191205,2019-11-29,0.35/0.15,6.24,32015.1,175.34999999999997,0.33,-0.364,0.216,-0.156,200,500,7.999999999999943,-29.450000000000045,2399.9999999999827,638.4198736868194,415.7556508,122730.0,125129.99999999999,1345.8244755131634,97395.00000000001,2019
20191205,2019-11-29,0.25/0.1,6.24,32015.1,106.20000000000002,0.27,-0.268,0.216,-0.106,100,500,6.250000000000014,-27.150000000000006,1875.0000000000043,451.25900026968765,353.31592,88875.0,90750.0,1070.4250797303166,118139.99999999999,2019
20191205,2019-12-02,0.35/0.15,3.24,32001.85,172.50000000000003,0.371,-0.357,0.195,-0.159,300,400,-0.700000000000017,-27.549999999999983,-210.00000000000512,1032.6636511816127,391.0187008,110910.0,110700.00000000001,-1633.6823519816178,68249.99999999999,2019
20191205,2019-12-02,0.25/0.1,3.24,32001.85,78.95000000000002,0.246,-0.244,0.195,-0.1,100,400,-7.049999999999983,-36.749999999999986,-2114.999999999995,665.3729818616845,314.28503620000004,70140.0,68025.0,-3094.6580180616793,96314.99999999999,2019
20191205,2019-12-03,0.35/0.15,2.24,31779.5,136.75,0.336,-0.34,0.153,-0.153,300,300,0.6999999999999886,-17.19999999999999,209.9999999999966,607.458455589624,346.864693,86445.0,86655.0,-744.3231485896274,48975.0,2019
20191205,2019-12-03,0.25/0.1,2.24,31779.5,102.10000000000002,0.265,-0.268,0.114,-0.112,300,300,2.0500000000000256,-15.999999999999986,615.0000000000077,572.8280013121199,301.5424282,61350.0,61965.0,-259.3704295121122,59369.99999999999,2019
20191205,2019-12-04,0.35/0.15,1.24,31639.85,125.55000000000001,0.367,-0.34,0.169,-0.126,300,300,-43.94999999999999,-43.94999999999999,-13184.999999999996,257.58700168180974,348.5891194,96270.0,83085.00000000001,-13791.176121081806,52335.0,2019
20191205,2019-12-04,0.25/0.1,1.24,31639.85,70.69999999999999,0.223,-0.249,0.105,-0.091,300,300,-25.55000000000001,-25.55000000000001,-7665.000000000004,226.28194582269867,275.2008034,52410.00000000001,44745.0,-8166.482749222702,68790.0,2019
20200116,2020-01-08,0.25/0.1,8.24,31298.85,199.39999999999998,0.24,-0.25,0.095,-0.104,600,700,29.75,-32.25,8925.0,2398.947552334288,415.4650911999999,118245.0,127170.0,6110.587356465712,150180.0,2020
20200116,2020-01-09,0.35/0.15,7.24,31830.1,228.1,0.325,-0.366,0.159,-0.144,400,700,0.04999999999998295,-3.8999999999999773,14.999999999994884,595.4139323273671,468.89556940000006,153420.0,153435.0,-1049.3095017273722,141570.0,2020
20200116,2020-01-09,0.25/0.1,7.24,31830.1,140.25000000000003,0.232,-0.249,0.106,-0.099,400,700,-9.599999999999966,-14.299999999999983,-2879.99999999999,491.14072694404473,367.98905500000006,100064.99999999999,97185.00000000001,-3739.1297819440347,167925.0,2020
20200116,2020-01-10,0.35/0.15,6.24,32124.85,265.2,0.372,-0.366,0.15,-0.145,500,600,26.650000000000006,0.0,7995.000000000002,285.37986178362337,451.7452552,138735.0,146730.0,7257.874883016379,100440.0,2020
20200116,2020-01-10,0.25/0.1,6.24,32124.85,156.35000000000002,0.271,-0.239,0.095,-0.104,500,500,22.900000000000034,-2.3999999999999773,6870.00000000001,215.207587083038,349.91399559999996,83700.0,90570.0,6304.878417316972,103095.0,2020
20200116,2020-01-13,0.35/0.15,3.24,32233.3,201.85,0.351,-0.347,0.146,-0.147,400,500,14.049999999999983,-6.899999999999977,4214.9999999999945,514.4663075925235,398.23626099999996,111930.0,116145.0,3302.297431407471,89445.0,2020
20200116,2020-01-13,0.25/0.1,3.24,32233.3,118.8,0.238,-0.25,0.11,-0.102,300,500,9.999999999999986,-7.700000000000031,2999.999999999996,394.23938997346323,320.0101006,69885.0,72885.0,2285.7505094265325,114360.0,2020
20200116,2020-01-14,0.35/0.15,2.24,32070.2,184.95000000000005,0.352,-0.363,0.136,-0.146,400,400,20.10000000000008,-0.8999999999999773,6030.000000000024,490.21982840809784,363.4379458,91665.0,97695.00000000001,5176.342225791926,64514.999999999985,2020
20200116,2020-01-14,0.25/0.1,2.24,32070.2,93.05000000000001,0.23,-0.238,0.101,-0.111,300,300,12.950000000000017,-0.2499999999999858,3885.000000000005,383.6575493299136,290.9594584,53385.0,57270.0,3210.382992270091,62085.0,2020
20200116,2020-01-15,0.35/0.15,1.24,31777.2,100.95,0.311,-0.311,0.129,-0.157,300,200,23.35000000000001,-0.9499999999999744,7005.000000000003,456.56162938206796,292.8460774,52350.0,59355.0,6255.592293217935,59715.0,2020
20200116,2020-01-15,0.25/0.1,1.24,31777.2,70.10000000000001,0.237,-0.226,0.093,-0.107,300,200,21.05000000000001,-1.3999999999999915,6315.000000000004,368.3535081792124,258.27463539999997,33870.0,40185.0,5688.371856420791,68970.0,2020
20200213,2020-02-07,0.35/0.15,6.24,31228.1,225.75,0.356,-0.365,0.164,-0.164,400,500,22.94999999999999,-3.0000000000000284,6884.999999999996,330.5741953672855,431.069164,128145.0,135030.0,6123.35664063271,82275.0,2020
20200213,2020-02-07,0.25/0.1,6.24,31228.1,135.35,0.249,-0.233,0.102,-0.092,400,500,17.60000000000001,-1.7499999999999716,5280.000000000003,231.23861449118223,322.71477219999997,69855.0,75135.0,4726.04661330882,109395.0,2020
20200213,2020-02-10,0.35/0.15,3.24,31099.75,192.90000000000003,0.367,-0.36,0.141,-0.162,400,400,15.550000000000011,-0.0999999999999659,4665.000000000004,607.7293244408145,384.40460200000007,104055.0,108720.00000000001,3672.866073559189,62129.99999999999,2020
20200213,2020-02-10,0.25/0.1,3.24,31099.75,108.85000000000001,0.239,-0.248,0.105,-0.1,300,400,12.400000000000006,-1.8500000000000085,3720.000000000002,396.4382408233207,302.86322499999994,60015.0,63735.00000000001,3020.6985341766813,87345.0,2020
20200213,2020-02-11,0.35/0.15,2.24,31449.05,163.05,0.375,-0.366,0.156,-0.133,300,400,8.150000000000034,-3.299999999999983,2445.00000000001,327.6602559593715,342.17615079999996,82395.0,84840.0,1775.1635932406384,71085.0,2020
20200213,2020-02-11,0.25/0.1,2.24,31449.05,69.45000000000002,0.216,-0.227,0.109,-0.1,200,300,3.7500000000000284,-4.8999999999999915,1125.0000000000086,321.7654413051375,270.6413776,44085.0,45210.00000000001,532.5931810948712,69165.0,2020
20200213,2020-02-12,0.35/0.15,1.24,31497.2,104.94999999999999,0.383,-0.37,0.178,-0.175,200,200,13.249999999999972,-0.9499999999999886,3974.9999999999914,699.0996490463122,300.3787396,58485.00000000001,62460.0,2975.521611353679,28515.000000000004,2020
20200213,2020-02-12,0.25/0.1,1.24,31497.2,66.70000000000002,0.27,-0.261,0.111,-0.115,200,200,12.050000000000033,-0.4999999999999858,3615.00000000001,477.39105208704666,255.0890296,33915.0,37530.0,2882.5199183129635,39989.99999999999,2020
20200326,2020-03-20,0.35/0.15,6.24,19323.25,821.0999999999999,0.349,-0.352,0.148,-0.219,2300,1300,-66.00000000000034,-309.35000000000014,-19800.000000000102,750.9844946384563,1294.4290894,618765.0,598964.9999999999,-21845.413584038557,443670.0,2020
20200326,2020-03-20,0.25/0.1,6.24,19323.25,292.95000000000005,0.246,-0.256,0.148,-0.219,1300,400,-32.549999999999955,-183.54999999999984,-9764.999999999985,284.2090010209985,999.0039004,450285.0,440520.0,-11048.212901420982,302115.0,2020
20200326,2020-03-23,0.35/0.15,3.24,18075.3,341.85,0.345,-0.349,0.152,-0.337,1900,100,85.19999999999993,-51.499999999999886,25559.999999999978,4663.777315311059,1616.5893742,765165.0,790725.0,19279.633310488916,467445.0,2020
20200326,2020-03-25,0.35/0.15,1.24,16782.25,358.6,0.352,-0.345,0.155,-0.318,1200,200,-332.0,-434.35000000000014,-99600.0,3275.1920709747324,1076.9510344000003,552540.0,452940.0,-103952.14310537474,252420.0,2020
20200521,2020-05-14,0.35/0.15,7.24,19349.3,342.75,0.352,-0.339,0.245,-0.171,500,800,-19.049999999999898,-32.69999999999993,-5714.999999999969,876.1861922678786,759.2348554,316260.0,310544.99999999994,-7350.421047667847,137175.0,2020
20200521,2020-05-15,0.35/0.15,6.24,18903.0,418.54999999999995,0.338,-0.361,0.144,-0.146,900,900,-2.6000000000000227,-25.15000000000009,-780.0000000000068,333.9377432203403,649.5127222000001,252885.0,252105.0,-1763.4504654203472,144435.0,2020
20200521,2020-05-15,0.25/0.1,6.24,18903.0,272.9,0.261,-0.253,0.105,-0.1,900,800,-4.5499999999999545,-19.55000000000001,-1364.9999999999864,338.8399934776087,494.9921506,168630.0,167265.00000000003,-2198.832144077595,188130.0,2020
20200521,2020-05-18,0.35/0.15,3.24,17905.3,400.69999999999993,0.354,-0.358,0.155,-0.14,900,900,-52.4500000000001,-52.4500000000001,-15735.000000000031,643.7427880577877,633.1929058,253860.0,238125.0,-17011.935693857817,149790.00000000003,2020
20200521,2020-05-18,0.25/0.1,3.24,17905.3,211.74999999999997,0.249,-0.247,0.102,-0.14,900,500,-18.150000000000063,-20.700000000000017,-5445.000000000019,395.8994587210299,487.9730698,167490.0,162045.0,-6328.872528521049,206475.0,2020
20200521,2020-05-19,0.35/0.15,2.24,17821.35,326.15000000000003,0.342,-0.338,0.143,-0.145,800,700,17.650000000000034,-16.449999999999932,5295.00000000001,152.29535261318904,528.9573118000001,182820.00000000003,188115.00000000003,4613.7473355868215,142155.0,2020
20200521,2020-05-19,0.25/0.1,2.24,17821.35,199.44999999999993,0.252,-0.244,0.1,-0.127,800,500,30.249999999999886,-3.4000000000001194,9074.999999999965,161.7173048354489,420.3018112,120795.0,129869.99999999997,8492.980883964516,180165.00000000003,2020
20200521,2020-05-20,0.35/0.15,1.24,17609.65,221.1,0.342,-0.373,0.157,-0.155,400,500,38.900000000000006,-9.099999999999994,11670.000000000002,395.436920465478,408.02563360000005,112350.0,124020.00000000001,10866.537445934524,83670.0,2020
20200521,2020-05-20,0.25/0.1,1.24,17609.65,141.5,0.24,-0.271,0.101,-0.104,400,500,34.900000000000006,-14.199999999999989,10470.000000000002,303.0066072554289,322.20504220000004,66135.0,76605.0,9844.788350544573,107550.0,2020
20200702,2020-06-26,0.35/0.15,6.24,21614.75,500.29999999999995,0.356,-0.355,0.144,-0.147,1000,1100,73.74999999999994,-19.350000000000023,22124.99999999998,681.6116715082981,669.5394502,248670.0,270795.0,20773.848878291683,179910.0,2020
20200702,2020-06-26,0.25/0.1,6.24,21614.75,282.35,0.258,-0.248,0.095,-0.133,1000,700,55.64999999999998,-7.899999999999977,16694.999999999993,395.5060820789539,502.0901548,160545.0,177240.0,15797.40376312104,215295.0,2020
20200702,2020-06-29,0.35/0.15,3.24,21135.8,391.65,0.356,-0.356,0.151,-0.162,800,800,47.849999999999966,-2.4500000000000455,14354.999999999989,544.6252155792657,588.8292010000001,209610.0,223965.0,13221.545583420722,122505.0,2020
20200702,2020-06-29,0.25/0.1,3.24,21135.8,186.6,0.239,-0.249,0.102,-0.162,700,400,26.200000000000017,-2.5999999999999943,7860.0000000000055,464.5786788176654,446.7350056,136080.0,143940.0,6948.686315582339,154020.0,2020
20200702,2020-06-30,0.35/0.15,2.24,21576.65,299.84999999999997,0.338,-0.347,0.154,-0.145,600,700,-13.750000000000057,-31.000000000000114,-4125.000000000017,861.2962670928887,524.1011068,186405.0,182280.0,-5510.397373892906,120045.00000000001,2020
20200702,2020-06-30,0.25/0.1,2.24,21576.65,215.75000000000003,0.266,-0.248,0.097,-0.093,700,700,-1.349999999999966,-19.799999999999955,-404.99999999998977,670.0508836100057,404.5017796,118425.0,118020.00000000001,-1479.5526632099954,145275.0,2020
20200702,2020-07-01,0.35/0.15,1.24,21474.2,240.79999999999998,0.343,-0.356,0.144,-0.162,500,500,-35.349999999999994,-35.349999999999994,-10604.999999999998,711.0014584701994,462.72394540000005,157080.0,146475.0,-11778.725403870198,77760.00000000001,2020
20200702,2020-07-01,0.25/0.1,1.24,21474.2,175.59999999999997,0.252,-0.268,0.097,-0.092,500,600,-22.50000000000003,-22.50000000000003,-6750.000000000008,523.1552364959794,363.60648879999997,100230.0,93479.99999999999,-7636.761725295988,127320.00000000001,2020
20200910,2020-09-02,0.35/0.15,8.24,23712.95,421.80000000000007,0.344,-0.35,0.212,-0.136,600,1200,76.40000000000003,-25.14999999999992,22920.00000000001,863.2069241215984,692.4083428000001,260670.0,283590.0,21364.384733078412,233459.99999999997,2020
20200910,2020-09-02,0.25/0.1,8.24,23712.95,215.85,0.252,-0.284,0.212,-0.136,200,900,56.150000000000006,-29.999999999999943,16845.0,1566.2623210278307,583.3539442,204959.99999999997,221805.0,14695.38373477217,205245.0,2020
20200910,2020-09-03,0.35/0.15,7.24,23828.3,372.9,0.339,-0.346,0.149,-0.142,800,900,16.600000000000023,-6.300000000000068,4980.000000000007,408.1377013302907,592.0507948,217590.0,222570.0,3979.8115038697165,158130.0,2020
20200910,2020-09-03,0.25/0.1,7.24,23828.3,206.25,0.257,-0.239,0.149,-0.103,500,800,9.600000000000023,-10.649999999999977,2880.000000000007,482.5623056043339,464.8873534,149325.0,152205.0,1932.5503409956732,178125.0,2020
20200910,2020-09-04,0.35/0.15,6.24,23124.95,319.2,0.34,-0.342,0.145,-0.156,700,800,-1.2500000000000568,-14.800000000000011,-375.00000000001705,965.7268135800477,556.5981082000001,201720.0,201345.00000000003,-1897.3249217800649,144240.0,2020
20200910,2020-09-04,0.25/0.1,6.24,23124.95,225.3,0.243,-0.259,0.098,-0.102,700,900,-2.349999999999966,-9.200000000000017,-704.9999999999898,809.194396056892,429.8517082,132510.0,131805.0,-1944.0461042568818,202410.0,2020
20200910,2020-09-07,0.35/0.15,3.24,22887.45,244.75,0.331,-0.331,0.161,-0.155,500,600,27.150000000000006,-12.550000000000011,8145.000000000002,478.3262787200407,468.5211375999999,147825.0,155970.0,7198.152583679961,106575.0,2020
20200910,2020-09-07,0.25/0.1,3.24,22887.45,198.3,0.254,-0.262,0.099,-0.1,600,700,33.80000000000001,-14.900000000000034,10140.000000000004,316.2947876104383,377.91423639999994,96870.0,107010.0,9445.790975989565,150510.0,2020
20200910,2020-09-08,0.35/0.15,2.24,22905.5,224.9,0.353,-0.336,0.152,-0.151,500,500,25.75000000000003,-2.0999999999999943,7725.000000000008,838.7422446168841,419.92756959999997,121485.0,129210.00000000001,6466.330185783125,82530.0,2020
20200910,2020-09-08,0.25/0.1,2.24,22905.5,152.8,0.26,-0.251,0.105,-0.105,500,500,27.149999999999977,0.0,8144.999999999993,642.1669414685714,339.32625640000003,77055.0,85200.0,7163.506802131422,104160.0,2020
20200910,2020-09-09,0.35/0.15,1.24,22443.15,168.74999999999997,0.329,-0.376,0.134,-0.14,400,400,-5.950000000000017,-51.69999999999999,-1785.000000000005,628.1542925910115,363.043513,96629.99999999999,94845.00000000001,-2776.1978055910167,69375.00000000001,2020
20200910,2020-09-09,0.25/0.1,1.24,22443.15,101.4,0.266,-0.238,0.107,-0.106,400,300,10.900000000000006,-31.44999999999999,3270.000000000002,495.0449182228877,302.044765,59865.0,63135.0,2472.910316777114,89580.0,2020
20201022,2020-10-15,0.35/0.15,7.24,23866.8,356.35,0.365,-0.349,0.149,-0.143,800,800,-38.19999999999993,-58.64999999999992,-11459.99999999998,182.58601492946127,614.1051603999999,240570.0,229110.0,-12256.691175329443,133095.0,2020
20201022,2020-10-15,0.25/0.1,7.24,23866.8,218.39999999999998,0.241,-0.257,0.103,-0.096,700,800,-59.450000000000045,-76.14999999999998,-17835.000000000015,160.9688665252584,466.04970039999995,163695.0,145859.99999999997,-18462.01856692527,174480.0,2020
20201022,2020-10-16,0.35/0.15,6.24,23322.15,309.20000000000005,0.344,-0.335,0.148,-0.158,700,700,-0.39999999999997726,-20.499999999999886,-119.99999999999318,995.1277167091488,545.6247688000001,195540.0,195420.0,-1660.7524855091422,117239.99999999999,2020
20201022,2020-10-16,0.25/0.1,6.24,23322.15,202.9,0.246,-0.247,0.098,-0.113,700,700,0.8499999999999943,-19.150000000000006,254.9999999999983,557.7520135257419,419.18394820000003,126029.99999999999,126285.0,-721.9359617257436,149130.0,2020
20201022,2020-10-19,0.35/0.15,3.24,23978.4,285.35,0.332,-0.368,0.142,-0.151,600,700,-9.299999999999955,-16.149999999999977,-2789.9999999999864,572.6320309196057,499.6752172,172140.0,169350.0,-3862.3072481195923,124395.0,2020
20201022,2020-10-19,0.25/0.1,3.24,23978.4,191.9,0.257,-0.258,0.103,-0.099,600,700,-15.249999999999972,-19.5,-4574.999999999992,417.7782899115293,393.978232,115424.99999999999,110850.0,-5386.756521911521,152430.0,2020
20201022,2020-10-20,0.35/0.15,2.24,24212.65,251.24999999999997,0.337,-0.345,0.155,-0.145,500,600,32.599999999999994,0.0,9779.999999999998,452.5411851081515,452.67335199999997,138060.0,147840.0,8874.785462891847,104625.0,2020
20201022,2020-10-20,0.25/0.1,2.24,24212.65,179.45,0.255,-0.265,0.107,-0.105,500,600,32.25,-0.44999999999998863,9675.0,398.9098617584076,368.3970844,91965.0,101639.99999999999,8907.693053841593,126165.0,2020
20201022,2020-10-21,0.35/0.15,1.24,24724.9,194.8,0.338,-0.355,0.14,-0.149,400,500,17.19999999999999,-104.0,5159.999999999996,358.9186448095751,390.5625208000001,107100.0,112260.00000000001,4410.518834390421,91560.0,2020
20201022,2020-10-21,0.25/0.1,1.24,24724.9,111.39999999999999,0.226,-0.254,0.108,-0.105,300,500,9.399999999999977,-115.90000000000002,2819.999999999993,262.18632032742715,316.5883924,68130.0,70950.0,2241.225287272566,116580.0,2020
20201217,2020-12-09,0.35/0.15,8.24,30415.75,414.34999999999997,0.362,-0.354,0.152,-0.143,800,900,1.3999999999999773,-11.950000000000045,419.9999999999932,744.3726605026018,622.130338,237090.0,237509.99999999997,-946.5029985026086,145695.0,2020
20201217,2020-12-09,0.25/0.1,8.24,30415.75,243.00000000000003,0.244,-0.247,0.102,-0.098,700,800,-7.050000000000011,-9.649999999999949,-2115.0000000000036,521.829657505442,455.3369296,147405.0,145290.0,-3092.1665871054456,167100.0,2020
20201217,2020-12-10,0.35/0.15,7.24,30430.35,371.7,0.353,-0.366,0.151,-0.153,700,800,18.099999999999966,-14.39999999999992,5429.99999999999,443.2432840462509,576.1927641999999,208605.0,214035.0,4410.563951753739,128490.0,2020
20201217,2020-12-10,0.25/0.1,7.24,30430.35,225.64999999999998,0.255,-0.246,0.095,-0.104,700,700,8.5,-10.500000000000028,2550.0,348.30681741514894,423.412861,126825.0,129375.0,1778.280321584851,142305.0,2020
20201217,2020-12-11,0.35/0.15,6.24,30764.7,332.69999999999993,0.35,-0.35,0.141,-0.152,700,700,5.7999999999999545,-21.350000000000023,1739.9999999999864,269.9377616875257,542.4539764,192570.00000000003,194309.99999999997,927.6082619124605,110190.00000000001,2020
20201217,2020-12-11,0.25/0.1,6.24,30764.7,211.04999999999998,0.247,-0.254,0.102,-0.099,600,700,-0.75,-28.599999999999994,-225.0,191.44051669082282,412.11314799999997,122475.0,122250.0,-828.5536646908229,146685.0,2020
20201217,2020-12-14,0.35/0.15,3.24,30816.15,281.0,0.345,-0.349,0.139,-0.15,600,600,19.94999999999999,-5.099999999999966,5984.999999999996,445.0655309821093,468.83695659999995,149430.0,155415.0,5071.097512417887,95700.0,2020
20201217,2020-12-14,0.25/0.1,3.24,30816.15,177.74999999999997,0.265,-0.237,0.098,-0.108,600,500,22.69999999999996,-3.700000000000017,6809.999999999988,308.0388866594954,367.20245439999997,93210.0,100020.0,6134.758658940493,126675.0,2020
20201217,2020-12-15,0.35/0.15,2.24,30559.65,235.3,0.336,-0.357,0.14,-0.156,500,500,32.29999999999998,-13.450000000000045,9689.999999999995,465.066563362773,415.8432874,117945.0,127635.0,8809.090149237221,79410.0,2020
20201217,2020-12-15,0.25/0.1,2.24,30559.65,161.10000000000002,0.245,-0.266,0.091,-0.106,500,500,34.70000000000003,-14.599999999999994,10410.00000000001,274.29864516666487,332.53811740000003,71835.0,82245.0,9803.163237433344,101670.0,2020
20201217,2020-12-16,0.35/0.15,1.24,30875.3,191.79999999999998,0.35,-0.374,0.133,-0.166,400,400,33.24999999999997,-25.35000000000005,9974.99999999999,442.3167085848389,365.1181762,89970.0,99945.0,9167.565115215153,62460.00000000001,2020
20201217,2020-12-16,0.25/0.1,1.24,30875.3,106.64999999999999,0.225,-0.256,0.098,-0.103,300,400,30.450000000000003,-29.250000000000014,9135.0,275.90758024312856,287.9209222,48240.0,57374.99999999999,8571.17149755687,88005.0,2020
20210128,2021-01-20,0.35/0.15,8.24,32461.95,368.15,0.335,-0.362,0.145,-0.15,700,900,35.09999999999991,-7.650000000000034,10529.999999999973,322.0012241253579,564.7028992,198930.0,209460.0,9643.295876674616,159555.0,2021
20210128,2021-01-20,0.25/0.1,8.24,32461.95,235.3,0.242,-0.251,0.093,-0.097,700,900,30.100000000000023,-9.5,9030.000000000007,134.71668262031295,420.08304820000006,120704.99999999999,129735.00000000001,8475.200269179693,199410.0,2021
20210128,2021-01-21,0.35/0.15,7.24,32689.45,294.70000000000005,0.347,-0.355,0.141,-0.145,600,700,-23.549999999999955,-23.899999999999977,-7064.999999999986,60.0,532.0165282,192690.0,185625.0,-7657.016528199986,121589.99999999999,2021
20210128,2021-01-21,0.25/0.1,7.24,32689.45,195.35,0.267,-0.248,0.098,-0.098,600,700,-18.599999999999994,-18.99999999999997,-5579.999999999998,60.0,417.35219379999995,128895.0,123314.99999999999,-6057.3521937999985,151395.0,2021
20210128,2021-01-22,0.35/0.15,6.24,31935.3,314.7,0.342,-0.354,0.155,-0.145,600,800,-133.45000000000005,-142.65000000000003,-40035.000000000015,1128.060047060859,646.4190556000001,277215.0,237179.99999999997,-41809.47910266088,145590.0,2021
20210128,2021-01-22,0.25/0.1,6.24,31935.3,205.20000000000002,0.238,-0.259,0.097,-0.1,600,800,-126.44999999999996,-150.44999999999996,-37934.999999999985,749.2770986705905,496.84585660000005,193890.0,155955.0,-39181.12295527057,178440.0,2021
20210128,2021-01-25,0.35/0.15,3.24,31158.0,302.34999999999997,0.331,-0.354,0.145,-0.146,600,800,78.84999999999994,-2.8000000000000114,23654.99999999998,625.3274592983289,471.6292756,139245.0,162900.0,22558.043265101653,149295.0,2021
20210128,2021-01-25,0.25/0.1,3.24,31158.0,212.1,0.259,-0.259,0.105,-0.1,600,800,75.0,-10.449999999999989,22500.0,522.2554761647718,378.6339292,89070.0,111570.0,21599.110594635225,176370.0,2021
20210128,2021-01-27,0.35/0.15,1.24,30866.5,216.74999999999997,0.333,-0.35,0.142,-0.153,500,500,-73.85000000000005,-103.69999999999996,-22155.000000000015,1409.3326382822056,467.6671407999999,167445.0,145290.0,-24031.99977908222,84975.0,2021
20210128,2021-01-27,0.25/0.1,1.24,30866.5,142.10000000000002,0.241,-0.259,0.099,-0.108,500,500,-63.55000000000001,-91.25,-19065.000000000004,1082.158408142132,372.96358299999997,113520.00000000001,94455.0,-20520.121991142136,107370.0,2021
20210225,2021-02-17,0.35/0.15,8.24,36891.85,453.5,0.339,-0.354,0.16,-0.15,900,1100,45.450000000000045,-8.599999999999909,13635.000000000015,770.9005965906431,689.659747,265320.0,278955.0,12174.439656409371,193950.0,2021
20210225,2021-02-17,0.25/0.1,8.24,36891.85,252.64999999999998,0.249,-0.248,0.16,-0.097,500,1100,40.75,-4.000000000000057,12225.0,789.5789861274606,531.511888,179625.0,191850.0,10903.909125872538,254205.0,2021
20210225,2021-02-18,0.35/0.15,7.24,36835.85,411.30000000000007,0.352,-0.354,0.154,-0.149,900,1000,-13.949999999999932,-69.94999999999999,-4184.99999999998,292.06738722042303,650.2385806,255540.0,251355.0,-5127.305967820404,176609.99999999997,2021
20210225,2021-02-18,0.25/0.1,7.24,36835.85,256.04999999999995,0.253,-0.255,0.126,-0.101,700,1000,-3.7000000000000455,-56.39999999999998,-1110.0000000000136,284.6838339111624,493.4113173999999,167595.0,166484.99999999997,-1888.0951513111759,223185.0,2021
20210225,2021-02-19,0.35/0.15,6.24,36400.2,395.9,0.358,-0.339,0.146,-0.152,900,900,-73.95000000000005,-79.4500000000001,-22185.000000000015,1292.2639478328463,693.9820168000001,291435.0,269250.0,-24171.24596463286,151230.0,2021
20210225,2021-02-19,0.25/0.1,6.24,36400.2,238.15,0.247,-0.242,0.105,-0.104,800,900,-75.64999999999995,-85.44999999999996,-22694.999999999985,1014.2734379079554,513.4010691999999,192855.0,170160.0,-24222.674507107942,198555.0,2021
20210225,2021-02-22,0.35/0.15,3.24,35993.1,362.70000000000005,0.339,-0.361,0.157,-0.149,700,900,-55.14999999999992,-138.95,-16544.999999999975,1658.0837670790147,622.080721,248310.0,231765.0,-18825.164488078986,161190.0,2021
20210225,2021-02-22,0.25/0.1,3.24,35993.1,242.15,0.25,-0.251,0.095,-0.097,800,900,-32.349999999999994,-114.79999999999993,-9704.999999999998,1096.9774447681593,460.55457279999996,155295.0,145590.0,-11262.532017568157,197355.0,2021
20210225,2021-02-23,0.35/0.15,2.24,35188.3,321.45,0.355,-0.347,0.15,-0.156,700,700,68.84999999999994,-22.5,20654.99999999998,766.2703415888652,495.87473679999994,154515.00000000003,175170.0,19392.854921611117,113565.0,2021
20210225,2021-02-23,0.25/0.1,2.24,35188.3,218.2,0.254,-0.253,0.099,-0.095,700,800,75.45000000000002,-15.350000000000023,22635.000000000004,501.10785587363944,378.98900080000004,89175.0,111810.0,21754.903143326363,174540.0,2021
20210401,2021-03-24,0.35/0.15,8.24,33888.8,560.95,0.361,-0.345,0.151,-0.136,1200,1300,-38.5,-64.24999999999989,-11550.0,924.3166053602979,830.1881782,358995.0,347445.0,-13304.504783560298,221715.0,2021
20210401,2021-03-24,0.25/0.1,8.24,33888.8,329.6999999999999,0.241,-0.267,0.136,-0.092,700,1400,-82.00000000000011,-97.30000000000001,-24600.000000000033,843.8598087624554,627.0368014000001,256365.0,231765.0,-26070.89661016249,321090.00000000006,2021
20210401,2021-03-25,0.35/0.15,7.24,32961.65,556.8,0.352,-0.356,0.153,-0.146,1100,1300,60.5499999999999,-18.350000000000023,18164.99999999997,432.1176696234881,753.2498902,297150.00000000006,315315.0,16979.632440176483,222960.0,2021
20210401,2021-03-25,0.25/0.1,7.24,32961.65,294.25,0.248,-0.244,0.101,-0.137,1100,800,37.75,-11.75,11325.0,345.5431386676269,552.8496406,191910.0,203235.0,10426.607220732374,241725.0,2021
20210401,2021-03-26,0.35/0.15,6.24,33288.6,479.1499999999999,0.346,-0.34,0.153,-0.144,1000,1200,53.24999999999994,-7.550000000000011,15974.999999999984,1546.4209159526258,675.1033432,255795.0,271770.0,13753.475740847358,216255.00000000003,2021
20210401,2021-03-26,0.25/0.1,6.24,33288.6,325.24999999999994,0.259,-0.243,0.103,-0.099,1000,1200,56.69999999999993,-2.2000000000001023,17009.999999999978,871.3395588977426,500.7736222,159615.0,176625.0,15637.886818902236,262425.0,2021
20210401,2021-03-30,0.35/0.15,2.24,33715.05,358.20000000000005,0.348,-0.35,0.149,-0.155,700,800,52.400000000000034,-3.099999999999909,15720.000000000011,1641.7733887341456,539.739793,181815.0,197535.0,13538.486818265865,132540.0,2021
20210401,2021-03-30,0.25/0.1,2.24,33715.05,233.25,0.253,-0.238,0.093,-0.096,700,800,54.849999999999994,-1.5500000000000114,16455.0,1044.7246821174867,397.633234,103485.0,119940.0,15012.642083882512,170025.0,2021
20210401,2021-03-31,0.35/0.15,1.24,33498.1,287.70000000000005,0.37,-0.352,0.142,-0.147,600,600,41.650000000000006,-5.2999999999999545,12495.000000000002,748.6945046811268,455.2472938,137670.0,150165.0,11291.058201518876,93689.99999999999,2021
20210401,2021-03-31,0.25/0.1,1.24,33498.1,154.5,0.241,-0.234,0.094,-0.103,500,500,35.89999999999996,-8.600000000000023,10769.999999999989,749.9138801685887,340.53163659999996,75975.0,86745.0,9679.554483231399,103650.0,2021
20210610,2021-06-04,0.35/0.15,6.24,35689.25,381.59999999999997,0.352,-0.355,0.148,-0.148,800,900,19.599999999999966,-1.650000000000034,5879.99999999999,631.6655965692645,569.398639,204585.0,210465.0,4678.935764430726,155520.00000000003,2021
20210610,2021-06-04,0.25/0.1,6.24,35689.25,250.5,0.263,-0.247,0.102,-0.097,800,900,37.349999999999966,0.0,11204.999999999989,447.48064640462053,424.46794479999994,121665.0,132870.0,10333.051408795369,194850.0,2021
20210610,2021-06-07,0.35/0.15,3.24,35354.25,274.95,0.362,-0.356,0.156,-0.137,600,600,13.5,-1.3500000000000227,4050.0,455.3421190226965,464.85206079999995,148530.0,152580.0,3129.8058201773038,97515.0,2021
20210610,2021-06-07,0.25/0.1,3.24,35354.25,176.45,0.245,-0.267,0.095,-0.097,600,600,18.74999999999997,-1.4000000000000057,5624.999999999992,250.8031742941196,357.47110239999995,88664.99999999999,94290.0,5016.725723305873,127065.0,2021
20210610,2021-06-08,0.35/0.15,2.24,35119.95,230.20000000000002,0.365,-0.357,0.161,-0.14,500,500,47.75,-2.94999999999996,14325.0,945.8880210555283,406.0086976,109485.00000000001,123810.0,12973.10328134447,80939.99999999999,2021
20210610,2021-06-08,0.25/0.1,2.24,35119.95,134.8,0.23,-0.253,0.093,-0.095,500,500,42.60000000000001,-5.149999999999977,12780.000000000002,507.20841180027344,312.54134199999993,59310.00000000001,72090.0,11960.250246199728,109560.0,2021
20210610,2021-06-09,0.35/0.15,1.24,35280.3,142.85,0.348,-0.338,0.147,-0.157,400,300,-72.85,-83.5,-21855.0,627.9009563818937,436.7036152,150285.0,128430.0,-22919.604571581895,77145.0,2021
20210610,2021-06-09,0.25/0.1,1.24,35280.3,97.94999999999997,0.23,-0.267,0.096,-0.096,400,400,-119.25000000000004,-142.75,-35775.000000000015,558.1817110178446,356.02581219999996,115320.0,79545.0,-36689.20752321786,90615.0,2021
20210722,2021-07-16,0.35/0.15,6.24,35884.4,210.04999999999995,0.351,-0.33,0.149,-0.15,500,500,15.799999999999955,-5.650000000000006,4739.999999999986,567.6210921971372,416.7804016,121739.99999999999,126479.99999999999,3755.5985062028494,86985.00000000001,2021
20210722,2021-07-16,0.25/0.1,6.24,35884.4,143.90000000000003,0.255,-0.244,0.103,-0.095,500,600,12.05000000000004,-9.749999999999972,3615.000000000012,408.23122774759713,335.349775,77880.0,81495.0,2871.4189972524146,136830.0,2021
20210722,2021-07-19,0.35/0.15,3.24,35307.65,164.75,0.33,-0.341,0.145,-0.153,400,400,-23.200000000000017,-50.94999999999999,-6960.0000000000055,564.1553231061218,402.45582519999994,121650.0,114689.99999999999,-7926.611148306127,70575.0,2021
20210722,2021-07-19,0.25/0.1,3.24,35307.65,120.2,0.274,-0.232,0.097,-0.102,500,400,-9.049999999999997,-41.84999999999998,-2714.999999999999,404.6851777178149,331.98789640000007,80235.0,77520.0,-3451.673074117814,113940.0,2021
20210722,2021-07-20,0.35/0.15,2.24,34631.7,147.54999999999995,0.331,-0.326,0.15,-0.145,400,400,18.799999999999955,-18.500000000000057,5639.999999999986,725.09852451367,350.0409718,84585.0,90225.0,4564.860503686316,75735.00000000001,2021
20210722,2021-07-20,0.25/0.1,2.24,34631.7,123.85000000000002,0.272,-0.268,0.106,-0.099,500,500,21.80000000000004,-22.299999999999983,6540.000000000012,439.57428573671507,308.357353,61155.00000000001,67695.00000000001,5792.0683612632965,112845.0,2021
20210923,2021-09-17,0.35/0.15,6.24,37841.4,255.25,0.334,-0.331,0.143,-0.148,700,600,11.149999999999977,-45.39999999999998,3344.999999999993,1026.610632150995,474.51403899999997,154290.0,157635.0,1843.8753288489986,133425.0,2021
20210923,2021-09-17,0.25/0.1,6.24,37841.4,178.45000000000002,0.235,-0.257,0.1,-0.097,700,700,10.30000000000004,-62.84999999999994,3090.000000000012,684.0843256002836,379.486237,102405.0,105495.00000000001,2026.4294373997282,156465.0,2021
20210923,2021-09-20,0.35/0.15,3.24,37620.7,243.79999999999995,0.367,-0.37,0.163,-0.155,500,600,-59.000000000000114,-59.60000000000008,-17700.000000000033,752.0395378700424,512.3267337999999,188955.0,171254.99999999997,-18964.366271670075,106860.00000000001,2021
20210923,2021-09-20,0.25/0.1,3.24,37620.7,134.65000000000003,0.23,-0.243,0.096,-0.1,500,600,-57.44999999999999,-57.44999999999999,-17234.999999999996,431.3567544773127,379.9704904,116145.0,98910.00000000001,-18046.32724487731,139605.0,2021
20210923,2021-09-21,0.35/0.15,2.24,37097.9,248.34999999999997,0.365,-0.343,0.152,-0.149,600,600,51.25,-87.25000000000006,15375.0,1007.5465495704085,437.8667493999999,126239.99999999999,141615.0,13929.586701029591,105495.00000000001,2021
20210923,2021-09-21,0.25/0.1,2.24,37097.9,160.85000000000002,0.241,-0.262,0.096,-0.099,600,700,51.75000000000003,-114.29999999999995,15525.00000000001,680.3270788422334,344.1779962,74820.0,90345.0,14500.494924957775,161745.0,2021
20210923,2021-09-22,0.35/0.15,1.24,37172.55,212.55,0.369,-0.378,0.149,-0.151,500,500,6.949999999999989,-36.049999999999955,2084.9999999999964,720.1942148043823,400.8338272,114765.0,116850.0,963.9719579956142,86235.0,2021
20210923,2021-09-22,0.25/0.1,1.24,37172.55,130.34999999999997,0.262,-0.266,0.103,-0.107,500,500,10.049999999999983,-33.200000000000045,3014.999999999995,581.0477919956753,322.5475276,71265.0,74280.0,2111.4046804043196,110895.00000000001,2021
20211028,2021-10-22,0.35/0.15,6.24,40294.1,332.45,0.364,-0.34,0.15,-0.144,700,800,18.999999999999943,-23.500000000000057,5699.999999999983,667.9561853652149,536.1564082,186495.0,192195.0,4495.887406434767,140265.0,2021
20211028,2021-10-22,0.25/0.1,6.24,40294.1,216.70000000000002,0.258,-0.251,0.098,-0.102,700,800,19.299999999999983,-23.649999999999977,5789.9999999999945,666.0416148019749,413.23171719999993,119100.0,124890.00000000001,4710.726667998019,174990.0,2021
20211028,2021-10-25,0.35/0.15,3.24,40754.9,260.9,0.349,-0.34,0.155,-0.145,500,700,-45.00000000000006,-129.3,-13500.000000000016,613.6670858595943,567.9048994,216615.00000000003,203115.00000000003,-14681.57198525961,131730.0,2021
20211028,2021-10-25,0.25/0.1,3.24,40754.9,171.75,0.261,-0.24,0.108,-0.1,500,700,-63.04999999999998,-167.10000000000002,-18914.999999999996,481.4378023562199,454.28213919999996,157965.0,139050.0,-19850.719941556217,158475.0,2021
20211028,2021-10-26,0.35/0.15,2.24,41317.35,249.20000000000002,0.349,-0.334,0.159,-0.141,600,600,40.599999999999966,-38.650000000000006,12179.999999999989,834.4147101242208,448.2118894,134025.00000000003,146205.0,10897.373400475768,105239.99999999999,2021
20211028,2021-10-26,0.25/0.1,2.24,41317.35,158.90000000000003,0.24,-0.254,0.106,-0.105,600,600,35.150000000000034,-50.94999999999993,10545.000000000011,568.5683838704008,358.30498420000004,85860.0,96405.0,9618.12663192961,132330.0,2021
20211028,2021-10-27,0.35/0.15,1.24,41280.3,165.24999999999997,0.326,-0.326,0.158,-0.161,400,400,21.49999999999997,-8.30000000000004,6449.999999999992,973.9980544016639,381.2251888,101130.0,107579.99999999999,5094.776756798327,70425.00000000001,2021
20211028,2021-10-27,0.25/0.1,1.24,41280.3,110.34999999999998,0.23,-0.231,0.106,-0.096,400,500,20.399999999999977,-14.000000000000043,6119.999999999993,622.2757960526055,305.7405136,60000.0,66120.0,5191.983690347388,116895.00000000001,2021
20211202,2021-11-26,0.35/0.15,6.24,36765.35,307.29999999999995,0.351,-0.344,0.16,-0.146,600,800,-88.25000000000011,-89.05000000000007,-26475.000000000033,1385.5750195777596,613.5403323999999,250215.0,223740.0,-28474.11535197779,147810.0,2021
20211202,2021-11-26,0.25/0.1,6.24,36765.35,198.69999999999996,0.244,-0.253,0.1,-0.104,600,800,-89.85,-92.15000000000006,-26955.0,769.2308023170169,474.04340979999995,174120.0,147165.0,-28198.274212117016,180390.00000000003,2021
20211202,2021-11-29,0.35/0.15,3.24,35833.6,336.8499999999999,0.348,-0.343,0.142,-0.156,700,900,29.249999999999943,-14.85000000000008,8774.999999999984,2905.8844905420774,537.331363,185100.0,193874.99999999997,5331.784146457906,168945.00000000003,2021
20211202,2021-11-29,0.25/0.1,3.24,35833.6,215.70000000000002,0.248,-0.243,0.103,-0.101,600,1000,39.650000000000006,-2.8999999999999773,11895.000000000002,1988.1903177224008,408.5170137999999,112470.0,124364.99999999999,9498.292668477601,235290.0,2021
20211202,2021-11-30,0.35/0.15,2.24,36400.7,236.84999999999997,0.353,-0.345,0.143,-0.153,500,600,-35.85000000000002,-57.200000000000045,-10755.000000000007,751.1229680198697,495.9501514,175380.0,164625.0,-12002.073119419878,108945.00000000001,2021
20211202,2021-11-30,0.25/0.1,2.24,36400.7,169.39999999999998,0.257,-0.265,0.094,-0.101,500,700,-48.400000000000034,-76.25000000000003,-14520.000000000011,467.89353572073986,399.76859079999997,125190.0,110670.0,-15387.66212652075,159180.0,2021
20211202,2021-12-01,0.35/0.15,1.24,36004.9,207.7,0.335,-0.339,0.146,-0.143,400,600,-1.049999999999983,-37.55000000000001,-314.9999999999949,2047.1918569325235,419.23344039999995,126434.99999999999,126120.0,-2781.4252973325183,117690.0,2021
20211202,2021-12-01,0.25/0.1,1.24,36004.9,137.35,0.229,-0.257,0.089,-0.106,400,600,6.349999999999994,-33.900000000000034,1904.9999999999982,1305.5233469833772,333.66356379999996,78090.0,79995.0,265.813089216621,138795.0,2021
20220127,2022-01-21,0.35/0.15,6.24,37400.55,328.55,0.341,-0.343,0.144,-0.152,700,800,31.05000000000001,-7.750000000000057,9315.000000000004,536.5007813442808,536.5609774,184320.0,193635.0,8241.938241255722,141435.0,2022
20220127,2022-01-21,0.25/0.1,6.24,37400.55,228.2,0.243,-0.257,0.093,-0.097,700,900,35.25000000000003,-1.1999999999999602,10575.00000000001,391.0231052661273,412.0949068,115305.0,125880.0,9771.88198793388,201540.0,2022
20220127,2022-01-24,0.35/0.15,3.24,37546.3,304.30000000000007,0.364,-0.343,0.14,-0.141,700,700,-119.69999999999999,-201.94999999999993,-35910.0,1312.6843114726137,630.6274600000002,265830.0,229920.0,-37853.31177147262,118709.99999999999,2022
20220127,2022-01-24,0.25/0.1,3.24,37546.3,176.25000000000003,0.252,-0.239,0.102,-0.106,600,600,-106.84999999999988,-194.69999999999996,-32054.999999999964,857.8132691759907,494.4054964,188655.0,156600.0,-33407.218765575955,127125.0,2022
20220127,2022-01-25,0.35/0.15,2.24,37151.85,323.15,0.344,-0.339,0.141,-0.155,700,800,27.75,-3.800000000000068,8325.0,790.0359452140947,504.2826412,167295.0,175619.99999999997,7030.681413585905,143055.0,2022
20220127,2022-01-25,0.25/0.1,2.24,37151.85,217.85,0.244,-0.256,0.105,-0.103,600,900,53.75,-4.650000000000006,16125.0,573.4966997386008,390.004624,99525.0,115650.0,15161.4986762614,204645.0,2022
20220310,2022-03-04,0.35/0.15,6.24,34419.35,557.55,0.359,-0.352,0.157,-0.153,1000,1400,18.899999999999864,-63.10000000000002,5669.999999999959,706.1099597094644,803.5190008,332970.0,338640.0,4160.371039490495,252735.0,2022
20220310,2022-03-04,0.25/0.1,6.24,34419.35,342.59999999999997,0.247,-0.251,0.114,-0.102,800,1400,17.949999999999932,-42.70000000000016,5384.99999999998,562.9608248988973,576.1930684,208635.0,214020.00000000003,4245.846106701083,317220.0,2022
20220310,2022-03-07,0.35/0.15,3.24,32929.5,503.25000000000006,0.344,-0.359,0.146,-0.145,1100,1200,-79.24999999999994,-115.10000000000008,-23774.99999999998,2744.0446922546566,815.8306396,359235.0,335460.0,-27334.87533185464,209025.0,2022
20220310,2022-03-07,0.25/0.1,3.24,32929.5,329.9,0.259,-0.254,0.102,-0.104,1100,1100,-71.15000000000003,-100.70000000000005,-21345.00000000001,1910.9874985364258,617.5583968000001,249015.0,227670.00000000003,-23873.545895336436,231030.0,2022
20220310,2022-03-08,0.35/0.15,2.24,32488.6,484.79999999999995,0.343,-0.345,0.153,-0.148,1000,1100,-10.5,-10.5,-3150.0,2050.271221004301,717.4030642000001,291645.0,288495.0,-5917.674285204301,184560.0,2022
20220310,2022-03-08,0.25/0.1,2.24,32488.6,296.95,0.257,-0.243,0.105,-0.125,1000,800,-15.800000000000011,-20.350000000000023,-4740.000000000004,1125.9946215453213,534.7756624000001,192660.0,187920.0,-6400.770283945325,210915.0,2022
20220310,2022-03-09,0.35/0.15,1.24,33181.45,359.3,0.357,-0.357,0.148,-0.15,700,800,8.75,-36.200000000000045,2625.0,1434.7760228558263,559.5717466,201359.99999999997,203985.0,630.6522305441737,132210.0,2022
20220310,2022-03-09,0.25/0.1,1.24,33181.45,219.0,0.256,-0.239,0.092,-0.103,700,700,-7.19999999999996,-53.00000000000006,-2159.999999999988,876.9634036888,411.3868767999999,123359.99999999999,121200.0,-3448.350280488788,144300.0,2022
20220413,2022-04-08,0.35/0.15,5.24,37537.95,368.15000000000003,0.366,-0.339,0.158,-0.149,800,800,22.700000000000102,-3.7999999999998977,6810.000000000031,483.61007462076583,572.5779544000001,205710.0,212520.00000000003,5753.811970979265,129554.99999999999,2022
20220413,2022-04-08,0.25/0.1,5.24,37537.95,240.35,0.248,-0.254,0.095,-0.105,800,800,30.099999999999994,-4.799999999999983,9029.999999999998,316.303401722321,422.57493760000006,122070.0,131100.00000000003,8291.121660677676,167895.0,2022
20220413,2022-04-11,0.35/0.15,2.24,37683.65,263.29999999999995,0.332,-0.362,0.157,-0.159,500,600,32.74999999999997,-2.9500000000000455,9824.99999999999,587.5325744473465,463.2430402,143820.0,153645.0,8774.224385352645,101010.00000000001,2022
20220413,2022-04-11,0.25/0.1,2.24,37683.65,184.44999999999996,0.253,-0.247,0.091,-0.098,600,600,38.5,-9.100000000000051,11550.0,353.76464229361045,354.48276999999996,83100.0,94649.99999999999,10841.752587706389,124665.00000000001,2022
20220413,2022-04-12,0.35/0.15,1.24,37480.9,217.55000000000007,0.365,-0.378,0.157,-0.14,400,500,9.550000000000068,-15.649999999999949,2865.0000000000205,400.94926015646894,404.1328180000001,116054.99999999999,118920.00000000001,2059.9179218435515,84734.99999999999,2022
20220413,2022-04-12,0.25/0.1,1.24,37480.9,129.15,0.249,-0.265,0.094,-0.11,400,400,6.799999999999997,-24.49999999999997,2039.999999999999,300.2695791658956,316.16465860000005,68415.0,70455.0,1423.5657622341032,81255.0,2022
20220602,2022-05-27,0.35/0.15,6.24,35504.55,363.69999999999993,0.341,-0.354,0.14,-0.15,700,900,20.64999999999992,-8.450000000000102,6194.999999999976,1892.3715135293212,566.7403198,202920.00000000003,209114.99999999994,3735.8881666706548,160890.00000000003,2022
20220602,2022-05-27,0.25/0.1,6.24,35504.55,226.90000000000003,0.243,-0.248,0.102,-0.097,600,900,18.35000000000005,-7.499999999999972,5505.0000000000155,1265.7820574857847,425.26408420000007,125880.0,131385.0,3813.953858314231,201929.99999999997,2022
20220602,2022-05-30,0.35/0.15,3.24,36002.3,284.35,0.336,-0.366,0.156,-0.157,500,700,-5.75,-14.0,-1725.0,1262.0473064878463,510.931723,177600.0,175875.0,-3497.979029487846,124695.0,2022
20220602,2022-05-30,0.25/0.1,3.24,36002.3,193.4,0.254,-0.262,0.107,-0.104,500,700,-0.799999999999983,-11.700000000000017,-239.99999999999488,858.504342582051,396.5138392,113939.99999999999,113700.0,-1495.0181817820458,151980.0,2022
20220602,2022-05-31,0.35/0.15,2.24,35652.85,259.84999999999997,0.335,-0.371,0.14,-0.153,500,600,12.149999999999949,-3.1000000000000227,3644.9999999999845,483.6795060729143,455.297992,143565.0,147210.0,2706.02250192707,102045.00000000001,2022
20220602,2022-05-31,0.25/0.1,2.24,35652.85,155.65000000000003,0.245,-0.247,0.093,-0.108,500,500,6.400000000000034,-10.999999999999943,1920.0000000000102,290.9648972565083,352.3024300000001,88290.0,90210.0,1276.732672743502,103304.99999999999,2022
20220602,2022-06-01,0.35/0.15,1.24,35572.2,184.9,0.362,-0.327,0.16,-0.147,400,400,14.950000000000017,-11.049999999999955,4485.0000000000055,631.8013946967753,385.1177872,104564.99999999999,109050.0,3468.0808181032303,64530.0,2022
20220602,2022-06-01,0.25/0.1,1.24,35572.2,140.1,0.248,-0.273,0.097,-0.092,400,500,11.549999999999983,-11.200000000000017,3464.999999999995,446.18920724451664,318.3548254,68670.0,72135.0,2700.4559673554786,107970.0,2022
20220721,2022-07-15,0.35/0.15,6.24,34639.15,279.6,0.36,-0.337,0.143,-0.153,600,600,21.200000000000045,-2.199999999999932,6360.000000000014,89.88079938838985,476.3283454,153285.0,159645.0,5793.790855211623,96120.0,2022
20220721,2022-07-15,0.25/0.1,6.24,34639.15,185.79999999999995,0.237,-0.265,0.098,-0.097,500,700,24.44999999999996,-10.900000000000034,7334.999999999988,82.0600813342379,369.75468939999996,94260.0,101595.0,6883.18522926575,154260.0,2022
20220721,2022-07-18,0.35/0.15,3.24,34874.95,207.45000000000005,0.337,-0.339,0.161,-0.144,400,500,-35.74999999999994,-37.75000000000003,-10724.999999999984,275.23256480768714,481.0351234,167190.0,156465.00000000003,-11481.26768820767,87764.99999999999,2022
20220721,2022-07-18,0.25/0.1,3.24,34874.95,138.25000000000003,0.24,-0.248,0.103,-0.097,400,500,-41.99999999999994,-42.049999999999926,-12599.999999999984,191.8818859806284,379.9939246,113084.99999999999,100485.0,-13171.875810580612,108525.0,2022
20220721,2022-07-19,0.35/0.15,2.24,35298.5,214.20000000000005,0.378,-0.365,0.161,-0.142,400,500,-38.09999999999994,-39.84999999999994,-11429.999999999982,223.65979826203184,451.4840728000001,151470.0,140040.00000000003,-12105.143871062013,85739.99999999999,2022
20220721,2022-07-19,0.25/0.1,2.24,35298.5,134.5,0.257,-0.258,0.095,-0.092,400,500,-41.29999999999998,-44.10000000000002,-12389.999999999995,153.50012769499568,348.62025639999996,95760.0,83370.0,-12892.12038409499,109650.0,2022
20220721,2022-07-20,0.35/0.15,1.24,36137.8,139.05,0.32,-0.326,0.158,-0.143,300,400,30.100000000000023,-1.75,9030.000000000007,248.5746689465969,336.2624608,74790.0,83820.0,8445.162870253409,78285.0,2022
20220721,2022-07-20,0.25/0.1,1.24,36137.8,119.75,0.257,-0.267,0.095,-0.096,400,500,35.19999999999999,-0.8499999999999943,10559.999999999996,240.70149535441644,294.3828994,50835.0,61395.0,10024.91560524558,114075.0,2022
20220915,2022-09-09,0.35/0.15,6.24,40547.75,318.5,0.34,-0.354,0.148,-0.146,600,800,2.3500000000000227,-16.350000000000023,705.0000000000068,324.12020764566387,532.2195814,187650.0,188355.0,-151.33978904565708,144450.0,2022
20220915,2022-09-09,0.25/0.1,6.24,40547.75,224.2,0.266,-0.26,0.106,-0.1,600,800,6.150000000000034,-11.600000000000023,1845.0000000000102,209.28720333499237,421.1082933999999,126029.99999999999,127875.0,1214.604503265018,172740.0,2022
20220915,2022-09-12,0.35/0.15,3.24,40559.05,285.25,0.364,-0.339,0.147,-0.159,600,600,4.25,-2.5500000000000114,1275.0,520.7021738055498,497.80392220000004,168420.0,169695.0,256.49390399445014,94425.0,2022
20220915,2022-09-12,0.25/0.1,3.24,40559.05,167.25,0.243,-0.237,0.101,-0.103,500,600,6.200000000000017,-0.3499999999999943,1860.000000000005,288.83102722553525,372.685213,99495.0,101354.99999999999,1198.4837597744697,129825.0,2022
20220915,2022-09-13,0.35/0.15,2.24,40821.55,239.74999999999997,0.366,-0.334,0.141,-0.161,500,500,10.850000000000023,-0.30000000000009663,3255.000000000007,876.9795243793826,441.05213260000005,136020.0,139275.0,1936.968343020624,78075.0,2022
20220915,2022-09-13,0.25/0.1,2.24,40821.55,161.10000000000002,0.264,-0.254,0.111,-0.1,400,600,13.450000000000017,-1.8999999999999773,4035.000000000005,598.3466835606954,352.6988836,87104.99999999999,91139.99999999999,3083.9544328393094,131670.0,2022
20220915,2022-09-14,0.35/0.15,1.24,40781.05,213.8,0.368,-0.344,0.151,-0.157,400,500,-116.70000000000005,-127.34999999999997,-35010.000000000015,479.9905943386979,564.6547654,229095.00000000003,194084.99999999997,-36054.645359738715,85860.0,2022
20220915,2022-09-14,0.25/0.1,1.24,40781.05,144.64999999999998,0.247,-0.257,0.086,-0.095,400,600,-132.5,-152.64999999999998,-39750.0,330.3138796559002,435.9118054,161715.0,121964.99999999999,-40516.2256850559,136605.0,2022
20221027,2022-10-21,0.35/0.15,6.24,40542.95,259.09999999999997,0.351,-0.338,0.149,-0.159,500,600,-8.5,-62.299999999999955,-2550.0,838.2349125695717,494.598538,169200.0,166650.0,-3882.833450569572,102270.00000000001,2022
20221027,2022-10-21,0.25/0.1,6.24,40542.95,171.7,0.259,-0.237,0.097,-0.104,500,600,-8.750000000000028,-75.80000000000001,-2625.0000000000086,576.1407860050494,383.7966808,108555.0,105929.99999999999,-3584.937466805058,128490.0,2022
20221027,2022-10-25,0.35/0.15,2.24,41246.0,161.89999999999998,0.338,-0.336,0.167,-0.158,300,400,22.24999999999997,-1.4000000000000057,6674.999999999992,419.0578135752459,366.79261600000007,93075.0,99750.0,5889.149570424746,71430.0,2022
20221027,2022-10-25,0.25/0.1,2.24,41246.0,119.75,0.273,-0.233,0.095,-0.106,400,400,27.05000000000001,-8.75,8115.000000000004,335.8599263367451,302.54142519999994,56925.0,65040.0,7476.5986484632585,84075.0,2022
20221208,2022-12-02,0.35/0.15,6.24,43037.35,195.95,0.335,-0.337,0.164,-0.145,400,500,12.299999999999955,-10.950000000000017,3689.9999999999864,484.262985594807,416.221576,122130.0,125820.00000000001,2789.5154384051793,91215.0,2022
20221208,2022-12-02,0.25/0.1,6.24,43037.35,128.1,0.24,-0.245,0.109,-0.102,400,500,11.549999999999997,-10.100000000000023,3464.999999999999,275.0770290795705,335.2503832,77925.0,81390.0,2854.672587720429,111570.0,2022
20221208,2022-12-05,0.35/0.15,3.24,43060.9,198.64999999999998,0.364,-0.366,0.154,-0.136,400,500,-16.200000000000074,-18.00000000000003,-4860.000000000022,399.28723319977615,410.3097928,124560.00000000001,119699.99999999999,-5669.597025999798,90405.0,2022
20221208,2022-12-05,0.25/0.1,3.24,43060.9,119.15,0.247,-0.251,0.095,-0.091,400,500,-15.749999999999972,-19.69999999999999,-4724.999999999992,285.71055730948683,322.24386580000004,76230.0,71505.0,-5332.954423109479,114255.0,2022
20221208,2022-12-06,0.35/0.15,2.24,43232.75,141.10000000000002,0.325,-0.322,0.157,-0.142,300,400,-1.9499999999999886,-8.149999999999977,-584.9999999999966,256.6064372799777,364.085098,96405.0,95820.00000000001,-1205.6915352799742,77670.0,2022
20221208,2022-12-06,0.25/0.1,2.24,43232.75,121.65000000000002,0.261,-0.264,0.094,-0.095,400,500,-2.749999999999986,-19.149999999999963,-824.9999999999957,384.8055641221117,314.1211432,69195.0,68370.0,-1523.9267073221074,113504.99999999999,2022
20221208,2022-12-07,0.35/0.15,1.24,43241.6,183.3,0.385,-0.378,0.144,-0.154,400,400,29.5,-7.44999999999996,8850.0,356.50818287971333,351.73529859999996,83385.00000000001,92235.0,8141.756518520287,65010.0,2022
20221208,2022-12-07,0.25/0.1,1.24,43241.6,94.1,0.245,-0.246,0.11,-0.097,300,400,26.799999999999997,-14.599999999999994,8039.999999999999,182.57832153058197,278.6544796,43890.0,51930.0,7578.767198869417,91770.0,2022
20230202,2023-01-27,0.35/0.15,6.24,40908.75,399.89999999999986,0.338,-0.346,0.151,-0.178,900,900,-23.95000000000016,-78.25000000000011,-7185.000000000047,2191.074540101585,730.8664623999999,301695.0,294510.0,-10106.941002501631,150030.00000000003,2023
20230202,2023-01-27,0.25/0.1,6.24,40908.75,298.35,0.245,-0.24,0.098,-0.08,900,1400,-32.950000000000045,-123.55000000000007,-9885.000000000015,1246.072025048185,508.01122179999993,181410.0,171525.0,-11639.083246848199,330495.0,2023
20230202,2023-01-30,0.35/0.15,3.24,40375.85,479.1000000000001,0.358,-0.361,0.146,-0.154,1100,1300,43.400000000000034,-130.24999999999983,13020.000000000011,1417.1658058967992,682.014808,261540.0,274560.0,10920.819386103212,246269.99999999997,2023
20230202,2023-01-30,0.25/0.1,3.24,40375.85,294.6,0.247,-0.244,0.099,-0.102,1000,1300,61.599999999999994,-76.94999999999993,18480.0,1173.4191377739703,489.43608520000004,152430.0,170910.0,16817.14477702603,301620.0,2023
20230202,2023-01-31,0.35/0.15,2.24,40304.4,420.25,0.354,-0.341,0.152,-0.149,1000,1000,30.69999999999999,-15.949999999999989,9209.999999999996,1948.6067283626946,635.1784384,238410.0,247620.0,6626.214833237302,173925.0,2023
20230202,2023-01-31,0.25/0.1,2.24,40304.4,284.6,0.26,-0.249,0.103,-0.104,1000,1000,36.30000000000001,-6.2999999999999545,10890.000000000004,1395.1516436844606,479.34640779999995,151935.0,162825.0,9015.501948515543,214620.0,2023
20230202,2023-02-01,0.35/0.15,1.24,41048.35,333.09999999999997,0.344,-0.364,0.152,-0.147,700,900,-146.34999999999997,-307.50000000000006,-43904.99999999999,3429.690965441362,625.442149,268290.0,224385.0,-47960.133114441356,170070.00000000003,2023
20230202,2023-02-01,0.25/0.1,1.24,41048.35,209.99999999999994,0.248,-0.247,0.104,-0.096,700,900,-106.20000000000005,-300.3,-31860.000000000015,2630.700283682285,460.0836502,169725.0,137865.0,-34950.7839338823,207000.0,2023
20230316,2023-03-10,0.35/0.15,6.24,40466.8,249.74999999999997,0.354,-0.354,0.157,-0.144,500,700,14.349999999999994,-10.249999999999972,4304.999999999998,324.127685053379,457.73978079999995,144465.0,148770.0,3523.132534146619,135075.0,2023
20230316,2023-03-10,0.25/0.1,6.24,40466.8,165.2,0.261,-0.243,0.092,-0.097,600,700,16.849999999999966,-14.999999999999972,5054.99999999999,200.27422158794525,357.3836776,88995.0,94050.0,4497.342100812045,160440.0,2023
20230316,2023-03-13,0.35/0.15,3.24,40450.75,225.74999999999997,0.374,-0.345,0.152,-0.151,500,500,-117.9,-134.9,-35370.0,545.5003142707701,588.5902906,242445.00000000003,207075.0,-36504.09060487077,82275.0,2023
20230316,2023-03-13,0.25/0.1,3.24,40450.75,145.3,0.269,-0.252,0.102,-0.107,500,500,-134.39999999999998,-157.49999999999994,-40319.99999999999,529.758741822877,475.63984419999997,183855.0,143535.0,-41325.39858602287,106410.0,2023
20230316,2023-03-14,0.35/0.15,2.24,39520.4,244.75,0.373,-0.333,0.144,-0.153,600,600,25.900000000000006,-11.849999999999966,7770.000000000002,957.1911452879731,443.99727399999995,134640.0,142410.0,6368.811580712028,106575.0,2023
20230316,2023-03-14,0.25/0.1,2.24,39520.4,147.8,0.239,-0.257,0.104,-0.105,500,700,21.550000000000026,-18.799999999999955,6465.000000000007,832.2953260225725,350.0536504,84045.0,90510.0,5282.651023577435,165660.0,2023
20230316,2023-03-15,0.35/0.15,1.24,39698.6,173.75,0.368,-0.349,0.154,-0.156,400,400,-73.04999999999998,-74.15000000000003,-21914.999999999996,1237.2974982674032,434.8784608,149325.0,127410.00000000001,-23587.175959067397,67875.0,2023
20230316,2023-03-15,0.25/0.1,1.24,39698.6,99.55,0.243,-0.235,0.097,-0.102,400,400,-65.85000000000004,-66.09999999999998,-19755.00000000001,794.91502413906,337.9540066,94800.0,75045.0,-20887.86903073907,90135.0,2023
20230420,2023-04-17,0.35/0.15,3.24,42118.65,222.2,0.348,-0.367,0.159,-0.142,400,600,34.09999999999994,-32.70000000000002,10229.999999999982,1066.0136586813169,412.3071784,115650.0,125879.99999999999,8751.679162918665,113340.0,2023
20230420,2023-04-17,0.25/0.1,3.24,42118.65,122.09999999999998,0.241,-0.233,0.102,-0.102,400,500,22.700000000000003,-15.600000000000037,6810.000000000001,621.6889579094023,319.938706,67320.0,74130.0,5868.372336090599,113370.00000000001,2023
20230420,2023-04-18,0.35/0.15,2.24,42395.75,147.40000000000003,0.352,-0.341,0.167,-0.144,300,400,13.600000000000051,-29.64999999999992,4080.0000000000155,288.0041215649814,352.7807296,87120.0,91200.00000000001,3439.215148835034,75779.99999999999,2023
20230420,2023-04-18,0.25/0.1,2.24,42395.75,104.8,0.28,-0.224,0.096,-0.094,400,400,19.25,-16.549999999999997,5775.0,187.77346568626692,292.75398640000003,53115.0,58889.99999999999,5294.472547913733,88560.0,2023
20230420,2023-04-19,0.35/0.15,1.24,42290.2,98.79999999999998,0.303,-0.322,0.152,-0.147,200,300,-3.8499999999999943,-21.750000000000043,-1154.9999999999982,256.65975110155233,311.5584622,68010.0,66855.0,-1723.2182133015503,60360.00000000001,2023
20230420,2023-04-19,0.25/0.1,1.24,42290.2,68.7,0.219,-0.25,0.104,-0.112,200,300,-2.250000000000014,-19.950000000000003,-675.0000000000043,161.17633251158964,274.5419884,47415.0,46740.0,-1110.718320911594,69390.0,2023
20230601,2023-05-26,0.35/0.15,6.24,43688.2,198.55,0.347,-0.328,0.164,-0.147,400,500,-19.350000000000023,-27.049999999999983,-5805.000000000007,658.1896860497853,446.90040339999996,145230.0,139425.0,-6910.090089449793,90435.0,2023
20230601,2023-05-26,0.25/0.1,6.24,43688.2,129.04999999999998,0.244,-0.242,0.106,-0.105,400,500,-22.849999999999994,-32.55000000000004,-6854.999999999998,421.8023844646529,355.48345659999995,95850.0,88995.0,-7632.285841064651,111285.00000000001,2023
20230601,2023-05-29,0.35/0.15,3.24,44420.7,167.7,0.317,-0.356,0.156,-0.155,300,500,9.299999999999983,-1.0500000000000114,2789.999999999995,282.33561925971367,382.682995,104355.0,107145.0,2124.9813857402814,99690.0,2023
20230601,2023-05-29,0.25/0.1,3.24,44420.7,128.8,0.253,-0.257,0.092,-0.093,400,600,14.700000000000017,-0.24999999999997158,4410.0000000000055,171.34605116878973,314.87074540000003,66135.0,70545.0,3923.7832034312155,141360.0,2023
20230601,2023-05-30,0.35/0.15,2.24,44401.25,143.85,0.345,-0.339,0.148,-0.146,300,400,20.400000000000006,-5.199999999999989,6120.000000000002,213.3533513406896,336.6016053999999,76905.0,83025.0,5570.0450432593125,76845.0,2023
20230601,2023-05-30,0.25/0.1,2.24,44401.25,91.15,0.267,-0.225,0.11,-0.097,300,400,18.650000000000006,0.0,5595.000000000002,153.74074437886162,283.499614,48165.0,53760.0,5157.75964162114,92655.0,2023
20230601,2023-05-31,0.35/0.15,1.24,44092.85,126.19999999999999,0.322,-0.393,0.175,-0.131,200,400,5.8999999999999915,-50.950000000000045,1769.9999999999975,216.16143679981914,321.0681124,71280.0,73050.0,1232.7704508001784,82140.0,2023
20230601,2023-05-31,0.25/0.1,1.24,44092.85,75.30000000000001,0.242,-0.23,0.087,-0.101,300,300,15.500000000000007,-24.75,4650.000000000002,118.311214756666,264.5840728,38430.0,43080.0,4267.104712443335,67410.0,2023
20230713,2023-07-07,0.35/0.15,6.24,45174.3,196.29999999999995,0.331,-0.337,0.148,-0.156,400,500,17.599999999999966,-24.450000000000074,5279.99999999999,300.9480508925907,408.80818179999994,117015.0,122294.99999999997,4570.243767307399,91110.00000000001,2023
20230713,2023-07-07,0.25/0.1,6.24,45174.3,134.15,0.226,-0.252,0.095,-0.094,400,600,15.349999999999994,-33.89999999999998,4604.999999999998,243.5239253075075,325.86842620000004,72030.0,76635.0,4035.60764849249,139755.0,2023
20230713,2023-07-10,0.35/0.15,3.24,45147.05,167.35000000000002,0.342,-0.328,0.137,-0.152,400,400,-23.99999999999997,-36.799999999999955,-7199.999999999992,684.3397436914328,398.16738160000006,119460.00000000001,112260.00000000001,-8282.507125291424,69795.0,2023
20230713,2023-07-10,0.25/0.1,3.24,45147.05,113.94999999999999,0.223,-0.274,0.107,-0.101,300,500,-49.35000000000002,-68.55000000000001,-14805.000000000007,536.3383977321098,333.64873420000004,89160.0,74355.0,-15674.987131932117,115815.0,2023
20230713,2023-07-11,0.35/0.15,2.24,45008.2,131.20000000000002,0.357,-0.32,0.166,-0.152,300,300,2.9000000000000057,-0.4000000000000057,870.0000000000017,710.2705150038166,344.1584026,84525.0,85395.00000000001,-184.4289176038149,50639.99999999999,2023
20230713,2023-07-11,0.25/0.1,2.24,45008.2,112.55000000000001,0.282,-0.254,0.097,-0.088,400,400,6.200000000000003,-0.25,1860.000000000001,481.6990740603909,293.3281198,56025.0,57885.00000000001,1084.97280613961,86235.0,2023
20230713,2023-07-12,0.35/0.15,1.24,44872.5,135.1,0.389,-0.327,0.159,-0.136,300,300,10.349999999999994,-1.3000000000000114,3104.999999999998,309.3909414753568,324.5732908,72315.0,75420.0,2471.0357677246416,49470.0,2023
20230713,2023-07-12,0.25/0.1,1.24,44872.5,70.94999999999999,0.222,-0.249,0.111,-0.099,200,300,0.7499999999999858,-1.75,224.99999999999574,192.30369747364645,270.29147739999996,44490.0,44714.99999999999,-237.59517487365068,68715.0,2023
20230913,2023-09-07,0.35/0.15,6.24,44384.55,185.35000000000005,0.33,-0.35,0.137,-0.137,400,500,-64.79999999999995,-65.99999999999994,-19439.999999999985,665.6351719065024,452.60617300000007,157395.00000000003,137955.0,-20558.241344906488,94395.0,2023
20230913,2023-09-07,0.25/0.1,6.24,44384.55,127.89999999999999,0.271,-0.245,0.107,-0.094,400,500,-81.50000000000001,-81.50000000000001,-24450.000000000004,480.27358699798674,386.7920914,124665.0,100215.0,-25317.06567839799,111630.0,2023
20230913,2023-09-08,0.35/0.15,5.24,44938.25,167.6,0.347,-0.327,0.14,-0.157,400,400,-17.549999999999983,-67.15,-5264.9999999999945,485.21594794832566,400.2902062,119339.99999999999,114075.0,-6150.50615414832,69720.0,2023
20230913,2023-09-08,0.25/0.1,5.24,44938.25,93.0,0.227,-0.23,0.109,-0.108,300,400,-10.549999999999997,-47.39999999999998,-3164.999999999999,327.9222478491248,325.1998552,76815.0,73650.00000000001,-3818.122103049124,92100.0,2023
20230913,2023-09-11,0.35/0.15,2.24,45271.1,154.3,0.337,-0.364,0.163,-0.161,300,400,0.44999999999998863,-4.299999999999983,134.9999999999966,519.2703671882123,376.211077,102570.0,102705.0,-760.4814441882156,73710.0,2023
20230913,2023-09-11,0.25/0.1,2.24,45271.1,107.19999999999999,0.269,-0.246,0.099,-0.107,400,400,-16.650000000000006,-19.75000000000003,-4995.000000000002,388.1308534595142,310.63512940000004,70050.0,65055.0,-5693.765982859516,87840.0,2023
20230913,2023-09-12,0.35/0.15,1.24,45669.0,134.3,0.388,-0.343,0.166,-0.165,300,300,14.849999999999994,-41.64999999999998,4454.999999999998,155.3171378765055,332.6696512,75855.0,80310.0,3967.013210923493,49710.0,2023
20230913,2023-09-12,0.25/0.1,1.24,45669.0,87.05000000000001,0.227,-0.271,0.089,-0.103,300,400,7.299999999999997,-71.15,2189.999999999999,111.65666747170201,274.613899,45555.0,47745.0,1803.7294335282972,93885.0,2023
20231108,2023-11-02,0.35/0.15,6.24,43243.4,202.00000000000003,0.334,-0.341,0.155,-0.152,400,500,9.500000000000057,-48.94999999999996,2850.0000000000173,292.792054470745,417.3134626,123285.00000000001,126135.00000000001,2139.8944829292723,89400.0,2023
20231108,2023-11-02,0.25/0.1,6.24,43243.4,133.89999999999998,0.235,-0.252,0.098,-0.107,400,500,8.649999999999991,-50.64999999999998,2594.9999999999973,148.6206691337435,335.10109179999995,78420.0,81015.0,2111.278239066254,109830.0,2023
20231108,2023-11-03,0.35/0.15,5.24,43302.15,196.55,0.342,-0.346,0.138,-0.138,400,500,16.30000000000001,-1.5,4890.000000000004,820.9826951281278,383.38989520000007,103350.0,108240.0,3685.6274096718757,91035.0,2023
20231108,2023-11-03,0.25/0.1,5.24,43302.15,112.39999999999998,0.227,-0.245,0.105,-0.092,300,500,12.999999999999972,-2.9500000000000313,3899.9999999999914,529.1234094602494,308.2017712,62820.0,66720.0,3062.674819339742,116280.0,2023
20231108,2023-11-06,0.35/0.15,2.24,43493.6,139.0,0.357,-0.33,0.165,-0.162,300,300,8.750000000000028,-1.3500000000000227,2625.0000000000086,537.714161319497,347.8706811999999,85395.0,88020.0,1739.4151574805119,48300.0,2023
20231108,2023-11-06,0.25/0.1,2.24,43493.6,95.5,0.219,-0.263,0.087,-0.099,300,400,18.049999999999997,-7.84999999999998,5414.999999999999,268.79636167695116,280.29697300000004,46530.0,51945.0,4865.9066653230475,91350.0,2023
20231108,2023-11-07,0.35/0.15,1.24,43436.3,121.35,0.35,-0.339,0.123,-0.134,300,300,-30.850000000000023,-33.30000000000001,-9255.000000000007,185.28662165545268,322.59396159999994,79425.0,70170.0,-9762.880583255459,53595.0,2023
20231108,2023-11-07,0.25/0.1,1.24,43436.3,81.45,0.258,-0.252,0.083,-0.098,300,300,-28.25,-30.349999999999994,-8475.0,111.13071061327732,278.71135419999996,54870.0,46395.0,-8864.842064813278,65565.0,2023
20231213,2023-12-07,0.35/0.15,6.24,46588.25,282.4,0.346,-0.352,0.15,-0.143,600,700,0.05000000000001137,-17.200000000000045,15.00000000000341,311.6100788995658,496.6623369999999,168630.0,168645.0,-793.2724158995622,125280.0,2023
20231213,2023-12-07,0.25/0.1,6.24,46588.25,169.8,0.234,-0.244,0.095,-0.096,600,700,-0.3499999999999659,-19.69999999999999,-104.99999999998977,306.1019839816262,374.22283899999996,101639.99999999999,101535.00000000001,-785.3248229816159,159060.0,2023
20231213,2023-12-08,0.35/0.15,5.24,47011.5,226.8,0.342,-0.332,0.16,-0.16,500,500,23.80000000000001,-4.0,7140.000000000004,336.395456606923,443.7550822,134925.0,142065.0,6359.84946119308,81960.0,2023
20231213,2023-12-08,0.25/0.1,5.24,47011.5,173.79999999999995,0.258,-0.253,0.097,-0.1,600,600,29.69999999999996,-4.900000000000034,8909.999999999987,246.29203865141605,353.7795202,84465.0,93375.0,8309.928441148571,127860.00000000001,2023
20231213,2023-12-11,0.35/0.15,2.24,47370.8,196.54999999999995,0.373,-0.327,0.143,-0.161,500,400,11.049999999999955,-44.30000000000004,3314.9999999999864,296.06611102292635,396.9827086,111840.0,115155.0,2621.95118037706,91035.00000000001,2023
20231213,2023-12-11,0.25/0.1,2.24,47370.8,132.4,0.264,-0.232,0.093,-0.091,500,500,15.799999999999997,-35.94999999999999,4739.999999999999,189.2377895270376,314.9689204,65970.0,70710.0,4235.793290072962,110280.0,2023
20231213,2023-12-12,0.35/0.15,1.24,47331.65,188.24999999999997,0.381,-0.385,0.141,-0.153,400,400,24.799999999999955,-7.549999999999983,7439.999999999986,710.0871554101003,360.8452468,89310.00000000001,96750.0,6369.067597789886,63525.00000000001,2023
20231213,2023-12-12,0.25/0.1,1.24,47331.65,97.14999999999998,0.242,-0.249,0.107,-0.092,300,400,14.549999999999969,-15.650000000000034,4364.999999999991,455.6564059369227,282.7503214,48570.0,52935.0,3626.5932726630685,90855.0,2023
20240207,2024-02-01,0.35/0.15,6.24,45807.8,512.55,0.35,-0.361,0.147,-0.153,1200,1200,114.0499999999999,-3.400000000000091,34214.99999999997,3299.048616070815,656.8978689999999,233729.99999999997,267945.0,30259.053514929154,206235.0,2024
20240207,2024-02-01,0.25/0.1,6.24,45807.8,333.24999999999994,0.25,-0.258,0.099,-0.103,1200,1200,115.09999999999997,-5.800000000000068,34529.99999999999,2268.8109609057897,476.5212838,134715.0,169245.0,31784.667755294202,260025.0,2024
20240207,2024-02-02,0.35/0.15,5.24,46559.5,311.85,0.355,-0.343,0.152,-0.154,700,700,-32.299999999999955,-41.599999999999966,-9689.999999999985,951.9492401529801,580.1560348,220800.0,211109.99999999997,-11222.105274952966,116445.0,2024
20240207,2024-02-02,0.25/0.1,5.24,46559.5,211.79999999999995,0.255,-0.248,0.099,-0.095,700,800,-45.950000000000045,-63.15000000000009,-13785.000000000015,606.0752580765393,438.200788,145755.0,131970.0,-14829.276046076555,176460.0,2024
20240207,2024-02-05,0.35/0.15,2.24,45845.4,313.20000000000005,0.358,-0.355,0.145,-0.146,700,700,50.55000000000007,-9.649999999999977,15165.00000000002,2231.813398278304,490.70900319999987,155325.0,170490.0,12442.477598521717,116039.99999999999,2024
20240207,2024-02-05,0.25/0.1,2.24,45845.4,199.60000000000002,0.249,-0.251,0.095,-0.093,700,700,43.80000000000001,-13.600000000000023,13140.000000000004,1634.665426643937,373.57650700000005,92505.0,105645.00000000001,11131.758066356068,150120.0,2024
20240207,2024-02-06,0.35/0.15,1.24,45748.3,249.25000000000003,0.373,-0.356,0.138,-0.147,600,500,58.650000000000034,-4.299999999999983,17595.00000000001,1400.2006143411631,403.996732,106215.0,123810.0,15790.802653658848,105225.0,2024
20240207,2024-02-06,0.25/0.1,1.24,45748.3,142.45,0.235,-0.257,0.095,-0.098,500,500,46.79999999999998,-19.5,14039.999999999995,994.1497287113233,313.326943,58905.0,72945.0,12732.523328288671,107265.0,2024
20240320,2024-03-14,0.35/0.15,6.24,46769.15,396.79999999999995,0.354,-0.358,0.147,-0.149,800,900,41.099999999999966,-15.0,12329.999999999989,749.9552380576671,577.204945,204585.0,216915.0,11002.839816942322,150960.0,2024
20240320,2024-03-14,0.25/0.1,6.24,46769.15,238.45000000000002,0.239,-0.249,0.098,-0.095,700,900,39.700000000000045,-10.19999999999996,11910.000000000015,458.54291836980366,416.77757140000006,116985.0,128895.00000000001,11034.679510230211,198465.0,2024
20240320,2024-03-15,0.35/0.15,5.24,46605.7,328.8,0.367,-0.339,0.155,-0.156,700,700,34.44999999999999,-8.199999999999989,10334.999999999996,601.6852831265505,528.5672572,179265.0,189600.0,9204.747459673446,111360.0,2024
20240320,2024-03-15,0.25/0.1,5.24,46605.7,221.8,0.263,-0.25,0.1,-0.106,700,700,41.50000000000003,-9.150000000000006,12450.00000000001,378.9438601669704,403.32867160000006,109260.0,121710.00000000001,11667.727468233039,143460.0,2024
20240320,2024-03-18,0.35/0.15,2.24,46439.85,276.45000000000005,0.349,-0.348,0.147,-0.156,600,600,39.75,-8.549999999999955,11925.0,1233.8887600592216,459.815047,140550.0,152475.0,10231.29619294078,97064.99999999999,2024
20240320,2024-03-18,0.25/0.1,2.24,46439.85,162.14999999999998,0.234,-0.24,0.105,-0.097,500,600,41.14999999999995,-10.400000000000006,12344.999999999985,759.4526757368243,346.7370214,78329.99999999999,90675.0,11238.810302863161,131355.0,2024
20240320,2024-03-19,0.35/0.15,1.24,46566.05,212.55,0.373,-0.339,0.152,-0.162,500,400,51.55000000000001,-0.9000000000000057,15465.000000000004,678.3194187596938,389.397523,99630.0,115095.0,14397.28305824031,86235.0,2024
20240320,2024-03-19,0.25/0.1,1.24,46566.05,140.54999999999998,0.27,-0.24,0.099,-0.105,500,400,50.14999999999998,-2.900000000000034,15044.999999999993,463.12432747747386,309.8059462,56310.00000000001,71355.0,14272.06972632252,107835.00000000001,2024
20240430,2024-04-25,0.35/0.15,5.24,48124.4,273.34999999999997,0.349,-0.37,0.154,-0.146,500,700,-25.050000000000068,-36.7000000000001,-7515.00000000002,589.0072643300389,520.1899414,186510.0,178995.0,-8624.197205730059,127995.00000000001,2024
20240430,2024-04-25,0.25/0.1,5.24,48124.4,178.55,0.261,-0.254,0.103,-0.095,500,700,-37.5,-50.05000000000001,-11250.0,353.67565700555105,405.83472820000003,126345.0,115095.00000000001,-12009.51038520555,156435.0,2024
20240430,2024-04-26,0.35/0.15,4.24,48626.45,238.05000000000004,0.37,-0.328,0.147,-0.142,500,600,-7.699999999999989,-12.399999999999949,-2309.9999999999964,320.344611067807,451.1850988,145260.0,142950.0,-3081.5297098678034,108584.99999999999,2024
20240430,2024-04-26,0.25/0.1,4.24,48626.45,161.35000000000002,0.266,-0.252,0.096,-0.105,500,600,-6.949999999999989,-15.050000000000011,-2084.9999999999964,206.77677406256058,366.787939,98880.0,96795.0,-2658.5647130625566,131595.0,2024
20240430,2024-04-29,0.35/0.15,1.24,48497.4,186.45000000000002,0.376,-0.342,0.138,-0.155,400,400,-191.54999999999998,-191.54999999999998,-57464.99999999999,661.2775439354803,640.0561444,285285.0,227820.0,-58766.33368833547,64064.99999999999,2024
20240430,2024-04-29,0.25/0.1,1.24,48497.4,100.2,0.244,-0.232,0.1,-0.103,300,400,-167.10000000000002,-167.14999999999998,-50130.00000000001,440.0934642926179,524.0926276,216900.0,166770.0,-51094.186091892625,89940.0,2024
20240529,2024-05-23,0.35/0.15,6.24,48089.85,324.75,0.366,-0.352,0.14,-0.149,700,700,-79.94999999999999,-115.35000000000002,-23984.999999999996,647.5275054191137,596.6188144,239295.0,215310.0,-25229.146319819112,112575.0,2024
20240529,2024-05-23,0.25/0.1,6.24,48089.85,197.39999999999998,0.255,-0.249,0.101,-0.099,600,700,-68.65000000000003,-105.64999999999998,-20595.00000000001,364.0069588545969,458.13629979999996,161190.0,140595.0,-21417.143258654607,150780.0,2024
20240529,2024-05-24,0.35/0.15,5.24,48891.65,312.65,0.363,-0.334,0.153,-0.147,700,700,48.30000000000001,-0.75,14490.000000000004,719.2592953812554,500.8728076,161340.0,175830.0,13269.867897018748,116205.0,2024
20240529,2024-05-24,0.25/0.1,5.24,48891.65,204.0,0.259,-0.24,0.1,-0.1,700,700,50.25,-1.9499999999999886,15075.0,441.7210892979754,383.8322014,96840.0,111914.99999999999,14249.446709302025,148800.0,2024
20240529,2024-05-27,0.35/0.15,2.24,49262.55,239.09999999999997,0.346,-0.355,0.157,-0.144,500,600,-1.7500000000000568,-52.450000000000045,-525.000000000017,437.3019420559697,463.36777299999994,150750.0,150225.0,-1425.6697150559867,108270.00000000001,2024
20240529,2024-05-27,0.25/0.1,2.24,49262.55,171.75000000000003,0.259,-0.268,0.091,-0.106,600,600,3.1500000000000057,-75.79999999999998,945.0000000000017,270.7262536444511,375.98653420000005,101910.0,102855.0,298.2872121555506,128475.0,2024
20240529,2024-05-28,0.35/0.15,1.24,49324.5,237.25000000000006,0.357,-0.371,0.152,-0.148,500,600,59.60000000000002,0.0,17880.000000000007,468.5026100253265,403.13679220000006,105555.0,123435.00000000001,17008.36059777468,108824.99999999999,2024
20240529,2024-05-28,0.25/0.1,1.24,49324.5,142.29999999999998,0.26,-0.238,0.104,-0.093,500,600,58.69999999999999,0.0,17609.999999999996,307.24160713986487,313.95088359999994,56880.0,74490.0,16988.807509260132,137310.0,2024
20240626,2024-06-20,0.35/0.15,6.24,51555.0,323.35,0.35,-0.337,0.158,-0.151,700,800,32.30000000000001,-16.899999999999977,9690.000000000004,425.8312045624219,536.8231486,184215.0,193904.99999999997,8727.34564683758,142995.0,2024
20240626,2024-06-20,0.25/0.1,6.24,51555.0,233.7,0.253,-0.254,0.097,-0.097,800,900,41.89999999999998,-16.25000000000003,12569.999999999993,307.26230573109547,411.5793916,113700.0,126270.0,11851.158302668897,199890.0,2024
20240626,2024-06-21,0.35/0.15,5.24,51519.45,297.65000000000003,0.363,-0.351,0.16,-0.154,600,700,32.44999999999999,-4.2999999999999545,9734.999999999996,362.1043978478242,500.23862199999996,164145.0,173880.0,8872.656980152171,120704.99999999999,2024
20240626,2024-06-21,0.25/0.1,5.24,51519.45,192.10000000000005,0.248,-0.251,0.101,-0.094,600,800,35.650000000000034,-4.049999999999983,10695.000000000011,261.047939067554,377.21677180000006,96120.0,106815.00000000001,10056.735289132457,182370.0,2024
20240626,2024-06-24,0.35/0.15,2.24,51211.35,241.79999999999998,0.365,-0.336,0.139,-0.159,600,500,-62.900000000000006,-124.9,-18870.0,245.07056756953264,481.00803340000004,172575.0,153705.0,-19596.078600969533,107460.00000000001,2024
20240626,2024-06-24,0.25/0.1,2.24,51211.35,148.04999999999998,0.233,-0.253,0.098,-0.1,500,600,-29.450000000000017,-89.85,-8835.000000000005,188.00344983483978,368.88732400000004,104505.0,95670.0,-9391.890773834844,135585.0,2024
20240626,2024-06-25,0.35/0.15,1.24,51950.35,220.45,0.364,-0.353,0.143,-0.158,500,500,-97.44999999999999,-135.95,-29234.999999999996,396.1961921334556,495.2718298,187259.99999999997,158025.0,-30126.46802193345,83865.0,2024
20240626,2024-06-25,0.25/0.1,1.24,51950.35,152.0,0.26,-0.26,0.094,-0.095,500,600,-86.40000000000006,-140.85000000000002,-25920.00000000002,269.0140582890715,390.92779420000005,127905.0,101985.00000000001,-26579.94185248909,134400.0,2024
20240731,2024-07-25,0.35/0.15,6.24,50747.55,332.95000000000005,0.336,-0.355,0.154,-0.155,700,800,34.900000000000034,-10.499999999999943,10470.000000000011,296.18803508844223,540.3412066000001,185625.0,196095.0,9633.470758311569,140115.0,2024
20240731,2024-07-25,0.25/0.1,6.24,50747.55,220.09999999999997,0.246,-0.24,0.094,-0.097,800,800,38.39999999999998,-5.9000000000000625,11519.999999999993,196.583268873518,400.83394119999997,108510.0,120029.99999999999,10922.582789926475,173970.00000000003,2024
20240731,2024-07-26,0.35/0.15,5.24,50759.5,259.75,0.335,-0.332,0.15,-0.15,600,600,-54.30000000000001,-54.30000000000001,-16290.000000000004,167.7142655113773,529.9156006000001,197655.0,181365.00000000003,-16987.629866111383,102075.0,2024
20240731,2024-07-26,0.25/0.1,5.24,50759.5,206.95,0.262,-0.26,0.096,-0.096,700,700,-60.89999999999998,-60.89999999999998,-18269.999999999993,124.14918414439605,423.84569380000005,140865.0,122595.00000000001,-18817.99487794439,147915.0,2024
20240731,2024-07-29,0.35/0.15,2.24,51895.4,209.95,0.346,-0.333,0.15,-0.145,500,500,-39.79999999999998,-94.90000000000003,-11939.999999999995,273.61652678553287,462.01187380000005,157575.0,145635.0,-12675.628400585527,87015.0,2024
20240731,2024-07-29,0.25/0.1,2.24,51895.4,138.7,0.252,-0.244,0.104,-0.103,500,500,-38.900000000000034,-100.65,-11670.000000000011,256.2784386436021,373.8355006,109095.0,97425.0,-12300.113939243613,108390.0,2024
20240731,2024-07-30,0.35/0.15,1.24,51558.65,219.94999999999996,0.361,-0.353,0.148,-0.149,500,500,53.799999999999955,-39.099999999999994,16139.999999999985,2132.1873710716827,392.43251739999994,100845.0,116984.99999999999,13615.380111528302,84015.00000000001,2024
20240731,2024-07-30,0.25/0.1,1.24,51558.65,143.55000000000004,0.258,-0.257,0.101,-0.101,500,500,48.150000000000034,-31.599999999999966,14445.000000000011,1432.6962920407568,317.1578812,60735.00000000001,75180.0,12695.145826759253,106934.99999999999,2024
20240828,2024-08-22,0.35/0.15,6.24,50929.95,268.6,0.335,-0.34,0.149,-0.16,600,600,21.150000000000006,0.0,6345.000000000002,962.4132979696061,486.3325156,158775.0,165120.0,4896.254186430396,99420.0,2024
20240828,2024-08-22,0.25/0.1,6.24,50929.95,191.99999999999997,0.263,-0.237,0.093,-0.105,700,600,23.69999999999996,0.0,7109.999999999988,616.797199968673,380.07975220000003,100065.0,107174.99999999999,6113.123047831315,152400.0,2024
20240828,2024-08-23,0.35/0.15,5.24,50885.5,240.25000000000003,0.328,-0.345,0.148,-0.147,500,600,10.700000000000045,-7.650000000000034,3210.0000000000136,351.0445877514498,451.78672960000006,141930.0,145140.00000000003,2407.168682648564,107925.0,2024
20240828,2024-08-23,0.25/0.1,5.24,50885.5,168.0,0.244,-0.266,0.104,-0.107,500,600,13.75,-7.699999999999989,4125.0,243.7404438536972,368.2520463999999,95565.0,99690.0,3513.0075097463027,129600.0,2024
20240828,2024-08-26,0.35/0.15,2.24,51209.4,199.95000000000005,0.343,-0.354,0.154,-0.137,400,500,18.300000000000068,-4.899999999999977,5490.00000000002,631.9296790578976,391.83818199999996,107580.0,113070.00000000001,4466.232138942123,90014.99999999999,2024
20240828,2024-08-26,0.25/0.1,2.24,51209.4,125.84999999999997,0.237,-0.249,0.097,-0.091,400,500,19.549999999999955,-3.650000000000034,5864.999999999986,495.292010279206,312.5241928,63885.0,69749.99999999999,5057.183796920781,112245.00000000001,2024
20240828,2024-08-27,0.35/0.15,1.24,51011.65,173.75,0.368,-0.34,0.145,-0.136,400,400,0.700000000000017,-53.94999999999999,210.00000000000512,1023.6484217597317,357.57160239999996,92310.00000000001,92520.0,-1171.2200241597266,67875.0,2024
20240828,2024-08-27,0.25/0.1,1.24,51011.65,107.69999999999997,0.238,-0.276,0.112,-0.106,300,400,21.19999999999996,-27.000000000000043,6359.999999999988,798.7627020904854,297.26829280000004,55200.0,61560.0,5263.969005109502,87690.0,2024
20240925,2024-09-19,0.35/0.15,6.24,53296.45,273.65,0.357,-0.344,0.159,-0.158,600,600,13.949999999999932,-34.65000000000009,4184.99999999998,1128.7805454769154,499.2173152,167265.0,171450.0,2557.0021393230645,97905.0,2024
20240925,2024-09-19,0.25/0.1,6.24,53296.45,167.84999999999994,0.244,-0.237,0.098,-0.104,600,600,12.44999999999996,-34.500000000000114,3734.999999999988,720.943545729805,375.55692280000005,99825.0,103560.0,2638.4995314701832,129645.00000000003,2024
20240925,2024-09-20,0.35/0.15,5.24,53079.45,268.29999999999995,0.371,-0.348,0.145,-0.158,600,600,14.349999999999937,-66.35000000000008,4304.999999999981,1997.3930030470615,473.04710140000003,152850.0,157155.0,1834.5598955529194,99510.00000000001,2024
20240925,2024-09-20,0.25/0.1,5.24,53079.45,147.89999999999998,0.241,-0.238,0.103,-0.105,500,600,16.149999999999977,-56.700000000000045,4844.999999999993,1296.979705310635,358.9094397999999,89970.0,94815.0,3189.110854889358,135630.0,2024
20240925,2024-09-23,0.35/0.15,2.24,53866.3,216.59999999999997,0.33,-0.348,0.14,-0.139,500,600,9.949999999999989,-31.00000000000003,2984.9999999999964,644.6242428848934,428.62189420000004,129389.99999999999,132375.0,1911.7538629151027,115020.00000000001,2024
20240925,2024-09-23,0.25/0.1,2.24,53866.3,141.74999999999997,0.238,-0.26,0.098,-0.103,500,600,7.349999999999966,-33.75000000000003,2204.99999999999,453.1023182517966,351.6889408,87765.0,89970.00000000001,1400.2087409481935,137475.0,2024
20240925,2024-09-24,0.35/0.15,1.24,54121.85,170.70000000000005,0.337,-0.347,0.159,-0.158,400,400,41.85000000000005,-1.75,12555.000000000015,778.73205410479,366.89891200000005,89235.00000000001,101790.00000000001,11409.369033895224,68789.99999999999,2024
20240925,2024-09-24,0.25/0.1,1.24,54121.85,102.85,0.235,-0.238,0.109,-0.107,400,400,36.29999999999998,-1.5499999999999972,10889.999999999995,460.21441567462335,298.3695172,52800.0,63689.99999999999,10131.41606712537,89145.0,2024
20241023,2024-10-15,0.35/0.15,8.24,51906.15,343.55,0.357,-0.356,0.152,-0.155,700,800,11.650000000000034,-16.70999999999998,3495.00000000001,915.5641371866097,574.24284199,203370.0,206865.0,2005.1930208234005,136935.0,2024
20241023,2024-10-15,0.25/0.1,8.24,51906.15,218.0,0.257,-0.239,0.102,-0.091,700,900,14.199999999999989,-17.400000000000034,4259.999999999996,494.65718052105103,422.386015,121620.0,125880.0,3342.9568044789453,204600.0,2024
20241023,2024-10-16,0.35/0.15,7.24,51976.05,338.1,0.363,-0.366,0.143,-0.157,700,800,16.450000000000045,-5.2000000000000455,4935.000000000014,152.07149522697597,550.35803647,189510.0,194445.0,4232.570468303037,138570.0,2024
20241023,2024-10-16,0.25/0.1,7.24,51976.05,196.28999999999996,0.253,-0.244,0.106,-0.099,600,800,14.840000000000003,-8.56000000000006,4452.000000000001,162.56956944256467,407.504707528,113520.0,117971.99999999999,3881.925723029436,181113.0,2024
20241023,2024-10-17,0.35/0.15,6.24,51417.9,304.75,0.333,-0.358,0.145,-0.154,600,800,24.80000000000001,-8.75,7440.000000000004,318.6384220993704,521.69987668,172290.0,179730.00000000003,6599.661701220633,148575.0,2024
20241023,2024-10-17,0.25/0.1,6.24,51417.9,196.2,0.258,-0.237,0.105,-0.098,600,800,28.19999999999999,-3.0500000000000114,8459.999999999996,163.65290091043545,399.22242304,106050.0,114510.0,7897.124676049561,181140.0,2024
20241023,2024-10-18,0.35/0.15,5.24,51398.9,287.65,0.357,-0.347,0.149,-0.151,600,700,-100.00000000000006,-135.85000000000008,-30000.00000000002,339.2852600269697,592.9783214199999,238815.00000000003,208815.0,-30932.263581446987,123705.0,2024
20241023,2024-10-18,0.25/0.1,5.24,51398.9,174.45,0.241,-0.246,0.106,-0.095,500,800,-76.6,-109.45000000000005,-22980.0,338.0834628521834,449.10829246000003,156585.0,133605.0,-23767.191755312186,187665.0,2024
20241023,2024-10-21,0.35/0.15,2.24,52049.4,212.0,0.327,-0.357,0.136,-0.158,500,600,44.95000000000002,-12.850000000000023,13485.000000000005,141.0274930264653,414.24581251,110264.99999999999,123750.0,12929.72669446354,116400.0,2024
20241023,2024-10-21,0.25/0.1,2.24,52049.4,134.65,0.236,-0.235,0.093,-0.094,500,700,45.45000000000002,-12.150000000000006,13635.000000000005,71.47295409785642,327.12675937,63585.0,77220.0,13236.400286532149,169605.0,2024
20241023,2024-10-22,0.35/0.15,1.24,52152.45,166.95,0.339,-0.376,0.15,-0.165,400,400,-155.35000000000008,-155.35000000000008,-46605.00000000002,693.1685888382817,514.58493679,209520.00000000003,162915.0,-47812.75352562831,69915.0,2024
20241023,2024-10-22,0.25/0.1,1.24,52152.45,106.65000000000002,0.231,-0.253,0.094,-0.092,400,500,-184.24999999999994,-184.24999999999994,-55274.999999999985,579.1917459416512,378.79248601000006,143520.0,88245.0,-56232.98423195164,118004.99999999999,2024
20241127,2024-11-19,0.35/0.15,8.24,50802.3,350.84000000000003,0.36,-0.338,0.151,-0.153,800,800,1.6899999999999977,-5.809999999999945,506.9999999999993,560.0849079073366,607.125960658,223215.0,223722.0,-660.2108685653374,134748.0,2024
20241127,2024-11-19,0.25/0.1,8.24,50802.3,221.70999999999995,0.239,-0.255,0.105,-0.101,700,900,-11.540000000000106,-16.080000000000013,-3462.000000000032,335.97436394272245,456.31264304800004,145617.0,142155.0,-4254.287006990754,203487.00000000003,2024
20241127,2024-11-21,0.35/0.15,6.24,49949.55,381.70000000000005,0.365,-0.365,0.152,-0.157,800,900,-13.299999999999955,-70.14999999999992,-3989.9999999999864,309.2462739772315,627.7629572200001,237659.99999999997,233670.0,-4927.0092311972185,155490.0,2024
20241127,2024-11-21,0.25/0.1,6.24,49949.55,232.49,0.243,-0.256,0.095,-0.104,800,900,-4.710000000000008,-59.81999999999999,-1413.0000000000023,471.68964927554157,453.868688098,142755.0,141342.0,-2338.558337373544,200253.0,2024
20241127,2024-11-22,0.35/0.15,5.24,50832.4,316.30000000000007,0.337,-0.36,0.153,-0.145,600,900,-25.09999999999991,-45.29999999999984,-7529.999999999973,350.3210460636877,579.6578851599999,214635.0,207105.0,-8459.97893122366,175109.99999999997,2024
20241127,2024-11-22,0.25/0.1,5.24,50832.4,211.59999999999997,0.266,-0.244,0.099,-0.105,700,800,-35.64999999999998,-67.75000000000006,-10694.999999999993,244.10815177513877,450.08533141000004,147780.0,137085.0,-11389.193483185132,176520.00000000003,2024
20241127,2024-11-25,0.35/0.15,2.24,52153.35,272.80999999999995,0.353,-0.342,0.143,-0.149,600,700,61.90999999999988,0.0,18572.999999999964,939.7981351459614,465.58243553799997,133842.0,152415.0,17167.619429316004,128157.00000000001,2024
20241127,2024-11-25,0.25/0.1,2.24,52153.35,160.3,0.233,-0.241,0.101,-0.095,500,800,52.25,0.0,15675.0,790.2900010174707,355.724558446,77322.0,92997.0,14528.98544053653,191910.0,2024
20241127,2024-11-26,0.35/0.15,1.24,52268.55,224.86000000000004,0.373,-0.349,0.15,-0.159,500,500,77.61000000000004,-4.42999999999995,23283.00000000001,415.38656475343276,403.57440671800003,97122.0,120405.0,22464.03902852858,82542.0,2024
20241127,2024-11-26,0.25/0.1,1.24,52268.55,153.5,0.267,-0.258,0.098,-0.099,500,600,69.60000000000001,-8.949999999999989,20880.000000000004,249.79009440417076,324.62106658000005,56744.99999999999,77625.0,20305.588839015832,133950.0,2024
20250424,2025-04-16,0.35/0.15,8.24,52766.55,413.81,0.357,-0.351,0.156,-0.15,800,1100,-26.689999999999998,-33.97999999999996,-8006.999999999999,776.3333563412486,705.510882718,282267.0,274260.0,-9488.844239059246,205857.00000000003,2025
20250424,2025-04-16,0.25/0.1,8.24,52766.55,251.14999999999998,0.243,-0.241,0.096,-0.102,800,1100,-35.60000000000002,-42.950000000000045,-10680.000000000007,429.0404430236142,508.2251523399999,178845.0,168165.0,-11617.26559536362,254655.0,2025
20250424,2025-04-17,0.35/0.15,7.24,53443.15,426.60999999999996,0.347,-0.361,0.148,-0.153,800,1100,-50.24000000000001,-78.44000000000011,-15072.000000000004,490.74009361850284,761.5358655880002,317577.0,302505.0,-16324.275959206507,202017.00000000003,2025
20250424,2025-04-17,0.25/0.1,7.24,53443.15,277.4,0.261,-0.25,0.103,-0.102,800,1100,-80.05000000000001,-115.19999999999999,-24015.000000000004,297.64627253308345,576.33515299,225375.0,201360.0,-24888.981425523085,246780.0,2025
20250424,2025-04-21,0.35/0.15,3.24,55188.1,351.53999999999996,0.356,-0.358,0.156,-0.145,700,900,142.88999999999996,-8.810000000000002,42866.999999999985,1927.3582881522048,521.115273718,145080.0,187946.99999999997,40418.52643812978,164538.0,2025
20250424,2025-04-21,0.25/0.1,3.24,55188.1,217.34999999999997,0.255,-0.245,0.105,-0.096,700,900,110.74999999999997,-6.740000000000009,33224.99999999999,1112.0620650090875,397.46853673,86310.0,119535.0,31715.469398260906,204795.00000000003,2025
20250424,2025-04-22,0.35/0.15,2.24,55571.55,187.04999999999998,0.359,-0.34,0.142,-0.159,500,500,-1.0000000000000284,-53.650000000000006,-300.0000000000085,82.91954337215485,421.46531391999997,124590.0,124289.99999999999,-804.3848572921634,93885.00000000001,2025
20250424,2025-04-22,0.25/0.1,2.24,55571.55,123.45000000000002,0.25,-0.25,0.101,-0.098,500,700,-1.5999999999999943,-47.099999999999994,-479.9999999999983,104.04861886502806,343.30669228,82950.0,82470.00000000001,-927.3553111450263,172965.0,2025
20250424,2025-04-23,0.35/0.15,1.24,55712.55,186.95000000000002,0.323,-0.365,0.154,-0.142,400,500,-9.699999999999989,-103.71000000000001,-2909.9999999999964,467.17029896261926,393.39927982000006,111570.0,108660.00000000001,-3770.5695787826157,93914.99999999999,2025
20250424,2025-04-23,0.25/0.1,1.24,55712.55,133.85,0.27,-0.256,0.105,-0.097,500,500,32.00999999999999,-57.650000000000034,9602.999999999996,175.0332984017628,326.782056718,66462.0,76065.0,9101.184644880233,109845.0,2025
20250731,2025-07-23,0.35/0.15,8.24,56775.1,287.19999999999993,0.354,-0.352,0.159,-0.147,600,700,-17.95000000000016,-24.550000000000068,-5385.000000000047,123.78758023419624,543.5568031900001,193709.99999999997,188325.0,-6052.3443834242435,123840.00000000001,2025
20250731,2025-07-23,0.25/0.1,8.24,56775.1,180.5,0.243,-0.248,0.101,-0.098,600,700,-19.94999999999996,-25.0,-5984.999999999988,106.88853201713519,408.8158743700001,122145.0,116160.0,-6500.7044063871235,155850.0,2025
20250731,2025-07-24,0.35/0.15,7.24,57084.45,234.7,0.338,-0.338,0.158,-0.15,500,600,6.199999999999989,-13.900000000000034,1859.9999999999966,120.39228389471063,480.88399552,154710.0,156570.0,1258.7237205852862,109590.0,2025
20250731,2025-07-24,0.25/0.1,7.24,57084.45,181.15000000000003,0.255,-0.261,0.093,-0.098,600,700,3.3500000000000796,-19.600000000000023,1005.0000000000239,60.0,385.68647047,104475.0,105480.0,559.3135295300239,155654.99999999997,2025
20250731,2025-07-25,0.35/0.15,6.24,57013.9,252.35000000000005,0.346,-0.365,0.16,-0.144,500,700,-71.69999999999996,-109.79999999999993,-21509.99999999999,323.02308589756984,513.55236088,189915.0,168405.0,-22346.57544677756,134295.0,2025
20250731,2025-07-25,0.25/0.1,6.24,57013.9,172.39999999999998,0.261,-0.248,0.094,-0.096,600,700,-43.69999999999999,-85.14999999999998,-13109.999999999996,324.05117319908413,395.77672804,120585.0,107475.0,-13829.827901239081,158280.0,2025
20250731,2025-07-28,0.35/0.15,3.24,56361.9,222.2,0.354,-0.337,0.147,-0.153,600,500,4.399999999999977,-24.349999999999937,1319.9999999999932,890.4751979348633,460.30446904,144120.0,145440.0,-30.779666974870167,113340.0,2025
20250731,2025-07-28,0.25/0.1,3.24,56361.9,142.95000000000002,0.232,-0.249,0.093,-0.095,600,600,-11.200000000000017,-43.45000000000002,-3360.000000000005,523.2939467274764,358.29869596000003,93150.0,89790.0,-4241.592642687481,137115.0,2025
20250731,2025-07-29,0.35/0.15,2.24,56103.85,212.95000000000005,0.355,-0.361,0.146,-0.152,600,500,50.80000000000007,-13.099999999999994,15240.00000000002,418.80548777687704,405.09252087999994,104040.0,119280.0,14416.101991343143,116114.99999999999,2025
20250731,2025-07-29,0.25/0.1,2.24,56103.85,146.74999999999997,0.265,-0.259,0.095,-0.106,700,500,47.64999999999995,-10.450000000000045,14294.999999999985,304.9484070438733,331.43180821,65385.00000000001,79679.99999999999,13658.619784746112,165975.0,2025
20250731,2025-07-30,0.35/0.15,1.24,56223.15,172.85000000000002,0.378,-0.381,0.159,-0.143,400,400,44.25,-3.25,13275.0,489.8068407572491,357.70922929000005,80205.0,93480.0,12427.48392995275,68145.0,2025
20250731,2025-07-30,0.25/0.1,1.24,56223.15,89.45000000000002,0.25,-0.238,0.103,-0.109,400,300,30.60000000000001,-1.349999999999966,9180.000000000002,305.0434971642496,287.90886646,46005.00000000001,55185.00000000001,8587.047636375752,93164.99999999999,2025
20251028,2025-10-20,0.35/0.15,8.24,57992.3,324.65000000000003,0.366,-0.358,0.152,-0.149,700,800,29.350000000000023,-17.549999999999898,8805.000000000007,352.9499612436399,536.40744319,179115.0,187920.0,7915.642595566368,142605.0,2025
20251028,2025-10-20,0.25/0.1,8.24,57992.3,210.85,0.257,-0.263,0.102,-0.098,700,900,27.950000000000017,-18.099999999999966,8385.000000000005,84.90122599693206,411.2391151300001,112530.0,120915.0,7888.859658873074,206745.0,2025
20251028,2025-10-23,0.35/0.15,5.24,58464.55,261.2,0.358,-0.353,0.145,-0.14,600,700,26.49999999999997,-16.900000000000034,7949.999999999992,492.1701095967802,456.39201196,136995.0,144945.0,7001.437878443212,131640.0,2025
20251028,2025-10-23,0.25/0.1,5.24,58464.55,140.05,0.232,-0.24,0.105,-0.099,500,700,19.00000000000003,-13.0,5700.000000000008,344.93656665615595,351.18695776000004,82470.0,88170.0,5003.876475583852,167985.0,2025
20251028,2025-10-24,0.35/0.15,4.24,58056.7,202.85000000000002,0.378,-0.329,0.153,-0.145,500,500,-47.349999999999966,-86.54999999999995,-14204.999999999989,932.4045386283719,450.5718969699999,150705.0,136500.0,-15587.97643559836,89145.0,2025
20251028,2025-10-24,0.25/0.1,4.24,58056.7,128.15000000000003,0.269,-0.238,0.105,-0.106,500,500,-40.799999999999955,-83.34999999999991,-12239.999999999985,684.2289220760599,362.0459827,101895.0,89655.0,-13286.274904776044,111554.99999999999,2025
20251028,2025-10-27,0.35/0.15,1.24,57974.75,160.44999999999996,0.361,-0.347,0.163,-0.147,400,400,27.89999999999992,-24.35000000000005,8369.999999999976,862.7294258169544,366.1485985,88440.0,96810.0,7141.121975683022,71865.00000000001,2025
20251028,2025-10-27,0.25/0.1,1.24,57974.75,93.65000000000003,0.247,-0.226,0.105,-0.101,400,400,24.400000000000034,-20.84999999999995,7320.00000000001,552.9856919205046,296.43594118,51975.0,59295.0,6470.578366899505,91904.99999999999,2025
20260127,2026-01-19,0.35/0.15,8.24,59753.85,328.45000000000005,0.357,-0.364,0.146,-0.144,700,800,7.5,-11.25,2250.0,500.3156929574868,544.49557072,188415.0,190665.00000000003,1205.1887363225133,141465.0,2026
20260127,2026-01-19,0.25/0.1,8.24,59753.85,214.79999999999998,0.251,-0.264,0.093,-0.098,700,800,10.650000000000006,-8.100000000000051,3195.000000000002,383.7193364993235,416.55154770999997,119310.0,122504.99999999999,2394.7291157906784,175560.0,2026
20260127,2026-01-20,0.35/0.15,7.24,59705.6,276.2,0.332,-0.344,0.147,-0.149,600,700,-7.7000000000000455,-7.7000000000000455,-2310.0000000000136,367.9189459749495,520.5912562599999,179100.0,176790.0,-3198.510202234963,127140.0,2026
20260127,2026-01-20,0.25/0.1,7.24,59705.6,190.65,0.26,-0.245,0.107,-0.101,600,700,0.8499999999999659,-1.9499999999999602,254.99999999998977,301.3966894731686,413.35767745000004,119835.00000000001,120089.99999999999,-459.75436692317885,152805.0,2026
20260127,2026-01-21,0.35/0.15,6.24,59216.8,299.25,0.369,-0.367,0.144,-0.154,700,700,-49.80000000000007,-168.6500000000001,-14940.00000000002,1202.1709527998469,573.81899356,217140.00000000003,202200.0,-16715.989946359867,120225.0,2026
20260127,2026-01-21,0.25/0.1,6.24,59216.8,189.79999999999995,0.255,-0.257,0.094,-0.095,700,800,-61.250000000000085,-209.3,-18375.000000000025,717.1486169225321,431.29068966999995,143565.0,125189.99999999999,-19523.439306592558,183060.0,2026
20260127,2026-01-22,0.35/0.15,5.24,59503.1,263.95,0.353,-0.341,0.15,-0.15,600,700,-4.500000000000057,-100.00000000000006,-1350.000000000017,94.09408189576605,494.4250502800001,164385.0,163035.0,-1938.5191321757832,130815.0,2026
20260127,2026-01-22,0.25/0.1,5.24,59503.1,165.15000000000003,0.237,-0.24,0.094,-0.095,600,800,-4.599999999999966,-102.69999999999999,-1379.9999999999898,60.0,374.1885226,100139.99999999999,98760.00000000001,-1814.1885225999897,190454.99999999997,2026
20260127,2026-01-23,0.35/0.15,4.24,59058.95,264.70000000000005,0.364,-0.347,0.139,-0.148,600,600,-11.449999999999932,-41.099999999999966,-3434.9999999999795,676.4202722738162,496.73929315000004,167204.99999999997,163770.00000000003,-4608.159565423795,100589.99999999999,2026
20260127,2026-01-23,0.25/0.1,4.24,59058.95,167.39999999999998,0.235,-0.266,0.094,-0.094,500,700,-41.20000000000002,-75.75000000000003,-12360.000000000005,413.4556444694259,385.36427835999996,114450.0,102089.99999999999,-13158.819922829432,159780.0,2026
20260330,2026-03-23,0.35/0.15,7.24,52183.15,812.8000000000002,0.345,-0.353,0.152,-0.141,1400,2300,-38.29999999999973,-98.25999999999976,-11489.999999999918,1162.710427593311,1143.7403355400002,519150.0,507660.00000000006,-13796.450763133229,446159.99999999994,2026
20260330,2026-03-23,0.25/0.1,7.24,52183.15,477.70000000000005,0.253,-0.261,0.1,-0.141,1400,1500,-7.409999999999968,-65.34000000000003,-2222.9999999999905,1212.8674423216394,884.8044554980002,373710.0,371487.0,-4320.6718978196295,306690.0,2026
20260330,2026-03-24,0.35/0.15,6.24,52119.95,719.3,0.351,-0.351,0.153,-0.156,1400,1800,35.950000000000045,-22.100000000000136,10785.000000000015,1348.0062275890873,1012.08178951,431865.00000000006,442650.0,8424.911982900927,324210.0,2026
20260330,2026-03-24,0.25/0.1,6.24,52119.95,450.6,0.256,-0.25,0.1,-0.123,1400,1500,23.750000000000057,-35.74999999999994,7125.000000000017,1333.634693297993,726.6176203300001,282060.0,289185.0,5064.747686372024,314820.0,2026
20260330,2026-03-25,0.35/0.15,5.24,53694.25,580.3499999999999,0.342,-0.349,0.145,-0.146,1100,1600,38.149999999999864,-31.700000000000045,11444.99999999996,1476.2542127589054,825.30573517,331530.0,342975.0,9143.440052071053,305895.0,2026
20260330,2026-03-25,0.25/0.1,5.24,53694.25,405.0499999999999,0.259,-0.256,0.101,-0.097,1100,1700,34.699999999999875,-35.25000000000006,10409.999999999962,809.2994052904776,613.98032242,219360.0,229770.0,8986.720272289484,388485.0,2026
20260330,2026-03-27,0.35/0.15,3.24,52743.45,522.75,0.349,-0.36,0.145,-0.148,1000,1300,37.75,-9.600000000000136,11325.0,788.3260599402026,723.71552881,277320.0,288645.0,9812.958411249798,233175.0,2026
20260330,2026-03-27,0.25/0.1,3.24,52743.45,325.85,0.256,-0.245,0.104,-0.098,900,1200,54.650000000000034,-7.550000000000011,16395.00000000001,496.02143320581916,520.4164161699999,164805.0,181199.99999999997,15378.562150624193,262245.0,2026
20260526,2026-05-18,0.35/0.15,8.24,52951.5,642.05,0.345,-0.353,0.151,-0.146,1300,1500,-5.300000000000068,-28.25,-1590.0000000000205,60.0,1103.3791150000002,387044.99999999994,385455.00000000006,-2753.3791150000206,257385.0,2026
20260526,2026-05-18,0.25/0.1,8.24,52951.5,401.4,0.243,-0.243,0.096,-0.097,1300,1400,-11.299999999999955,-26.0,-3389.9999999999864,147.90220005283317,746.8526712400001,238125.0,234735.0,-4284.754871292819,299580.0,2026
20260526,2026-05-19,0.35/0.15,7.24,53617.95,542.15,0.352,-0.342,0.155,-0.146,1100,1300,44.849999999999966,-4.449999999999932,13454.999999999989,422.77410416431314,933.9726450100002,303405.0,316860.0,12098.253250825675,227355.0,2026
20260526,2026-05-19,0.25/0.1,7.24,53617.95,361.7000000000001,0.252,-0.252,0.1,-0.101,1100,1300,43.90000000000009,-4.39999999999992,13170.000000000027,181.877726715606,665.5290916600002,190410.0,203580.00000000003,12322.593181624421,281490.0,2026
20260526,2026-05-20,0.35/0.15,6.24,52992.2,484.6499999999999,0.347,-0.34,0.149,-0.15,1000,1100,-15.350000000000023,-25.850000000000136,-4605.000000000007,304.5269094207146,896.6579434900001,302295.0,297690.0,-5806.184852910722,184605.00000000003,2026
20260526,2026-05-20,0.25/0.1,6.24,52992.2,329.04999999999995,0.258,-0.241,0.099,-0.098,1000,1100,-11.75,-27.250000000000114,-3525.0,60.0,645.02542753,195285.0,191759.99999999997,-4230.02542753,231285.0,2026
20260526,2026-05-21,0.35/0.15,5.24,53859.75,405.94999999999993,0.357,-0.343,0.142,-0.152,900,900,33.39999999999992,-45.85000000000008,10019.999999999976,224.63967027709774,749.3474761000001,228315.0,238335.0,9046.012853622879,148215.00000000003,2026
20260526,2026-05-21,0.25/0.1,5.24,53859.75,249.19999999999993,0.247,-0.244,0.099,-0.101,800,900,22.24999999999997,-60.05000000000007,6674.999999999992,181.37558728503672,538.93414165,142275.0,148950.0,5954.690271064955,195240.00000000003,2026
20260526,2026-05-22,0.35/0.15,4.24,53967.1,349.85,0.362,-0.351,0.155,-0.149,700,800,54.80000000000001,-3.1499999999999773,16440.000000000004,1157.9582893072316,655.7344258,183630.0,200070.00000000003,14626.307284892773,135045.0,2026
20260526,2026-05-22,0.25/0.1,4.24,53967.1,235.95,0.261,-0.261,0.1,-0.103,700,800,49.599999999999966,-2.6000000000000227,14879.999999999989,658.4198997927755,492.81164782,116175.0,131055.0,13728.768452387212,169215.0,2026
20260526,2026-05-25,0.35/0.15,1.24,54911.4,255.70000000000002,0.367,-0.374,0.162,-0.147,500,600,13.650000000000006,-11.049999999999983,4095.000000000002,542.7377904794884,541.09202593,145275.0,149370.0,3011.1701835905133,103289.99999999999,2026
20260526,2026-05-25,0.25/0.1,1.24,54911.4,134.45,0.231,-0.24,0.093,-0.105,500,500,9.349999999999994,-13.0,2804.999999999998,339.58290364943656,381.74618484999996,79110.00000000001,81914.99999999999,2083.6709115005615,109665.0,2026
