date,expiry,cfg,spot,dte,sc_k,sp_k,lc_k,lp_k,sc_d,sp_d,lc_d,lp_d,credit,ic_pnl,ic_maxprofit,ic_maxdd,call_width,put_width,entry_sc,entry_sp,entry_lc,entry_lp,exit_sc,exit_sp,exit_lc,exit_lp,hopt_sc_pnl,hopt_sc_ent,hopt_sc_ext,hopt_sp_pnl,hopt_sp_ent,hopt_sp_ext,hopt_pnl,hopt_prem,hopt_n,hspot_sp_pnl,hspot_sp_ent,hspot_sp_ext,hspot_pnl,hspot_prem,hspot_n,hoptg_sp_pnl,hoptg_sp_ent,hoptg_sp_ext,hoptg_pnl,hoptg_prem,hoptg_n,hspotg_sp_pnl,hspotg_sp_ent,hspotg_sp_ext,hspotg_pnl,hspotg_prem,hspotg_n,hspot_sc_pnl,hspot_sc_ent,hspot_sc_ext,hoptg_sc_pnl,hoptg_sc_ent,hoptg_sc_ext,hspotg_sc_pnl,hspotg_sc_ent,hspotg_sc_ext,year,slip,stat,gross,net,maxloss
2025-01-01,20250102,0.35/0.15,23595.15,1.24,23750,23500,23950,23250,0.323,-0.369,0.134,-0.138,101.5999984741211,-14.75000286102295,5.149995803833008,-29.549994468688965,200,250,67.05000305175781,78.44999694824219,20.950000762939453,22.950000762939453,133.25,36.5,45.849998474121094,7.550000190734863,19.05,69.95,89.0,2.55,47.65,50.2,21.60000228881836,117.5999984741211,2,1.0,35.5,36.5,2.5,174.0500030517578,2,,,,19.050003051757812,69.94999694824219,1,,,,1.5,138.5500030517578,1,1.5,138.55,140.05,19.05,69.95,89.0,1.5,138.55,140.05,2025,421.8894682378963,472.86965911811774,-11062.502145767212,-11957.261273123226,111300.00114440918
2025-01-01,20250102,0.25/0.1,23595.15,1.24,23800,23400,24000,23200,0.268,-0.26,0.103,-0.109,68.89999866485596,-21.150001049041748,4.899997711181641,-41.04999923706055,200,200,51.79999923706055,49.79999923706055,15.199999809265137,17.5,106.25,21.0,31.850000381469727,5.349999904632568,15.7,53.3,69.0,-2.5,30.7,28.2,13.200000762939451,84.0,2,1.15,19.85,21.0,3.1499996185302734,132.85000038146973,2,,,,15.700000762939451,53.29999923706055,1,,,,2.0,113.0,1,2.0,113.0,115.0,15.7,53.3,69.0,2.0,113.0,115.0,2025,349.8207373742031,390.7023667397993,-15862.500786781311,-16603.023890895314,98325.00100135803
2025-01-01,20250102,0.25/0.05,23595.15,1.24,23800,23400,24150,23050,0.268,-0.26,0.043,-0.054,88.14999866485596,-27.900001287460327,7.600000381469727,-62.04999828338623,350,350,51.79999923706055,49.79999923706055,5.5,7.949999809265137,106.25,21.0,8.25,2.950000047683716,15.7,53.3,69.0,-2.5,30.7,28.2,13.200000762939451,84.0,2,1.15,19.85,21.0,3.1499996185302734,132.85000038146973,2,,,,15.700000762939451,53.29999923706055,1,,,,2.0,113.0,1,2.0,113.0,115.0,15.7,53.3,69.0,2.0,113.0,115.0,2025,353.51275239709764,356.5007626108058,-20925.000965595245,-21635.01448060315,196387.50100135803
2025-01-02,20250109,0.35/0.15,23827.8,7.24,24100,23650,24400,23250,0.335,-0.356,0.15,-0.154,174.05000686645508,-8.999990463256836,6.450008392333984,-10.699989318847656,300,400,119.4000015258789,144.10000610351562,39.5,49.95000076293945,252.0,43.95000076293945,97.8000030517578,15.100000381469728,-6.9,126.0,119.1,-2.75,109.4,106.65,-9.649993896484377,235.4000015258789,2,,,,22.800003051757812,129.3000030517578,1,,,,-6.899993896484375,126.0,1,,,,22.800003051757812,129.3000030517578,1,22.8,129.3,152.1,-6.9,126.0,119.1,22.8,129.3,152.1,2025,357.8877004995245,719.9864782007742,-6749.992847442627,-7827.867026142926,169462.4948501587
2025-01-02,20250109,0.25/0.1,23827.8,7.24,24250,23450,24500,23100,0.236,-0.242,0.107,-0.106,101.25,-14.549996376037598,4.8000030517578125,-16.4500093460083,250,350,72.30000305175781,86.94999694824219,25.799999237060547,32.20000076293945,165.1999969482422,25.450000762939453,64.4000015258789,10.449999809265137,-3.6,76.6,73.0,-6.8,66.85,60.05,-10.399993896484377,143.4499969482422,2,,,,17.400001525878906,78.44999694824219,1,,,,-3.5999984741210938,76.5999984741211,1,,,,17.400001525878906,78.44999694824219,1,17.4,78.45,95.85,-3.6,76.6,73.0,17.4,78.45,95.85,2025,250.92886961371985,522.1930107741417,-10912.497282028198,-11685.619162416058,186562.5
2025-01-02,20250109,0.25/0.05,23827.8,7.24,24250,23450,24700,22850,0.236,-0.242,0.049,-0.053,134.85000038146973,-26.249996662139893,6.600003242492676,-30.15000581741333,450,600,72.30000305175781,86.94999694824219,9.899999618530272,14.5,165.1999969482422,25.450000762939453,23.450000762939453,6.099999904632568,-3.6,76.6,73.0,-6.8,66.85,60.05,-10.399993896484377,143.4499969482422,2,,,,17.400001525878906,78.44999694824219,1,,,,-3.5999984741210938,76.5999984741211,1,,,,17.400001525878906,78.44999694824219,1,17.4,78.45,95.85,-3.6,76.6,73.0,17.4,78.45,95.85,2025,235.3658191191471,462.58282798409004,-19687.49749660492,-20385.446143708155,348862.4997138977
2025-01-03,20250109,0.35/0.15,24083.3,6.24,24300,23900,24550,23600,0.334,-0.335,0.158,-0.157,129.3000030517578,16.650005340576172,29.59999656677246,-0.2999954223632812,250,300,93.9000015258789,113.75,35.5,42.849998474121094,50.900001525878906,106.6999969482422,15.350000381469728,29.600000381469727,-10.0,95.1,85.1,-8.0,117.9,109.9,-18.0,213.0,2,-19.8,121.45,101.65,-26.29999542236328,212.5,2,-8.0,117.9,109.9,-18.0,213.0,2,-19.8,121.45,101.65,-19.79999542236328,121.4499969482422,1,-6.5,91.05,84.55,-10.0,95.1,85.1,,,,2025,215.18774444040534,537.6111494323749,12487.504005432129,11734.70511155935,128024.99771118164
2025-01-03,20250109,0.25/0.1,24083.3,6.24,24400,23750,24650,23450,0.255,-0.235,0.109,-0.101,87.9000015258789,24.100003242492676,30.000001907348633,0.0,250,300,65.0999984741211,70.80000305175781,22.549999237060547,25.450000762939453,31.299999237060547,57.54999923706055,9.449999809265137,15.600000381469728,-10.0,66.4,56.4,-2.85,70.95,68.1,-12.849998474121094,137.3499984741211,2,-13.65,72.3,58.65,-17.650001525878906,133.60000228881836,2,-2.85,70.95,68.1,-12.849998474121094,137.3499984741211,2,-13.65,72.3,58.65,-13.650001525878906,72.30000305175781,1,-4.0,61.3,57.3,-10.0,66.4,56.4,,,,2025,228.31934444454254,406.49556021327163,18075.002431869507,17440.187527211692,159074.99885559082
2025-01-03,20250109,0.25/0.05,24083.3,6.24,24400,23750,24850,23200,0.255,-0.235,0.048,-0.046,116.60000133514404,36.950002908706665,43.95000123977661,0.0,450,550,65.0999984741211,70.80000305175781,8.600000381469727,10.699999809265137,31.299999237060547,57.54999923706055,3.799999952316284,5.400000095367432,-10.0,66.4,56.4,-2.85,70.95,68.1,-12.849998474121094,137.3499984741211,2,-13.65,72.3,58.65,-17.650001525878906,133.60000228881836,2,-2.85,70.95,68.1,-12.849998474121094,137.3499984741211,2,-13.65,72.3,58.65,-13.650001525878906,72.30000305175781,1,-4.0,61.3,57.3,-10.0,66.4,56.4,,,,2025,236.21056012870412,379.9145591003106,27712.50218153,27096.377062300984,325049.99899864197
2025-01-06,20250109,0.35/0.15,23929.95,3.24,24100,23800,24350,23500,0.352,-0.365,0.158,-0.151,135.04999542236328,-41.55001735687256,9.749996185302734,-55.89999961853027,250,300,94.3499984741211,108.0999984741211,32.650001525878906,34.75,40.95000076293945,289.70001220703125,15.050000190734863,139.0,-3.0,111.05,108.05,51.65,85.3,136.95,48.649993896484375,196.3500061035156,2,61.1,134.95,196.05,57.90000534057617,191.14999771118164,2,27.95,109.0,136.95,24.949996948242188,220.0500030517578,2,61.1,134.95,196.05,61.100006103515625,134.9499969482422,1,-3.2,56.2,53.0,-3.0,111.05,108.05,,,,2025,1253.4669676926271,703.059982874147,-31162.51301765442,-33119.039968221194,123712.50343322754
2025-01-06,20250109,0.25/0.1,23929.95,3.24,24200,23650,24450,23400,0.265,-0.244,0.105,-0.105,84.45000267028809,-32.89999198913574,9.90000343322754,-47.19999122619629,250,250,64.05000305175781,62.75,19.850000381469727,22.5,27.700000762939453,204.4499969482422,10.0,104.8000030517578,-2.7,75.15,72.45,29.35,47.25,76.6,26.649993896484375,122.4000015258789,2,46.2,77.55,123.75,43.44999694824219,115.8000030517578,2,6.95,69.65,76.6,4.249992370605469,144.8000030517578,2,46.2,77.55,123.75,46.19999694824219,77.55000305175781,1,-2.75,38.25,35.5,-2.7,75.15,72.45,,,,2025,870.8014307138947,538.9157464078799,-24674.993991851807,-26084.711168973583,124162.49799728394
2025-01-06,20250109,0.25/0.05,23929.95,3.24,24200,23650,24600,23200,0.265,-0.244,0.055,-0.049,107.95000267028809,-61.549994468688965,14.500003814697266,-86.59998941421509,400,450,64.05000305175781,62.75,9.350000381469728,9.5,27.700000762939453,204.4499969482422,5.449999809265137,57.20000076293945,-2.7,75.15,72.45,29.35,47.25,76.6,26.649993896484375,122.4000015258789,2,46.2,77.55,123.75,43.44999694824219,115.8000030517578,2,6.95,69.65,76.6,4.249992370605469,144.8000030517578,2,46.2,77.55,123.75,46.19999694824219,77.55000305175781,1,-2.75,38.25,35.5,-2.7,75.15,72.45,,,,2025,750.6042719843725,475.42011969134865,-46162.49585151672,-47388.52024319245,256537.49799728394
2025-01-07,20250109,0.35/0.15,23752.3,2.24,23900,23600,24150,23300,0.353,-0.343,0.148,-0.145,118.89999961853027,24.500001907348633,27.84999942779541,-6.69999885559082,250,300,84.80000305175781,94.9499969482422,27.600000381469727,33.25,49.29999923706055,72.0999984741211,12.199999809265137,14.800000190734863,5.25,67.75,73.0,-8.35,132.15,123.8,-3.0999908447265625,199.8999938964844,2,-22.2,87.45,65.25,-37.70000076293945,161.5,2,-8.35,132.15,123.8,-8.349990844726562,132.14999389648438,1,,,,0.0,0.0,0,-15.5,74.05,58.55,,,,,,,2025,286.7951852528439,470.62474385564906,18375.001430511475,17617.581501402983,135825.0002861023
2025-01-07,20250109,0.25/0.1,23752.3,2.24,24000,23500,24250,23200,0.256,-0.263,0.099,-0.105,81.39999771118164,24.349998474121097,28.149998664855957,-7.100000381469727,250,300,54.70000076293945,67.44999694824219,17.450000762939453,23.299999237060547,27.799999237060547,44.5,7.050000190734863,8.199999809265137,-1.2,42.15,40.95,-10.0,98.35,88.35,-11.200000762939451,140.5,2,-18.4,59.15,40.75,-29.050003051757812,103.9000015258789,2,-10.0,98.35,88.35,-10.0,98.3499984741211,1,,,,0.0,0.0,0,-10.65,44.75,34.1,,,,,,,2025,242.76052196927378,373.36689377892304,18262.498855590824,17646.371439842627,163950.00171661377
2025-01-07,20250109,0.25/0.05,23752.3,2.24,24000,23500,24450,22950,0.256,-0.263,0.045,-0.049,104.4999976158142,38.849998474121094,42.89999866485596,-11.599999904632568,450,550,54.70000076293945,67.44999694824219,7.349999904632568,10.300000190734863,27.799999237060547,44.5,2.75,3.900000095367432,-1.2,42.15,40.95,-10.0,98.35,88.35,-11.200000762939451,140.5,2,-18.4,59.15,40.75,-29.050003051757812,103.9000015258789,2,-10.0,98.35,88.35,-10.0,98.3499984741211,1,,,,0.0,0.0,0,-10.65,44.75,34.1,,,,,,,2025,279.7016990435643,356.40132556273795,29137.49885559082,28501.395830984515,334125.00178813934
2025-01-08,20250109,0.35/0.15,23640.9,1.24,23750,23550,23900,23400,0.324,-0.337,0.152,-0.155,60.19999885559082,10.049996376037598,11.099997520446776,-8.900004386901855,150,150,47.25,52.0,19.200000762939453,19.850000381469727,55.650001525878906,25.950000762939453,21.399999618530273,10.050000190734863,-7.4,27.2,19.8,17.05,47.25,64.3,9.650001525878906,74.45000076293945,2,-15.35,92.0,76.65,23.150001525878903,110.70000076293944,2,4.85,59.45,64.3,-0.25,109.6500015258789,2,-15.35,92.0,76.65,-7.649997711181641,141.5,2,38.5,18.7,57.2,-5.1,50.2,45.1,7.7,49.5,57.2,2025,522.0646156517879,368.79669038163706,7537.497282028198,6646.635975994774,67350.00085830688
2025-01-08,20250109,0.25/0.1,23640.9,1.24,23800,23500,24000,23300,0.254,-0.265,0.092,-0.09,50.55000019073486,8.800000190734863,11.25,-11.949999809265137,200,200,34.75,38.0,11.300000190734863,10.899999618530272,41.0,18.600000381469727,11.600000381469728,6.25,-8.4,19.8,11.4,11.75,33.75,45.5,3.3500003814697266,53.54999923706055,2,-12.5,69.7,57.2,17.70000457763672,82.69999694824219,2,1.3,44.2,45.5,-5.25,81.45000076293945,2,-12.5,69.7,57.2,-5.4499969482421875,105.8499984741211,2,30.2,13.0,43.2,-6.55,37.25,30.7,7.05,36.15,43.2,2025,415.68274541049027,312.9526166708245,6600.0001430511475,5871.364780969832,112087.49985694885
2025-01-08,20250109,0.25/0.05,23640.9,1.24,23800,23500,24100,23200,0.254,-0.265,0.055,-0.053,59.94999980926514,10.19999933242798,14.250000476837158,-14.899999618530272,300,300,34.75,38.0,6.550000190734863,6.25,41.0,18.600000381469727,5.949999809265137,3.900000095367432,-8.4,19.8,11.4,11.75,33.75,45.5,3.3500003814697266,53.54999923706055,2,-12.5,69.7,57.2,17.70000457763672,82.69999694824219,2,1.3,44.2,45.5,-5.25,81.45000076293945,2,-12.5,69.7,57.2,-5.4499969482421875,105.8499984741211,2,30.2,13.0,43.2,-6.55,37.25,30.7,7.05,36.15,43.2,2025,410.545841543203,301.25445259170795,7649.999499320985,6938.199205186073,180037.50014305115
2025-01-09,20250116,0.35/0.15,23611.9,7.24,23800,23450,24100,23150,0.364,-0.335,0.153,-0.147,140.89999771118164,-2.349996566772461,2.6000022888183594,-5.350000381469727,300,300,108.5999984741211,103.4000015258789,34.400001525878906,36.70000076293945,89.94999694824219,125.0999984741211,25.350000381469727,46.45000076293945,-1.4,118.3,116.9,18.0,96.5,114.5,16.599998474121094,214.8000030517578,2,-21.7,120.5,98.8,-41.649993896484375,232.9499969482422,2,9.3,105.2,114.5,7.900001525878906,223.5,2,-21.7,120.5,98.8,-41.649993896484375,232.9499969482422,2,-19.95,112.45,92.5,-1.4,118.3,116.9,-19.95,112.45,92.5,2025,232.9904754680844,587.8081441709471,-1762.4974250793457,-2583.2960447183773,119325.00171661377
2025-01-09,20250116,0.25/0.1,23611.9,7.24,23950,23350,24200,23000,0.244,-0.261,0.108,-0.093,91.94999885559082,-6.80000114440918,2.7499961853027344,-11.25,250,350,62.349998474121094,74.0,22.600000381469727,21.799999237060547,50.150001525878906,91.8499984741211,16.149999618530273,27.100000381469727,-5.75,70.0,64.25,16.3,69.2,85.5,10.550003051757812,139.1999969482422,2,-16.35,87.3,70.95,-29.30000686645508,151.45000457763672,2,10.15,75.35,85.5,4.400001525878906,145.3499984741211,2,-16.35,87.3,70.95,-29.30000686645508,151.45000457763672,2,-12.95,64.15,51.2,-5.75,70.0,64.25,-12.95,64.15,51.2,2025,156.97576914504674,443.1031312455721,-5100.000858306885,-5700.079758697504,193537.50085830688
2025-01-09,20250116,0.25/0.05,23611.9,7.24,23950,23350,24400,22800,0.244,-0.261,0.052,-0.049,115.54999828338624,-6.80000114440918,4.499996185302734,-13.999998569488524,450,550,62.349998474121094,74.0,10.0,10.800000190734863,50.150001525878906,91.8499984741211,6.550000190734863,13.100000381469728,-5.75,70.0,64.25,16.3,69.2,85.5,10.550003051757812,139.1999969482422,2,-16.35,87.3,70.95,-29.30000686645508,151.45000457763672,2,10.15,75.35,85.5,4.400001525878906,145.3499984741211,2,-16.35,87.3,70.95,-29.30000686645508,151.45000457763672,2,-12.95,64.15,51.2,-5.75,70.0,64.25,-12.95,64.15,51.2,2025,156.97576914504674,409.9887684484616,-5100.000858306885,-5666.965395900394,325837.5012874603
2025-01-10,20250116,0.35/0.15,23446.0,6.24,23650,23300,23950,22900,0.353,-0.363,0.146,-0.141,162.14999389648438,23.4999942779541,26.94999313354492,-6.450004577636719,300,400,107.4499969482422,126.9499969482422,32.95000076293945,39.29999923706055,74.4000015258789,115.5999984741211,21.399999618530273,29.950000762939453,-1.95,99.8,97.85,-3.7,157.6,153.9,-5.650016784667969,257.40000915527344,2,-6.65,86.1,79.45,5.750007629394531,219.54999542236328,2,-3.7,157.6,153.9,13.949989318847656,272.75000762939453,2,,,,12.400009155273438,133.4499969482422,1,12.4,133.45,145.85,17.65,115.15,132.8,12.4,133.45,145.85,2025,633.9039282829962,581.8114929041586,17624.995708465576,16409.280287278423,178387.50457763672
2025-01-10,20250116,0.25/0.1,23446.0,6.24,23800,23150,24050,22750,0.235,-0.263,0.101,-0.093,97.85000038146973,18.650001525878903,23.45000267028809,-7.999998092651367,250,400,60.25,83.5,21.25,24.649999618530273,39.79999923706055,71.5999984741211,14.149999618530272,18.049999237060547,-6.5,57.85,51.35,-5.2,105.5,100.3,-11.699996948242188,163.3499984741211,2,-4.45,53.65,49.2,4.849994659423828,127.45000457763672,2,-5.2,105.5,100.3,21.70000457763672,170.3499984741211,2,,,,9.29999542236328,73.80000305175781,1,9.3,73.8,83.1,26.9,64.85,91.75,9.3,73.8,83.1,2025,458.27405808027174,429.38397075374036,13987.501144409178,13099.843115575166,226612.4997138977
2025-01-10,20250116,0.25/0.05,23446.0,6.24,23800,23150,24250,22550,0.235,-0.263,0.047,-0.053,121.70000076293944,26.550003051757812,30.400002002716064,-9.849996089935305,450,600,60.25,83.5,8.649999618530273,13.399999618530272,39.79999923706055,71.5999984741211,6.199999809265137,10.050000190734863,-6.5,57.85,51.35,-5.2,105.5,100.3,-11.699996948242188,163.3499984741211,2,-4.45,53.65,49.2,4.849994659423828,127.45000457763672,2,-5.2,105.5,100.3,21.70000457763672,170.3499984741211,2,,,,9.29999542236328,73.80000305175781,1,9.3,73.8,83.1,26.9,64.85,91.75,9.3,73.8,83.1,2025,395.26371939492066,404.3348919440384,19912.50228881836,19112.9036774794,358724.9994277954
2025-01-13,20250116,0.35/0.15,23236.45,3.24,23400,23100,23650,22800,0.353,-0.357,0.152,-0.158,125.60000038146973,11.04999828338623,21.05000114440918,-7.699995040893555,250,300,91.1500015258789,102.5999984741211,29.899999618530273,38.25,36.29999923706055,134.3000030517578,13.050000190734863,43.0,6.7,89.7,96.4,-6.8,83.0,76.2,-0.0999984741210937,172.6999969482422,2,-5.95,88.4,82.45,-33.80000305175781,225.4000015258789,2,-2.75,104.05,101.3,-13.150001525878906,210.8500061035156,2,33.1,103.35,136.45,5.25,240.3499984741211,2,-27.85,137.0,109.15,-10.4,106.8,96.4,-27.85,137.0,109.15,2025,335.19588698907535,535.5741488725457,8287.498712539673,7416.728676678053,130799.9997138977
2025-01-13,20250116,0.25/0.1,23236.45,3.24,23500,22950,23750,22650,0.258,-0.242,0.104,-0.102,78.75,12.399996757507324,20.150001525878903,-9.100000381469728,250,300,58.599998474121094,62.95000076293945,19.299999237060547,23.5,23.850000381469727,76.80000305175781,9.199999809265137,25.100000381469727,4.9,58.3,63.2,-7.45,50.5,43.05,-2.549999237060547,108.79999923706056,2,-5.4,52.65,47.25,-26.050003051757812,144.95000457763672,2,12.7,66.05,78.75,2.6999969482421875,137.9000015258789,2,8.95,68.8,77.75,-11.70000457763672,161.10000610351562,2,-20.65,92.3,71.65,-10.0,71.85,61.85,-20.65,92.3,71.65,2025,277.69193268966177,403.2920474425073,9299.997568130493,8619.013587998325,165937.5
2025-01-13,20250116,0.25/0.05,23236.45,3.24,23500,22950,23950,22400,0.258,-0.242,0.051,-0.053,100.5999994277954,19.099996089935303,28.25,-11.699999809265137,450,550,58.599998474121094,62.95000076293945,8.949999809265137,12.0,23.850000381469727,76.80000305175781,5.349999904632568,13.800000190734863,4.9,58.3,63.2,-7.45,50.5,43.05,-2.549999237060547,108.79999923706056,2,-5.4,52.65,47.25,-26.050003051757812,144.95000457763672,2,12.7,66.05,78.75,2.6999969482421875,137.9000015258789,2,8.95,68.8,77.75,-11.70000457763672,161.10000610351562,2,-20.65,92.3,71.65,-10.0,71.85,61.85,-20.65,92.3,71.65,2025,229.4650496828259,379.77087903421517,14324.997067451477,13715.761138734437,337050.00042915344
2025-01-14,20250116,0.35/0.15,23176.35,2.24,23300,23050,23500,22850,0.342,-0.322,0.142,-0.153,77.64999771118164,17.89999771118164,22.84999942779541,-1.7499980926513672,200,200,62.599998474121094,62.79999923706055,20.950000762939453,26.799999237060547,53.0,34.75,13.949999809265137,14.050000190734863,8.35,57.15,65.5,-9.1,67.0,57.9,-0.75,124.1500015258789,2,-5.15,44.15,39.0,2.8499984741210938,113.6500015258789,2,-9.1,67.0,57.9,-7.549999237060547,130.95000076293945,2,,,,8.0,69.5,1,8.0,69.5,77.5,1.55,63.95,65.5,8.0,69.5,77.5,2025,225.175334410245,397.9962845116635,13424.99828338623,12801.82666446432,91762.50171661377
2025-01-14,20250116,0.25/0.1,23176.35,2.24,23400,23000,23600,22750,0.222,-0.27,0.091,-0.108,54.39999866485596,20.949999809265137,22.899999618530273,0.0,200,250,34.95000076293945,50.849998474121094,12.800000190734863,18.600000381469727,25.299999237060547,26.649999618530273,8.149999618530273,10.350000381469728,9.05,31.25,40.3,-9.55,54.3,44.75,-0.5,85.54999923706055,2,-4.0,34.7,30.7,0.5,70.9000015258789,2,-9.55,54.3,44.75,-6.900001525878906,91.95000076293944,2,,,,4.5,36.20000076293945,1,4.5,36.2,40.7,2.65,37.65,40.3,4.5,36.2,40.7,2025,212.36979936343045,328.0712040689158,15712.499856948853,15172.058853516506,146700.00100135803
2025-01-14,20250116,0.25/0.05,23176.35,2.24,23400,23000,23750,22450,0.222,-0.27,0.051,-0.048,69.44999885559082,28.0,30.39999771118164,0.0,350,550,34.95000076293945,50.849998474121094,7.300000190734863,9.050000190734863,25.299999237060547,26.649999618530273,4.449999809265137,6.050000190734863,9.05,31.25,40.3,-9.55,54.3,44.75,-0.5,85.54999923706055,2,-4.0,34.7,30.7,0.5,70.9000015258789,2,-9.55,54.3,44.75,-6.900001525878906,91.95000076293944,2,,,,4.5,36.20000076293945,1,4.5,36.2,40.7,2.65,37.65,40.3,4.5,36.2,40.7,2025,225.9748058658693,314.46432622948066,21000.0,20459.56086790465,360412.5008583069
2025-01-15,20250116,0.35/0.15,23204.2,1.24,23300,23150,23450,22950,0.326,-0.387,0.131,-0.15,65.70000171661377,30.45000267028809,30.45000267028809,-0.9999980926513672,150,200,42.20000076293945,57.25,13.949999809265137,19.799999237060547,23.149999618530273,28.649999618530273,7.550000190734863,9.0,16.15,44.85,61.0,-1.05,31.25,30.2,15.10000228881836,76.0999984741211,2,-6.1,37.35,31.25,-8.849998474121094,83.69999694824219,2,-10.0,58.6,48.6,6.150001525878906,103.4499969482422,2,,,,-2.75,46.349998474121094,1,-2.75,46.35,43.6,16.15,44.85,61.0,-2.75,46.35,43.6,2025,318.30282399593113,341.2787299610577,22837.502002716068,22177.92044875908,100724.99871253967
2025-01-15,20250116,0.25/0.1,23204.2,1.24,23350,23050,23500,22850,0.242,-0.242,0.099,-0.097,38.30000114440918,21.90000057220459,22.400001049041748,-1.3500003814697266,150,200,28.450000762939453,33.0,10.399999618530272,12.75,14.550000190734863,14.350000381469728,5.849999904632568,6.650000095367432,8.2,30.9,39.1,2.8,18.65,21.45,11.0,49.54999923706055,2,-3.65,20.7,17.05,-4.600002288818359,50.55000114440918,2,,,,8.19999885559082,30.899999618530273,1,,,,-0.9500007629394532,29.850000381469727,1,-0.95,29.85,28.9,8.2,30.9,39.1,-0.95,29.85,28.9,2025,270.60985388255995,285.1646388772139,16425.000429153442,15869.225936393668,121274.99914169312
2025-01-15,20250116,0.25/0.05,23204.2,1.24,23350,23050,23600,22700,0.242,-0.242,0.056,-0.052,48.75000095367432,27.15000033378601,27.950001001358032,-1.6000008583068848,250,350,28.450000762939453,33.0,5.75,6.949999809265137,14.550000190734863,14.350000381469728,3.3499999046325684,3.950000047683716,8.2,30.9,39.1,2.8,18.65,21.45,11.0,49.54999923706055,2,-3.65,20.7,17.05,-4.600002288818359,50.55000114440918,2,,,,8.19999885559082,30.899999618530273,1,,,,-0.9500007629394532,29.850000381469727,1,-0.95,29.85,28.9,8.2,30.9,39.1,-0.95,29.85,28.9,2025,286.20163259642015,276.0946698158504,20362.500250339508,19800.203947927235,225937.49928474426
2025-01-16,20250123,0.35/0.15,23319.4,7.24,23500,23200,23800,22850,0.357,-0.364,0.138,-0.147,142.600004196167,-15.849998474121094,5.7220458984375e-06,-17.649995803833008,300,350,95.9000015258789,112.0500030517578,28.399999618530273,36.95000076293945,106.5,129.5500030517578,31.350000381469727,46.25,-9.3,101.0,91.7,1.15,115.35,116.5,-8.150001525878906,216.3499984741211,2,-9.7,119.7,110.0,-11.849998474121094,224.3499984741211,2,1.15,115.35,116.5,-8.150001525878906,216.3499984741211,2,-9.7,119.7,110.0,-11.849998474121094,224.3499984741211,2,-2.15,104.65,102.5,-9.3,101.0,91.7,-2.15,104.65,102.5,2025,735.1043426719451,594.8243086678945,-11887.49885559082,-13217.427506930659,155549.99685287476
2025-01-16,20250123,0.25/0.1,23319.4,7.24,23600,23050,23900,22700,0.269,-0.253,0.098,-0.096,93.34999656677246,-15.650005340576172,3.814697265625e-06,-17.400005340576172,300,350,65.0999984741211,70.44999694824219,19.149999618530273,23.049999237060547,73.25,84.6500015258789,20.25,28.649999618530273,7.1,69.2,76.3,-3.6,73.25,69.65,3.5000076293945312,142.4499969482422,2,-6.4,76.0,69.6,-6.3000030517578125,146.6500015258789,2,-3.6,73.25,69.65,3.5000076293945312,142.4499969482422,2,-6.4,76.0,69.6,-6.3000030517578125,146.6500015258789,2,0.1,70.65,70.75,7.1,69.2,76.3,0.1,70.65,70.75,2025,444.98311337133424,452.89816587080765,-11737.504005432129,-12635.38528467427,192487.50257492065
2025-01-16,20250123,0.25/0.05,23319.4,7.24,23600,23050,24100,22450,0.269,-0.253,0.049,-0.049,114.84999465942384,-21.20000648498535,0.0,-23.350008964538578,500,600,65.0999984741211,70.44999694824219,9.100000381469728,11.600000381469728,73.25,84.6500015258789,8.75,13.100000381469728,7.1,69.2,76.3,-3.6,73.25,69.65,3.5000076293945312,142.4499969482422,2,-6.4,76.0,69.6,-6.3000030517578125,146.6500015258789,2,-3.6,73.25,69.65,3.5000076293945312,142.4499969482422,2,-6.4,76.0,69.6,-6.3000030517578125,146.6500015258789,2,0.1,70.65,70.75,7.1,69.2,76.3,0.1,70.65,70.75,2025,398.8148695725608,416.8178643029375,-15900.004863739014,-16715.637597614514,363862.5040054321
2025-01-17,20250123,0.35/0.15,23199.05,6.24,23400,23050,23650,22750,0.338,-0.344,0.148,-0.156,125.10000038146973,-0.25,4.900005340576172,-29.79999351501465,250,300,91.0,103.75,30.149999618530273,39.5,96.6999969482422,90.3000030517578,29.649999618530273,32.0,12.05,102.0,114.05,-6.5,94.9,88.4,5.5500030517578125,196.9000015258789,2,11.75,122.5,134.25,27.099998474121097,229.5500030517578,2,25.7,104.95,130.65,37.75,206.9499969482422,2,11.75,122.5,134.25,27.099998474121097,229.5500030517578,2,15.35,107.05,122.4,12.05,102.0,114.05,15.35,107.05,122.4,2025,300.6690254014283,548.6523722397403,-187.5,-1036.8213976411687,131174.9997138977
2025-01-17,20250123,0.25/0.1,23199.05,6.24,23500,22900,23750,22600,0.252,-0.236,0.1,-0.101,81.10000038146973,-0.299997329711914,3.9000015258789062,-34.35000419616699,250,300,60.04999923706055,64.1500015258789,19.0,24.100000381469727,62.849998474121094,54.5,17.25,18.700000762939453,6.9,66.9,73.8,37.65,58.1,95.75,44.55000305175781,125.0,2,11.6,75.0,86.6,25.650001525878903,147.0,2,30.75,65.0,95.75,37.650001525878906,131.9000015258789,2,11.6,75.0,86.6,25.650001525878903,147.0,2,14.05,72.0,86.05,6.9,66.9,73.8,14.05,72.0,86.05,2025,214.29178765390418,413.6159815389471,-224.99799728393552,-852.9057664767868,164174.9997138977
2025-01-17,20250123,0.25/0.05,23199.05,6.24,23500,22900,23950,22350,0.252,-0.236,0.047,-0.05,104.60000133514404,1.9000024795532229,6.300002098083496,-51.4500036239624,450,550,60.04999923706055,64.1500015258789,8.199999809265137,11.399999618530272,62.849998474121094,54.5,6.449999809265137,8.199999809265137,6.9,66.9,73.8,37.65,58.1,95.75,44.55000305175781,125.0,2,11.6,75.0,86.6,25.650001525878903,147.0,2,30.75,65.0,95.75,37.650001525878906,131.9000015258789,2,11.6,75.0,86.6,25.650001525878903,147.0,2,14.05,72.0,86.05,6.9,66.9,73.8,14.05,72.0,86.05,2025,186.1350004892656,382.98564759760325,1425.0018596649172,855.8812115780484,334049.99899864197
2025-01-20,20250123,0.35/0.15,23221.05,3.24,23400,23050,23650,22750,0.349,-0.334,0.152,-0.146,128.70000076293945,9.650005340576172,16.249996185302734,-1.2500038146972656,250,300,96.6500015258789,98.5999984741211,31.200000762939453,35.349998474121094,131.14999389648438,40.75,39.099998474121094,13.75,-7.15,95.95,88.8,-8.9,74.9,66.0,-16.04999542236328,170.8499984741211,2,,,,23.75,91.9000015258789,1,,,,-9.45000457763672,97.0500030517578,1,,,,-4.25,119.9000015258789,1,23.75,91.9,115.65,-9.45,97.05,87.6,-4.25,119.9,115.65,2025,581.6977596155817,533.6617430797786,7237.504005432129,6122.144502736768,128474.99942779541
2025-01-20,20250123,0.25/0.1,23221.05,3.24,23500,22950,23750,22650,0.261,-0.259,0.1,-0.106,91.15000343322754,9.900006294250488,18.7000036239624,-1.3999977111816406,250,300,63.400001525878906,70.9000015258789,18.649999618530273,24.5,85.5999984741211,27.649999618530273,21.700000762939453,10.300000190734863,15.15,60.35,75.5,-9.7,52.25,42.55,5.450000762939453,112.5999984741211,2,,,,17.14999771118164,57.20000076293945,1,,,,-2.0,77.5,1,,,,-5.349998474121094,79.69999694824219,1,17.15,57.2,74.35,-2.0,77.5,75.5,-5.35,79.7,74.35,2025,430.1652679273476,418.79954234386776,7425.004720687866,6576.039910416651,156637.49742507935
2025-01-20,20250123,0.25/0.05,23221.05,3.24,23500,22950,23900,22400,0.261,-0.259,0.052,-0.047,115.65000343322754,17.35000514984131,28.600003242492676,-1.9499988555908203,400,550,63.400001525878906,70.9000015258789,8.649999618530273,10.0,85.5999984741211,27.649999618530273,9.199999809265137,5.75,15.15,60.35,75.5,-9.7,52.25,42.55,5.450000762939453,112.5999984741211,2,,,,17.14999771118164,57.20000076293945,1,,,,-2.0,77.5,1,,,,-5.349998474121094,79.69999694824219,1,17.15,57.2,74.35,-2.0,77.5,75.5,-5.35,79.7,74.35,2025,404.96188356763594,392.3590165996995,13012.503862380981,12215.182962213647,325762.49742507935
2025-01-21,20250123,0.35/0.15,23346.3,2.24,23500,23200,23700,22950,0.343,-0.336,0.157,-0.149,105.4499969482422,-36.15000104904175,5.850000381469727,-48.00000190734863,200,250,79.69999694824219,84.0,27.450000762939453,30.799999237060547,17.649999618530273,214.5,6.650000095367432,83.9000015258789,-9.25,58.05,48.8,-10.0,110.6,100.6,-19.25,168.64999771118164,2,-4.15,185.5,181.35,4.100006103515625,261.8499984741211,2,-10.0,110.6,100.6,-9.949996948242188,198.5999984741211,2,-4.15,185.5,181.35,-4.049995422363281,272.3499984741211,2,8.25,76.35,84.6,0.05,88.0,88.05,0.1,86.85,86.95,2025,644.0586940078094,557.7635319221695,-27112.50078678131,-28314.32301271129,108412.50228881836
2025-01-21,20250123,0.25/0.1,23346.3,2.24,23600,23100,23800,22850,0.241,-0.248,0.096,-0.104,69.5999984741211,-36.59999346733093,5.899997711181641,-54.550004959106445,200,250,48.29999923706055,56.79999923706055,15.100000381469728,20.399999618530273,10.649999618530272,153.89999389648438,3.950000047683716,54.400001525878906,6.8,36.9,43.7,-10.0,76.9,66.9,-3.200000762939453,113.8000030517578,2,-3.85,137.6,133.75,0.6999931335449219,183.80000686645508,2,-10.0,76.9,66.9,-18.849998474121097,127.0,2,-3.85,137.6,133.75,-3.9000091552734375,190.25000762939453,2,4.55,46.2,50.75,-8.85,50.1,41.25,-0.05,52.65,52.6,2025,538.6378618824028,430.50944211000524,-27449.9951004982,-28419.142404490605,135300.00114440918
2025-01-21,20250123,0.25/0.05,23346.3,2.24,23600,23100,23950,22650,0.241,-0.248,0.045,-0.051,89.1499981880188,-52.499995708465576,8.299998760223389,-82.10000896453857,350,450,48.29999923706055,56.79999923706055,6.400000095367432,9.550000190734863,10.649999618530272,153.89999389648438,2.5,20.399999618530273,6.8,36.9,43.7,-10.0,76.9,66.9,-3.200000762939453,113.8000030517578,2,-3.85,137.6,133.75,0.6999931335449219,183.80000686645508,2,-10.0,76.9,66.9,-18.849998474121097,127.0,2,-3.85,137.6,133.75,-3.9000091552734375,190.25000762939453,2,4.55,46.2,50.75,-8.85,50.1,41.25,-0.05,52.65,52.6,2025,488.7604253769589,386.13916262391217,-39374.99678134918,-40249.896369350055,270637.5013589859
2025-01-22,20250123,0.35/0.15,23065.3,1.24,23200,22950,23350,22750,0.315,-0.323,0.158,-0.134,67.5999984741211,27.049996852874756,31.94999599456787,-0.3500003814697265,150,200,53.75,56.29999923706055,22.600000381469727,19.850000381469727,46.400001525878906,13.800000190734863,14.0,5.650000095367432,-10.0,65.2,55.2,-5.95,37.2,31.25,-15.950000762939451,102.39999771118164,2,9.15,41.05,50.2,-11.14999771118164,101.04999923706056,2,-7.5,56.55,49.05,-17.5,121.74999618530272,2,,,,-20.299999237060547,60.0,1,-20.3,60.0,39.7,-10.0,65.2,55.2,-20.3,60.0,39.7,2025,416.4659539017918,361.6505050514748,20287.497639656067,19509.3811807028,99300.00114440918
2025-01-22,20250123,0.25/0.1,23065.3,1.24,23250,22900,23450,22700,0.254,-0.264,0.097,-0.104,56.80000019073486,27.850000858306885,29.95000171661377,-0.2000017166137695,200,200,40.650001525878906,44.04999923706055,13.050000190734863,14.850000381469728,30.5,10.649999618530272,7.550000190734863,4.650000095367432,-10.0,47.15,37.15,-6.85,29.15,22.3,-16.850000381469727,76.30000114440918,2,6.6,31.5,38.1,-8.200000762939453,74.29999923706055,2,,,,-10.0,47.150001525878906,1,,,,-14.799999237060549,42.79999923706055,1,-14.8,42.8,28.0,-10.0,47.15,37.15,-14.8,42.8,28.0,2025,366.49310558629645,315.356892907006,20887.500643730164,20205.65064523686,107399.99985694885
2025-01-22,20250123,0.25/0.05,23065.3,1.24,23250,22900,23600,22550,0.254,-0.264,0.047,-0.049,72.15000057220459,37.0500009059906,39.299999713897705,0.0,350,350,40.650001525878906,44.04999923706055,6.0,6.550000190734863,30.5,10.649999618530272,3.200000047683716,2.8499999046325684,-10.0,47.15,37.15,-6.85,29.15,22.3,-16.850000381469727,76.30000114440918,2,6.6,31.5,38.1,-8.200000762939453,74.29999923706055,2,,,,-10.0,47.150001525878906,1,,,,-14.799999237060549,42.79999923706055,1,-14.8,42.8,28.0,-10.0,47.15,37.15,-14.8,42.8,28.0,2025,335.079102572653,303.6195191725451,27787.50067949295,27148.80205774775,208387.49957084656
2025-01-23,20250130,0.35/0.15,23192.75,7.24,23400,23050,23700,22700,0.363,-0.357,0.156,-0.154,158.75,3.800003051757813,6.5500030517578125,-3.350006103515625,300,350,119.5999984741211,118.9000015258789,37.5,42.25,123.8499984741211,104.9499969482422,36.79999923706055,37.04999923706055,-2.75,132.75,130.0,-2.3,106.5,104.2,-5.0500030517578125,239.25,2,-13.45,119.35,105.9,-25.949996948242188,257.5499954223633,2,,,,-2.75,132.75,1,-13.45,119.35,105.9,-25.949996948242188,257.5499954223633,2,-12.5,138.2,125.7,-2.75,132.75,130.0,-12.5,138.2,125.7,2025,498.5781891909998,625.790474778,2850.00228881836,1725.6336248493603,143437.5
2025-01-23,20250130,0.25/0.1,23192.75,7.24,23550,22900,23800,22550,0.25,-0.256,0.108,-0.101,98.80000495910645,6.250009536743164,9.150007247924805,-1.199993133544922,250,350,70.05000305175781,78.4000015258789,23.600000381469727,26.049999237060547,70.8499984741211,67.69999694824219,22.850000381469727,23.149999618530273,-5.7,78.2,72.5,-1.7,70.25,68.55,-7.399993896484375,148.4499969482422,2,-9.1,78.55,69.45,-17.650009155273438,159.3000030517578,2,,,,-5.6999969482421875,78.19999694824219,1,-9.1,78.55,69.45,-17.650009155273438,159.3000030517578,2,-8.55,80.75,72.2,-5.7,78.2,72.5,-8.55,80.75,72.2,2025,373.4599871629293,459.5313057763605,4687.507152557373,3854.5158596180836,188399.99628067017
2025-01-23,20250130,0.25/0.05,23192.75,7.24,23550,22900,24050,22300,0.25,-0.256,0.045,-0.048,128.100004196167,8.200008392333984,12.250007629394531,-2.599994659423828,500,600,70.05000305175781,78.4000015258789,8.800000190734863,11.550000190734863,70.8499984741211,67.69999694824219,7.75,10.899999618530272,-5.7,78.2,72.5,-1.7,70.25,68.55,-7.399993896484375,148.4499969482422,2,-9.1,78.55,69.45,-17.650009155273438,159.3000030517578,2,,,,-5.6999969482421875,78.19999694824219,1,-9.1,78.55,69.45,-17.650009155273438,159.3000030517578,2,-8.55,80.75,72.2,-5.7,78.2,72.5,-8.55,80.75,72.2,2025,328.6662519683095,420.49636605271155,6150.006294250488,5400.843676229467,353924.99685287476
2025-01-24,20250130,0.35/0.15,23241.3,6.24,23450,23100,23750,22700,0.348,-0.368,0.138,-0.144,165.10000228881836,9.850005149841309,24.800004959106445,-9.599994659423828,300,400,105.0,130.8000030517578,30.200000762939453,40.5,48.54999923706055,163.4499969482422,12.699999809265137,44.04999923706055,-6.95,87.6,80.65,-10.0,173.0,163.0,-16.949996948242188,260.5999984741211,2,9.4,103.45,112.85,33.55000305175781,196.8499984741211,2,-10.0,173.0,163.0,6.299995422363281,281.8499984741211,2,-16.8,132.9,116.1,-6.749992370605469,240.3999938964844,2,24.15,93.4,117.55,16.3,108.85,125.15,10.05,107.5,117.55,2025,375.66858848255873,595.9642450791803,7387.503862380981,6415.871028819243,176174.99828338623
2025-01-24,20250130,0.25/0.1,23241.3,6.24,23550,22900,23850,22550,0.267,-0.238,0.095,-0.095,102.14999961853027,16.749996185302734,24.800002098083496,-3.750001907348633,300,350,71.94999694824219,74.55000305175781,19.25,25.100000381469727,31.25,87.80000305175781,8.399999618530273,25.25,-3.25,59.7,56.45,-10.0,100.6,90.6,-13.250003814697266,160.29999923706055,2,5.7,53.1,58.8,21.700000762939453,116.0999984741211,2,-10.0,100.6,90.6,0.9500045776367188,173.54999542236328,2,-5.6,76.25,70.65,-15.599998474121094,165.25,2,16.0,63.0,79.0,10.95,72.95,83.9,-10.0,89.0,79.0,2025,328.67493036441124,435.9190762784424,12562.49713897705,11797.903132334197,185887.5002861023
2025-01-24,20250130,0.25/0.05,23241.3,6.24,23550,22900,24000,22350,0.267,-0.238,0.054,-0.053,123.14999961853027,21.299996852874756,32.6000018119812,-6.400002479553223,450,550,71.94999694824219,74.55000305175781,10.050000190734863,13.300000190734863,31.25,87.80000305175781,5.099999904632568,12.100000381469728,-3.25,59.7,56.45,-10.0,100.6,90.6,-13.250003814697266,160.29999923706055,2,5.7,53.1,58.8,21.700000762939453,116.0999984741211,2,-10.0,100.6,90.6,0.9500045776367188,173.54999542236328,2,-5.6,76.25,70.65,-15.599998474121094,165.25,2,16.0,63.0,79.0,10.95,72.95,83.9,-10.0,89.0,79.0,2025,320.96944410325824,411.30013701462383,15974.997639656067,15242.728058538185,320137.5002861023
2025-01-27,20250130,0.35/0.15,22974.75,3.24,23150,22800,23450,22500,0.357,-0.337,0.143,-0.147,139.75,16.500001907348633,18.30000686645508,-3.6500015258789062,300,300,102.8499984741211,104.1500015258789,30.950000762939453,36.29999923706055,46.70000076293945,134.1999969482422,13.600000381469728,44.04999923706055,-7.5,70.65,63.15,25.0,104.45,129.45,17.5,175.0999984741211,2,-12.05,148.75,136.7,-22.000003814697266,221.4000015258789,2,25.0,104.45,129.45,25.0,104.4499969482422,1,-12.05,148.75,136.7,-12.050003051757812,148.75,1,-9.95,72.65,62.7,,,,,,,2025,515.7742564247584,554.5697902203893,12375.001430511475,11304.657383866326,120187.5
2025-01-27,20250130,0.25/0.1,22974.75,3.24,23300,22700,23550,22400,0.236,-0.263,0.099,-0.105,88.79999732971191,7.049997329711914,9.499999046325684,-8.900002479553223,250,300,58.5,74.5999984741211,19.850000381469727,24.450000762939453,25.299999237060547,94.9000015258789,9.100000381469728,29.350000381469727,0.1,40.3,40.4,17.35,74.65,92.0,17.450000762939453,114.95000076293944,2,-9.85,108.9,99.05,-15.14999771118164,148.85000228881836,2,17.35,74.65,92.0,17.349998474121094,74.6500015258789,1,-9.85,108.9,99.05,-9.849998474121094,108.9000015258789,1,-5.3,39.95,34.65,,,,,,,2025,515.1616215586969,427.1288841065721,5287.497997283936,4345.207491618667,158400.00200271606
2025-01-27,20250130,0.25/0.05,22974.75,3.24,23300,22700,23750,22200,0.236,-0.263,0.045,-0.052,114.14999866485596,10.599997997283936,13.55000066757202,-12.800002098083496,450,500,58.5,74.5999984741211,8.149999618530273,10.800000190734863,25.299999237060547,94.9000015258789,4.599999904632568,12.050000190734863,0.1,40.3,40.4,17.35,74.65,92.0,17.450000762939453,114.95000076293944,2,-9.85,108.9,99.05,-15.14999771118164,148.85000228881836,2,17.35,74.65,92.0,17.349998474121094,74.6500015258789,1,-9.85,108.9,99.05,-9.849998474121094,108.9000015258789,1,-5.3,39.95,34.65,,,,,,,2025,413.5458496154057,395.34091061934487,7949.998497962952,7141.111737728201,289387.50100135803
2025-01-28,20250130,0.35/0.15,22881.15,2.24,23050,22750,23300,22450,0.346,-0.364,0.151,-0.148,131.35000038146973,10.95000457763672,13.199997901916504,-17.650002479553223,250,300,90.6500015258789,104.1999969482422,30.399999618530273,33.099998474121094,108.6999969482422,59.5,32.650001525878906,15.149999618530272,4.35,99.95,104.3,-3.9,105.3,101.4,0.4500045776367187,205.25,2,4.0,47.25,51.25,-11.449996948242188,188.8999938964844,2,-3.9,105.3,101.4,0.4500045776367187,205.25,2,,,,-15.449996948242188,141.64999389648438,1,-15.45,141.65,126.2,4.35,99.95,104.3,-15.45,141.65,126.2,2025,424.2920050548425,525.5753988432979,8212.50343322754,7262.6360293294,126487.4997138977
2025-01-28,20250130,0.25/0.1,22881.15,2.24,23150,22600,23400,22350,0.257,-0.241,0.101,-0.102,80.05000114440918,6.000001907348633,7.2000017166137695,-29.00000238418579,250,250,59.95000076293945,60.25,18.799999237060547,21.350000381469727,70.8499984741211,30.25,18.049999237060547,9.0,0.75,66.85,67.6,-8.0,62.5,54.5,-7.25,129.3499984741211,2,1.3,24.6,25.9,-11.049999237060549,124.54999732971191,2,-8.0,62.5,54.5,-7.25,129.3499984741211,2,,,,-12.349998474121094,99.9499969482422,1,-12.35,99.95,87.6,0.75,66.85,67.6,-12.35,99.95,87.6,2025,301.17390515279897,393.38703110564904,4500.001430511475,3805.4404942530264,127462.49914169312
2025-01-28,20250130,0.25/0.05,22881.15,2.24,23150,22600,23550,22150,0.257,-0.241,0.053,-0.046,102.6500005722046,12.150002241134644,14.450001239776611,-36.25000286102295,400,450,59.95000076293945,60.25,9.0,8.550000190734863,70.8499984741211,30.25,7.300000190734863,3.299999952316284,0.75,66.85,67.6,-8.0,62.5,54.5,-7.25,129.3499984741211,2,1.3,24.6,25.9,-11.049999237060549,124.54999732971191,2,-8.0,62.5,54.5,-7.25,129.3499984741211,2,,,,-12.349998474121094,99.9499969482422,1,-12.35,99.95,87.6,0.75,66.85,67.6,-12.35,99.95,87.6,2025,283.0778393642004,368.2275714891292,9112.501680850983,8461.196269997654,260512.49957084656
2025-01-29,20250130,0.35/0.15,23044.55,1.24,23200,22900,23450,22650,0.347,-0.347,0.135,-0.151,122.20000267028809,-4.649990081787109,6.300006866455078,-16.94999122619629,250,250,86.4000015258789,91.1500015258789,24.25,31.100000381469727,111.1999969482422,67.69999694824219,31.950000762939453,20.100000381469727,14.0,91.2,105.2,-5.9,82.9,77.0,8.099998474121094,174.0999984741211,2,-28.6,122.6,94.0,-51.599998474121094,245.8499984741211,2,-10.0,116.9,106.9,4.0,208.0999984741211,2,-28.6,122.6,94.0,-51.599998474121094,245.8499984741211,2,-23.0,123.25,100.25,14.0,91.2,105.2,-23.0,123.25,100.25,2025,446.7929949891627,512.5343607122306,-3487.492561340332,-4446.819917041726,95849.99799728394
2025-01-29,20250130,0.25/0.1,23044.55,1.24,23300,22800,23500,22550,0.252,-0.256,0.106,-0.101,78.4000015258789,-2.2999982833862305,6.900001525878906,-15.450000762939451,200,250,54.95000076293945,60.45000076293945,17.799999237060547,19.200000762939453,71.75,43.04999923706055,23.149999618530273,10.949999809265137,6.1,59.7,65.8,-7.85,55.2,47.35,-1.75,114.9000015258789,2,-23.15,85.75,62.6,-39.80000305175781,166.25,2,-10.0,81.0,71.0,-3.8999977111816406,140.70000076293945,2,-23.15,85.75,62.6,-39.80000305175781,166.25,2,-16.65,80.5,63.85,6.1,59.7,65.8,-16.65,80.5,63.85,2025,376.0681885609845,399.3480739082331,-1724.9987125396729,-2500.414975008891,128699.99885559082
2025-01-29,20250130,0.25/0.05,23044.55,1.24,23300,22800,23650,22400,0.252,-0.256,0.045,-0.052,100.05000114440918,-3.2999982833862305,10.250000953674316,-23.800000190734863,350,400,54.95000076293945,60.45000076293945,6.300000190734863,9.050000190734863,71.75,43.04999923706055,7.099999904632568,4.349999904632568,6.1,59.7,65.8,-7.85,55.2,47.35,-1.75,114.9000015258789,2,-23.15,85.75,62.6,-39.80000305175781,166.25,2,-10.0,81.0,71.0,-3.8999977111816406,140.70000076293945,2,-23.15,85.75,62.6,-39.80000305175781,166.25,2,-16.65,80.5,63.85,6.1,59.7,65.8,-16.65,80.5,63.85,2025,324.17220185523416,367.90452979349277,-2474.998712539673,-3167.0754441883996,224962.49914169312
2025-01-30,20250206,0.35/0.15,23205.5,7.24,23600,22900,24150,22300,0.349,-0.344,0.147,-0.145,277.8500099182129,37.40000915527344,37.40000915527344,0.0,550,600,203.1000061035156,206.75,62.79999923706055,69.19999694824219,180.6499938964844,156.60000610351562,49.0,47.79999923706055,2.4,210.6,213.0,3.75,168.25,172.0,6.149993896484375,378.8500061035156,2,13.6,176.0,189.6,-0.79998779296875,397.0,2,,,,2.399993896484375,210.6000061035156,1,,,,-14.399993896484377,221.0,1,-14.4,221.0,206.6,2.4,210.6,213.0,-14.4,221.0,206.6,2025,961.9033970783141,887.0717848507501,28050.006866455078,26201.031684526017,241612.49256134033
2025-01-30,20250206,0.25/0.1,23205.5,7.24,23850,22650,24350,22250,0.248,-0.248,0.097,-0.133,160.50000762939453,32.65000915527344,32.65000915527344,0.0,500,400,125.5500030517578,134.5500030517578,37.25,62.349998474121094,103.25,97.0999984741211,29.549999237060547,42.95000076293945,-4.6,127.8,123.2,-1.6,109.0,107.4,-6.200004577636719,236.8000030517578,2,8.5,112.05,120.55,-0.9499969482421876,244.5,2,,,,-4.600006103515625,127.8000030517578,1,,,,-9.449996948242188,132.4499969482422,1,-9.45,132.45,123.0,-4.6,127.8,123.2,-9.45,132.45,123.0,2025,764.813349451256,644.4580254962692,24487.506866455078,23078.235491507556,254624.9942779541
2025-01-30,20250206,0.25/0.05,23205.5,7.24,23850,22650,24650,22250,0.248,-0.248,0.05,-0.133,180.80000686645508,37.75000953674317,37.75000953674317,0.0,800,400,125.5500030517578,134.5500030517578,16.950000762939453,62.349998474121094,103.25,97.0999984741211,14.350000381469728,42.95000076293945,-4.6,127.8,123.2,-1.6,109.0,107.4,-6.200004577636719,236.8000030517578,2,8.5,112.05,120.55,-0.9499969482421876,244.5,2,,,,-4.600006103515625,127.8000030517578,1,,,,-9.449996948242188,132.4499969482422,1,-9.45,132.45,123.0,-4.6,127.8,123.2,-9.45,132.45,123.0,2025,708.1926703472632,621.4072217231779,28312.507152557377,26982.907260486936,464399.9948501587
2025-01-31,20250206,0.35/0.15,23359.25,6.24,23700,23100,24200,22500,0.351,-0.355,0.147,-0.148,256.24999237060547,47.099992752075195,47.39998435974121,0.0,500,600,182.1499938964844,198.1999969482422,56.25,67.8499984741211,182.3000030517578,100.4499969482422,42.45000076293945,31.149999618530273,-8.4,175.8,167.4,-10.15,196.75,186.6,-18.550003051757812,372.5500030517578,2,-15.9,126.9,111.0,-30.75000762939453,301.9000015258789,2,,,,8.70001220703125,182.6499938964844,1,,,,-4.79998779296875,185.3999938964844,1,-14.85,175.0,160.15,8.7,182.65,191.35,-4.8,185.4,180.6,2025,1272.706785065298,809.8488055375624,35324.9945640564,33242.438973453536,257812.5057220459
2025-01-31,20250206,0.25/0.1,23359.25,6.24,23900,22850,24400,22250,0.258,-0.253,0.097,-0.097,170.5999984741211,49.899993896484375,49.899993896484375,-0.6500053405761719,500,600,117.0,129.4499969482422,33.849998474121094,42.0,104.3000030517578,60.900001525878906,24.149999618530273,20.350000381469727,-5.9,100.1,94.2,-10.4,130.4,120.0,-16.29999542236328,230.49999237060547,2,-11.05,77.6,66.55,-24.99999237060547,184.54999542236328,2,-10.4,130.4,120.0,-10.399993896484377,130.39999389648438,1,,,,0.0,0.0,0,-13.95,106.95,93.0,,,,,,,2025,739.8007309950299,580.1892887798462,37424.99542236328,36105.0054025884,322050.0011444092
2025-01-31,20250206,0.25/0.05,23359.25,6.24,23900,22850,24700,22250,0.258,-0.253,0.05,-0.097,188.5499973297119,54.849992752075195,54.949997901916504,-0.6500053405761719,800,600,117.0,129.4499969482422,15.899999618530272,42.0,104.3000030517578,60.900001525878906,11.149999618530272,20.350000381469727,-5.9,100.1,94.2,-10.4,130.4,120.0,-16.29999542236328,230.49999237060547,2,-11.05,77.6,66.55,-24.99999237060547,184.54999542236328,2,-10.4,130.4,120.0,-10.399993896484377,130.39999389648438,1,,,,0.0,0.0,0,-13.95,106.95,93.0,,,,,,,2025,739.8007309950299,560.2760899414568,41137.4945640564,39837.417743119906,458587.50200271606
2025-02-01,20250206,0.35/0.15,23560.4,5.24,23800,23350,24200,22850,0.363,-0.349,0.158,-0.145,191.3499984741211,87.19999694824219,87.19999694824219,0.0,400,500,145.89999389648438,148.3000030517578,49.349998474121094,53.5,51.29999923706055,79.9000015258789,11.399999618530272,15.649999618530272,10.5,141.8,152.3,2.9,129.1,132.0,13.399993896484377,270.90000915527344,2,-9.85,132.5,122.65,-15.249992370605469,277.1999969482422,2,7.6,148.6,156.2,12.749984741210938,300.6000061035156,2,-13.1,182.3,169.2,-30.949996948242188,339.4499969482422,2,-5.4,144.7,139.3,5.15,152.0,157.15,-17.85,157.15,139.3,2025,920.6733634299046,610.1038708283653,65399.99771118164,63869.22047692337,231487.50114440918
2025-02-01,20250206,0.25/0.1,23560.4,5.24,24000,23150,24400,22650,0.246,-0.248,0.102,-0.101,115.6999969482422,66.14999961853027,66.14999961853027,0.0,400,500,85.19999694824219,97.4000015258789,30.0,36.900001525878906,24.299999237060547,39.599998474121094,5.75,8.600000381469727,7.35,82.15,89.5,0.5,84.45,84.95,7.849998474121094,166.5999984741211,2,-7.8,87.65,79.85,-10.900009155273438,171.70000457763672,2,1.6,98.05,99.65,2.9000015258789062,186.25,2,-8.0,116.15,108.15,-19.550003051757812,208.6500015258789,2,-3.1,84.05,80.95,1.3,88.2,89.5,-11.55,92.5,80.95,2025,646.4320920751406,442.8034311480913,49612.499713897705,48523.264190674476,288225.00228881836
2025-02-01,20250206,0.25/0.05,23560.4,5.24,24000,23150,24700,22250,0.246,-0.248,0.052,-0.05,150.29999828338623,92.9000005722046,92.9000005722046,0.0,700,900,85.19999694824219,97.4000015258789,14.449999809265137,17.850000381469727,24.299999237060547,39.599998474121094,2.8499999046325684,3.650000095367432,7.35,82.15,89.5,0.5,84.45,84.95,7.849998474121094,166.5999984741211,2,-7.8,87.65,79.85,-10.900009155273438,171.70000457763672,2,1.6,98.05,99.65,2.9000015258789062,186.25,2,-8.0,116.15,108.15,-19.550003051757812,208.6500015258789,2,-3.1,84.05,80.95,1.3,88.2,89.5,-11.55,92.5,80.95,2025,523.2923861084251,422.7518628156562,69675.00042915346,68728.95618022938,562275.0012874603
2025-02-03,20250206,0.35/0.15,23250.65,3.24,23400,23150,23600,22850,0.344,-0.366,0.158,-0.144,105.29999923706056,5.750001907348633,12.950000762939451,-1.850006103515625,200,300,75.5,86.3499984741211,27.049999237060547,29.5,101.75,44.599998474121094,32.70000076293945,14.100000381469728,13.75,78.75,92.5,7.5,57.45,64.95,21.249996185302734,136.20000076293945,2,-12.85,68.6,55.75,-24.300003051757812,164.9000015258789,2,,,,13.75,78.75,1,,,,-11.45000457763672,96.3000030517578,1,-11.45,96.3,84.85,13.75,78.75,92.5,-11.45,96.3,84.85,2025,434.27142820790783,479.62495834538936,4312.501430511475,3398.6050439581777,146025.0005722046
2025-02-03,20250206,0.25/0.1,23250.65,3.24,23500,23000,23700,22750,0.238,-0.233,0.104,-0.104,58.200002670288086,3.350001335144043,9.650002479553224,-1.949995994567871,200,250,45.20000076293945,50.70000076293945,16.899999618530273,20.799999237060547,58.70000076293945,24.899999618530273,18.799999237060547,9.949999809265137,3.1,48.55,51.65,-2.7,34.7,32.0,0.4000015258789062,83.25,2,-7.45,37.9,30.45,-14.0,93.9000015258789,2,,,,3.1000022888183594,48.54999923706055,1,,,,-6.549999237060547,56.0,1,-6.55,56.0,49.45,3.1,48.55,51.65,-6.55,56.0,49.45,2025,292.98159063063554,362.5710570768437,2512.501001358032,1856.9483536505527,143849.99799728394
2025-02-03,20250206,0.25/0.05,23250.65,3.24,23500,23000,23900,22500,0.238,-0.233,0.05,-0.048,78.5500020980835,7.250001907348633,14.200001239776611,-1.0499982833862305,400,500,45.20000076293945,50.70000076293945,7.949999809265137,9.399999618530272,58.70000076293945,24.899999618530273,7.25,5.050000190734863,3.1,48.55,51.65,-2.7,34.7,32.0,0.4000015258789062,83.25,2,-7.45,37.9,30.45,-14.0,93.9000015258789,2,,,,3.1000022888183594,48.54999923706055,1,,,,-6.549999237060547,56.0,1,-6.55,56.0,49.45,3.1,48.55,51.65,-6.55,56.0,49.45,2025,298.902327088642,338.1717050893173,5437.501430511475,4800.427398333515,316087.4984264374
2025-02-04,20250206,0.35/0.15,23559.45,2.24,23700,23450,23900,23150,0.346,-0.365,0.158,-0.137,109.10000228881836,21.600000381469727,23.30000114440918,-31.450000762939453,200,300,74.55000305175781,88.5,26.700000762939453,27.25,93.1500015258789,27.200000762939453,24.0,8.850000381469727,16.15,62.55,78.7,10.55,92.0,102.55,26.700000762939453,154.54999923706055,2,-25.4,161.7,136.3,-14.999996185302734,225.4999961853027,2,10.55,92.0,102.55,-3.800003051757813,173.5500030517578,2,-25.4,161.7,136.3,-31.29999542236328,241.79999542236328,2,10.4,63.8,74.2,-14.35,81.55,67.2,-5.9,80.1,74.2,2025,296.5348000856732,456.38025478846646,16200.000286102295,15447.085231228155,143174.99828338623
2025-02-04,20250206,0.25/0.1,23559.45,2.24,23800,23350,24000,23050,0.241,-0.268,0.1,-0.096,70.94999980926514,22.200000762939453,22.50000238418579,-30.800002098083496,200,300,45.599998474121094,59.400001525878906,15.699999809265137,18.350000381469727,49.599998474121094,17.450000762939453,11.800000190734863,6.5,4.4,38.95,43.35,5.95,60.05,66.0,10.349998474121094,99.0,2,-22.0,117.2,95.2,-17.5,153.9999961853027,2,5.95,60.05,66.0,-3.5999984741210938,108.75,2,-22.0,117.2,95.2,-28.200000762939453,164.6999969482422,2,4.5,36.8,41.3,-9.55,48.7,39.15,-6.2,47.5,41.3,2025,197.52008900597986,354.3087922098894,16650.00057220459,16098.171690988722,171787.50014305115
2025-02-04,20250206,0.25/0.05,23559.45,2.24,23800,23350,24150,22850,0.241,-0.268,0.047,-0.047,89.9500002861023,30.850000858306885,31.000000953674316,-41.15000104904175,350,500,45.599998474121094,59.400001525878906,6.599999904632568,8.449999809265137,49.599998474121094,17.450000762939453,4.099999904632568,3.849999904632568,4.4,38.95,43.35,5.95,60.05,66.0,10.349998474121094,99.0,2,-22.0,117.2,95.2,-17.5,153.9999961853027,2,5.95,60.05,66.0,-3.5999984741210938,108.75,2,-22.0,117.2,95.2,-28.200000762939453,164.6999969482422,2,4.5,36.8,41.3,-9.55,48.7,39.15,-6.2,47.5,41.3,2025,197.52008900597986,336.8639882174122,23137.500643730164,22603.11656650677,307537.4997854233
2025-02-05,20250206,0.35/0.15,23790.3,1.24,23850,23700,24000,23550,0.382,-0.341,0.156,-0.152,65.89999961853027,-3.549999237060547,9.79999828338623,-6.100002288818359,150,150,47.45000076293945,54.0,16.350000381469727,19.200000762939453,32.45000076293945,67.0999984741211,11.850000381469728,18.25,-8.7,42.0,33.3,-4.75,72.2,67.45,-13.450000762939451,114.1999969482422,2,-15.6,74.3,58.7,-17.900001525878906,107.9000015258789,2,-4.75,72.2,67.45,-4.75,72.19999694824219,1,-15.6,74.3,58.7,-15.60000228881836,74.30000305175781,1,-2.3,33.6,31.3,,,,,,,2025,506.7937287985567,374.58379592303845,-2662.49942779541,-3543.8769525170055,63075.000286102295
2025-02-05,20250206,0.25/0.1,23790.3,1.24,23950,23650,24050,23450,0.214,-0.264,0.112,-0.089,39.04999923706055,-1.9500007629394531,9.350000381469728,-9.950002193450928,100,200,23.5,37.54999923706055,11.199999809265137,10.800000190734863,16.950000762939453,42.75,8.100000381469727,10.600000381469728,-1.8,18.75,16.95,-5.9,50.9,45.0,-7.700000762939453,69.6500015258789,2,-12.4,51.7,39.3,-13.050003051757812,68.6500015258789,2,-5.9,50.9,45.0,-5.900001525878906,50.900001525878906,1,-12.4,51.7,39.3,-12.400001525878906,51.70000076293945,1,-0.65,16.95,16.3,,,,,,,2025,335.5606720166067,301.3600522327405,-1462.5005722045898,-2099.421296453937,120712.50057220459
2025-02-05,20250206,0.25/0.05,23790.3,1.24,23950,23650,24150,23300,0.214,-0.264,0.055,-0.047,50.04999923706055,-0.2500014305114746,12.750000476837158,-9.300003051757812,200,350,23.5,37.54999923706055,5.050000190734863,5.949999809265137,16.950000762939453,42.75,3.900000095367432,5.5,-1.8,18.75,16.95,-5.9,50.9,45.0,-7.700000762939453,69.6500015258789,2,-12.4,51.7,39.3,-13.050003051757812,68.6500015258789,2,-5.9,50.9,45.0,-5.900001525878906,50.900001525878906,1,-12.4,51.7,39.3,-12.400001525878906,51.70000076293945,1,-0.65,16.95,16.3,,,,,,,2025,301.45953029647416,287.7364438715589,-187.50107288360596,-776.697047051639,224962.5005722046
2025-02-06,20250213,0.35/0.15,23672.55,7.24,23900,23500,24200,23150,0.351,-0.344,0.158,-0.152,153.29999923706055,8.049991607666016,8.700004577636719,-2.1499977111816406,300,350,116.25,120.9000015258789,39.900001525878906,43.95000076293945,79.30000305175781,134.60000610351562,21.75,46.900001525878906,-8.25,105.75,97.5,1.95,126.45,128.4,-6.3000030517578125,232.1999969482422,2,3.6,131.0,134.6,-3.29998779296875,223.9499969482422,2,1.95,126.45,128.4,1.9499969482421875,126.4499969482422,1,3.6,131.0,134.6,3.600006103515625,131.0,1,-6.9,92.95,86.05,,,,,,,2025,467.99008328106885,615.1640876422215,6037.493705749512,4954.339534826221,147525.0005722046
2025-02-06,20250213,0.25/0.1,23672.55,7.24,24050,23350,24350,23000,0.245,-0.248,0.095,-0.103,100.75000190734865,9.00000286102295,9.85000228881836,-2.049999237060547,300,350,70.80000305175781,79.3499984741211,21.350000381469727,28.049999237060547,43.400001525878906,87.69999694824219,10.699999809265137,28.649999618530273,-9.05,54.15,45.1,-1.9,82.9,81.0,-10.95000457763672,137.0500030517578,2,2.35,85.35,87.7,-2.8500022888183594,139.3499984741211,2,-1.9,82.9,81.0,-1.9000015258789065,82.9000015258789,1,2.35,85.35,87.7,2.3499984741210938,85.3499984741211,1,-5.2,54.0,48.8,,,,,,,2025,392.00558031698995,451.6566853716226,6750.002145767212,5906.3398800786,186937.49856948853
2025-02-06,20250213,0.25/0.05,23672.55,7.24,24050,23350,24550,22750,0.245,-0.248,0.046,-0.051,128.00000190734863,14.450003623962402,15.250001907348633,-2.9499998092651367,500,600,70.80000305175781,79.3499984741211,9.199999809265137,12.949999809265137,43.400001525878906,87.69999694824219,5.0,12.550000190734863,-9.05,54.15,45.1,-1.9,82.9,81.0,-10.95000457763672,137.0500030517578,2,2.35,85.35,87.7,-2.8500022888183594,139.3499984741211,2,-1.9,82.9,81.0,-1.9000015258789065,82.9000015258789,1,2.35,85.35,87.7,2.3499984741210938,85.3499984741211,1,-5.2,54.0,48.8,,,,,,,2025,347.3351755034522,419.22684540940145,10837.502717971802,10070.940697058948,353999.9985694885
2025-02-07,20250213,0.35/0.15,23582.35,6.24,23800,23450,24100,23100,0.342,-0.368,0.137,-0.157,154.20000076293945,25.849998474121097,34.14999771118164,-0.3500003814697265,300,350,103.5,123.75,30.450000762939453,42.599998474121094,54.650001525878906,113.6500015258789,12.75,27.200000762939453,-4.95,115.25,110.3,-8.9,123.15,114.25,-13.849998474121094,238.4000015258789,2,-20.1,104.0,83.9,-29.5,225.0999984741211,2,-10.0,125.45,115.45,-14.949996948242188,240.6999969482422,2,-2.55,135.3,132.75,-11.95000457763672,256.4000015258789,2,-9.4,121.1,111.7,-4.95,115.25,110.3,-9.4,121.1,111.7,2025,916.6204759562207,554.989159611,19387.498855590824,17915.889220023604,146849.9994277954
2025-02-07,20250213,0.25/0.1,23582.35,6.24,23900,23300,24200,22950,0.264,-0.262,0.095,-0.103,105.20000457763672,29.15000343322754,32.00000476837158,-0.7999935150146484,300,350,71.6500015258789,79.6500015258789,19.549999237060547,26.549999237060547,34.95000076293945,63.25,7.699999809265137,14.449999809265137,-6.3,80.25,73.95,10.95,40.2,51.15,4.649997711181641,120.45000076293944,2,-13.55,60.45,46.9,-21.85000228881836,142.2500038146973,2,1.1,81.85,82.95,-5.200004577636719,162.0999984741211,2,-2.1,79.95,77.85,-10.400001525878906,161.75,2,-8.3,81.8,73.5,-6.3,80.25,73.95,-8.3,81.8,73.5,2025,687.5294639913233,422.3289302119856,21862.502574920654,20752.644180717347,183599.99656677246
2025-02-07,20250213,0.25/0.05,23582.35,6.24,23900,23300,24350,22700,0.264,-0.262,0.053,-0.049,129.85000228881836,40.900001525878906,44.300002574920654,-0.3500003814697265,450,600,71.6500015258789,79.6500015258789,9.850000381469728,11.600000381469728,34.95000076293945,63.25,3.900000095367432,5.349999904632568,-6.3,80.25,73.95,10.95,40.2,51.15,4.649997711181641,120.45000076293944,2,-13.55,60.45,46.9,-21.85000228881836,142.2500038146973,2,1.1,81.85,82.95,-5.200004577636719,162.0999984741211,2,-2.1,79.95,77.85,-10.400001525878906,161.75,2,-8.3,81.8,73.5,-6.3,80.25,73.95,-8.3,81.8,73.5,2025,629.5546971991121,400.2588338665962,30675.00114440918,29645.18761334347,352612.49828338623
2025-02-10,20250213,0.35/0.15,23412.2,3.24,23600,23300,23850,23050,0.33,-0.362,0.141,-0.158,114.29999732971191,9.999998092651367,9.999998092651367,-6.100006103515625,250,250,83.0,90.8499984741211,27.850000381469727,31.700000762939453,67.6500015258789,85.19999694824219,21.049999237060547,27.5,-10.0,96.8,86.8,25.3,84.7,110.0,15.300003051757812,181.5,2,-8.0,113.8,105.8,-18.049999237060547,178.6500015258789,2,17.9,92.1,110.0,7.900001525878906,188.9000015258789,2,-8.0,113.8,105.8,-8.0,113.8000030517578,1,-10.05,64.85,54.8,-10.0,96.8,86.8,,,,2025,1192.56196145313,497.4825248327933,7499.998569488525,5809.954083202602,101775.00200271606
2025-02-10,20250213,0.25/0.1,23412.2,3.24,23700,23200,23950,22950,0.243,-0.267,0.095,-0.106,78.5999984741211,8.899999618530273,8.899999618530273,-6.849997520446777,250,250,55.20000076293945,60.599998474121094,17.25,19.950000762939453,43.849998474121094,55.29999923706055,12.649999618530272,16.799999237060547,-10.3,64.65,54.35,18.0,55.75,73.75,7.6999969482421875,120.4000015258789,2,-7.75,77.6,69.85,-14.200000762939451,119.54999923706056,2,12.2,61.55,73.75,1.8999977111816408,126.20000076293944,2,-7.75,77.6,69.85,-7.75,77.5999984741211,1,-6.45,41.95,35.5,-10.3,64.65,54.35,,,,2025,800.9415371472139,389.60103325257205,6674.999713897705,5484.457143497919,128550.00114440918
2025-02-10,20250213,0.25/0.05,23412.2,3.24,23700,23200,24100,22750,0.243,-0.267,0.048,-0.046,100.19999933242798,12.550001621246338,12.550001621246338,-10.649996280670166,400,450,55.20000076293945,60.599998474121094,7.900000095367432,7.699999809265137,43.849998474121094,55.29999923706055,5.599999904632568,5.900000095367432,-10.3,64.65,54.35,18.0,55.75,73.75,7.6999969482421875,120.4000015258789,2,-7.75,77.6,69.85,-14.200000762939451,119.54999923706056,2,12.2,61.55,73.75,1.8999977111816408,126.20000076293944,2,-7.75,77.6,69.85,-7.75,77.5999984741211,1,-6.45,41.95,35.5,-10.3,64.65,54.35,,,,2025,720.0106987296583,363.1814106567824,9412.501215934753,8329.309106548313,262350.000500679
2025-02-11,20250213,0.35/0.15,23337.1,2.24,23500,23200,23700,23000,0.325,-0.324,0.151,-0.148,87.6500015258789,-24.499995231628414,11.59999942779541,-47.94999980926514,200,200,70.1500015258789,69.5,26.299999237060547,25.700000762939453,15.949999809265137,173.0,6.0,70.80000305175781,-6.8,47.25,40.45,-9.45,86.0,76.55,-16.249996185302734,133.25,2,-9.55,81.1,71.55,-12.399994850158691,99.89999771118164,2,-9.45,86.0,76.55,-9.449996948242188,86.0,1,-9.55,81.1,71.55,-9.54999542236328,81.0999984741211,1,-2.85,18.8,15.95,,,,,,,2025,248.43846796393515,500.788763512238,-18374.99642372131,-19124.223655197482,84262.49885559082
2025-02-11,20250213,0.25/0.1,23337.1,2.24,23600,23150,23800,22900,0.228,-0.271,0.097,-0.092,68.49999904632568,-37.75000810623169,10.0,-69.10000276565552,200,250,44.0,54.849998474121094,15.649999618530272,14.699999809265137,9.550000190734863,141.35000610351562,3.849999904632568,40.79999923706055,-6.25,29.25,23.0,-9.25,67.55,58.3,-15.5,96.8000030517578,2,-7.6,62.85,55.25,-9.249999046325684,74.19999885559082,2,-9.25,67.55,58.3,-9.25,67.55000305175781,1,-7.6,62.85,55.25,-7.599998474121094,62.849998474121094,1,-1.65,11.35,9.7,,,,,,,2025,247.08734934730506,402.9050805181191,-28312.506079673767,-28962.49850953919,136125.00071525574
2025-02-11,20250213,0.25/0.05,23337.1,2.24,23600,23150,23950,22750,0.228,-0.271,0.047,-0.044,85.49999856948853,-46.30000734329224,14.19999933242798,-96.2500057220459,350,400,44.0,54.849998474121094,6.949999809265137,6.400000095367432,9.550000190734863,141.35000610351562,2.5,16.600000381469727,-6.25,29.25,23.0,-9.25,67.55,58.3,-15.5,96.8000030517578,2,-7.6,62.85,55.25,-9.249999046325684,74.19999885559082,2,-9.25,67.55,58.3,-9.25,67.55000305175781,1,-7.6,62.85,55.25,-7.599998474121094,62.849998474121094,1,-1.65,11.35,9.7,,,,,,,2025,254.71045498177958,369.94298197497255,-34725.005507469185,-35349.65894442594,235875.0010728836
2025-02-12,20250213,0.35/0.15,22885.65,1.24,23000,22800,23200,22650,0.346,-0.331,0.133,-0.142,73.60000228881836,-6.3499956130981445,4.5500030517578125,-53.84999179840088,200,150,62.150001525878906,46.20000076293945,18.299999237060547,16.450000762939453,93.8499984741211,21.25,28.450000762939453,6.699999809265137,-4.75,64.65,59.9,-5.5,76.75,71.25,-10.25,141.4000015258789,2,-1.7,30.65,28.95,-20.350000381469727,115.39999961853027,2,-5.5,76.75,71.25,-10.25,141.4000015258789,2,,,,-18.650001525878903,84.75,1,-18.65,84.75,66.1,-4.75,64.65,59.9,-18.65,84.75,66.1,2025,559.8319101152897,392.2973629574399,-4762.496709823608,-5714.625982896338,94799.99828338623
2025-02-12,20250213,0.25/0.1,22885.65,1.24,23050,22750,23250,22600,0.279,-0.254,0.105,-0.107,52.54999923706055,-6.900000095367432,2.9500017166137695,-54.70000743865967,200,150,46.0,32.75,14.100000381469728,12.100000381469728,70.5,14.25,20.700000762939453,4.599999904632568,-10.0,48.4,38.4,-5.35,57.05,51.7,-15.349998474121094,105.45000076293944,2,-2.6,23.55,20.95,-17.999996185302734,88.74999618530273,2,-5.35,57.05,51.7,-15.349998474121094,105.45000076293944,2,,,,-15.39999771118164,65.19999694824219,1,-15.4,65.2,49.8,-10.0,48.4,38.4,-15.4,65.2,49.8,2025,345.63028525873654,337.12885846892186,-5175.000071525574,-5857.7592152532325,110587.50057220459
2025-02-12,20250213,0.25/0.05,22885.65,1.24,23050,22750,23400,22450,0.279,-0.254,0.052,-0.048,66.69999980926514,-8.25,3.650002002716065,-78.05000710487366,350,300,46.0,32.75,6.650000095367432,5.400000095367432,70.5,14.25,7.550000190734863,2.25,-10.0,48.4,38.4,-5.35,57.05,51.7,-15.349998474121094,105.45000076293944,2,-2.6,23.55,20.95,-17.999996185302734,88.74999618530273,2,-5.35,57.05,51.7,-15.349998474121094,105.45000076293944,2,,,,-15.39999771118164,65.19999694824219,1,-15.4,65.2,49.8,-10.0,48.4,38.4,-15.4,65.2,49.8,2025,309.8572219548638,315.8360816926299,-6187.5,-6813.193303647494,212475.00014305115
2025-02-13,20250220,0.35/0.15,23124.95,7.24,23350,22950,23650,22600,0.347,-0.336,0.147,-0.145,148.79999923706055,12.599998474121094,14.54999542236328,-0.0999946594238281,300,350,111.0999984741211,112.4000015258789,34.5,40.20000076293945,69.25,124.75,18.5,39.29999923706055,-4.15,125.0,120.85,-8.85,101.2,92.35,-12.999992370605469,226.1999969482422,2,40.25,78.8,119.05,25.75000762939453,206.9499969482422,2,2.8,115.0,117.8,-1.3499908447265625,240.0,2,0.75,118.3,119.05,-13.749992370605469,246.4499969482422,2,-14.5,128.15,113.65,-4.15,125.0,120.85,-14.5,128.15,113.65,2025,288.82104791315015,579.2497744449615,9449.99885559082,8581.928033232709,150900.0005722046
2025-02-13,20250220,0.25/0.1,23124.95,7.24,23500,22800,23750,22450,0.236,-0.24,0.103,-0.096,90.0999984741211,9.79999542236328,12.65000343322754,0.0,250,350,64.25,73.3499984741211,22.450000762939453,25.049999237060547,36.70000076293945,77.6500015258789,11.5,22.549999237060547,-8.05,73.5,65.45,-8.0,66.25,58.25,-16.050003051757812,139.75,2,27.05,48.9,75.95,17.149993896484375,122.8000030517578,2,-4.8,77.05,72.25,-12.850006103515623,150.5500030517578,2,0.5,75.45,75.95,-9.400001525878906,149.3499984741211,2,-9.9,73.9,64.0,-8.05,73.5,65.45,-9.9,73.9,64.0,2025,395.5322027814051,426.34017758488466,7349.99656677246,6528.12418640617,194925.00114440918
2025-02-13,20250220,0.25/0.05,23124.95,7.24,23500,22800,23950,22200,0.236,-0.24,0.051,-0.048,115.94999885559082,15.19999647140503,18.25,0.0,450,600,64.25,73.3499984741211,9.949999809265137,11.699999809265137,36.70000076293945,77.6500015258789,4.650000095367432,8.949999809265137,-8.05,73.5,65.45,-8.0,66.25,58.25,-16.050003051757812,139.75,2,27.05,48.9,75.95,17.149993896484375,122.8000030517578,2,-4.8,77.05,72.25,-12.850006103515623,150.5500030517578,2,0.5,75.45,75.95,-9.400001525878906,149.3499984741211,2,-9.9,73.9,64.0,-8.05,73.5,65.45,-9.9,73.9,64.0,2025,350.0333805462045,395.82148251719593,11399.997353553772,10654.14249049037,363037.5008583069
2025-02-14,20250220,0.35/0.15,23047.65,6.24,23250,22900,23500,22600,0.345,-0.346,0.157,-0.153,131.5,5.549999237060547,5.750001907348633,-22.499999046325684,250,300,97.9499969482422,105.3000030517578,34.099998474121094,37.650001525878906,66.9000015258789,127.5999984741211,22.75,45.79999923706055,-4.8,109.55,104.75,-6.35,101.05,94.7,-11.150009155273438,210.6000061035156,2,20.8,142.4,163.2,17.800003051757812,193.54999542236328,2,34.2,105.7,139.9,29.399993896484375,215.25,2,20.8,142.4,163.2,20.800003051757812,142.39999389648438,1,-3.0,51.15,48.15,-4.8,109.55,104.75,,,,2025,1529.711536576043,568.3015094622211,4162.49942779541,2064.4863817571463,126375.0
2025-02-14,20250220,0.25/0.1,23047.65,6.24,23350,22750,23600,22450,0.261,-0.237,0.106,-0.096,87.55000495910645,4.750005722045898,5.750009536743164,-22.349998474121097,250,300,66.30000305175781,64.4000015258789,20.850000381469727,22.299999237060547,44.25,78.25,14.100000381469728,25.600000381469727,-10.0,75.3,65.3,34.75,61.3,96.05,24.750003814697266,136.60000228881836,2,15.3,90.2,105.5,13.550003051757812,123.9499969482422,2,30.55,65.5,96.05,20.550003051757812,140.8000030517578,2,15.3,90.2,105.5,15.300003051757812,90.1999969482422,1,-1.75,33.75,32.0,-10.0,75.3,65.3,,,,2025,1012.1759047417293,426.2922648355818,3562.504291534424,2124.036121957113,159337.49628067017
2025-02-14,20250220,0.25/0.05,23047.65,6.24,23350,22750,23800,22250,0.261,-0.237,0.045,-0.049,112.45000457763672,7.250004768371582,8.7000093460083,-31.449997901916504,450,500,66.30000305175781,64.4000015258789,7.699999809265137,10.550000190734863,44.25,78.25,5.5,11.800000190734863,-10.0,75.3,65.3,34.75,61.3,96.05,24.750003814697266,136.60000228881836,2,15.3,90.2,105.5,13.550003051757812,123.9499969482422,2,30.55,65.5,96.05,20.550003051757812,140.8000030517578,2,15.3,90.2,105.5,15.300003051757812,90.1999969482422,1,-1.75,33.75,32.0,-10.0,75.3,65.3,,,,2025,864.9354697137081,394.01711820486787,5437.5035762786865,4178.550988360111,290662.49656677246
2025-02-17,20250220,0.35/0.15,22784.8,3.24,23000,22650,23250,22350,0.332,-0.353,0.155,-0.145,126.8000030517578,0.3499984741210937,9.0,-10.90000343322754,250,300,97.8000030517578,96.4499969482422,35.099998474121094,32.349998474121094,149.10000610351562,46.04999923706055,55.20000076293945,13.5,-8.4,97.0,88.6,11.95,68.6,80.55,3.5500030517578125,165.5999984741211,2,-10.05,79.95,69.9,-10.250007629394531,209.5500030517578,2,,,,6.849998474121094,99.9000015258789,1,,,,-0.20001220703125,129.60000610351562,1,-0.2,129.6,129.4,6.85,99.9,106.75,-0.2,129.6,129.4,2025,878.1913206924655,557.640318111,262.49885559082026,-1173.3327832126452,129899.99771118164
2025-02-17,20250220,0.25/0.1,22784.8,3.24,23100,22500,23350,22250,0.253,-0.232,0.108,-0.103,78.69999885559082,-8.300004005432129,7.149998664855957,-17.85000228881836,250,250,66.5,56.75,22.700000762939453,21.850000381469727,104.1500015258789,25.200000762939453,33.54999923706055,8.800000190734863,5.2,65.6,70.8,2.35,40.0,42.35,7.5500030517578125,105.5999984741211,2,-6.15,44.5,38.35,-6.750007629394531,134.3000030517578,2,,,,3.25,67.55000305175781,1,,,,-0.600006103515625,89.80000305175781,1,-0.6,89.8,89.2,3.25,67.55,70.8,-0.6,89.8,89.2,2025,736.7841692099273,423.9657578002476,-6225.003004074097,-7385.752931084272,128475.00085830688
2025-02-17,20250220,0.25/0.05,22784.8,3.24,23100,22500,23550,22050,0.253,-0.232,0.049,-0.052,103.94999980926514,-9.10000228881836,10.899999618530272,-24.65000343322754,450,450,66.5,56.75,8.949999809265137,10.350000381469728,104.1500015258789,25.200000762939453,11.800000190734863,4.5,5.2,65.6,70.8,2.35,40.0,42.35,7.5500030517578125,105.5999984741211,2,-6.15,44.5,38.35,-6.750007629394531,134.3000030517578,2,,,,3.25,67.55000305175781,1,,,,-0.600006103515625,89.80000305175781,1,-0.6,89.8,89.2,3.25,67.55,70.8,-0.6,89.8,89.2,2025,660.952266345034,387.683935140851,-6825.0017166137695,-7873.637918099655,259537.50014305115
2025-02-18,20250220,0.35/0.15,22928.75,2.24,23100,22800,23300,22550,0.328,-0.351,0.157,-0.149,105.74999237060548,21.349992752075195,21.749991416931152,-12.100004196166992,200,250,76.19999694824219,87.94999694824219,28.950000762939453,29.450000762939453,60.25,56.45000076293945,17.950000762939453,14.350000381469728,-5.6,56.15,50.55,-0.55,90.5,89.95,-6.150005340576172,146.6500015258789,2,-19.1,130.75,111.65,-26.849998474121097,184.25,2,-0.55,90.5,89.95,-0.5500030517578125,90.5,1,-19.1,130.75,111.65,-19.099998474121097,130.75,1,-7.75,53.5,45.75,,,,,,,2025,257.84105297207515,457.2364350151587,16012.494564056396,15297.417076069163,108187.5057220459
2025-02-18,20250220,0.25/0.1,22928.75,2.24,23200,22700,23400,22450,0.234,-0.257,0.099,-0.099,71.5999984741211,22.650001525878903,22.650001525878903,-9.550000190734863,200,250,48.099998474121094,58.0,16.450000762939453,18.049999237060547,33.849998474121094,32.599998474121094,9.399999618530272,8.100000381469727,-8.95,35.85,26.9,20.85,61.15,82.0,11.900001525878906,97.0,2,-13.95,88.95,75.0,-18.499998092651367,120.54999732971191,2,20.85,61.15,82.0,20.849998474121097,61.150001525878906,1,-13.95,88.95,75.0,-13.949996948242188,88.94999694824219,1,-4.55,31.6,27.05,,,,,,,2025,290.2876459123786,354.5777133684807,16987.501144409176,16342.635785128316,133800.00114440918
2025-02-18,20250220,0.25/0.05,22928.75,2.24,23200,22700,23550,22300,0.234,-0.257,0.048,-0.053,89.79999828338623,30.750001192092896,30.750001192092896,-12.44999933242798,350,400,48.099998474121094,58.0,7.199999809265137,9.100000381469728,33.849998474121094,32.599998474121094,3.5999999046325684,3.799999952316284,-8.95,35.85,26.9,20.85,61.15,82.0,11.900001525878906,97.0,2,-13.95,88.95,75.0,-18.499998092651367,120.54999732971191,2,20.85,61.15,82.0,20.849998474121097,61.150001525878906,1,-13.95,88.95,75.0,-13.949996948242188,88.94999694824219,1,-4.55,31.6,27.05,,,,,,,2025,275.2422375167472,337.6695016305198,23062.50089406967,22449.589154922403,232650.00128746033
2025-02-19,20250220,0.35/0.15,22921.6,1.24,23050,22850,23200,22650,0.315,-0.376,0.14,-0.14,80.1500015258789,18.20000171661377,18.20000171661377,-11.849998474121094,150,200,51.20000076293945,65.1500015258789,17.700000762939453,18.5,38.04999923706055,46.70000076293945,12.199999809265137,10.600000381469728,18.15,86.85,105.0,15.8,40.55,56.35,33.95000076293945,127.39999771118164,2,-8.25,48.8,40.55,-21.899993896484375,148.9999961853027,2,-11.2,67.55,56.35,6.9499969482421875,154.4000015258789,2,-7.15,68.5,61.35,-20.79999542236328,168.6999969482422,2,-13.65,100.2,86.55,18.15,86.85,105.0,-13.65,100.2,86.55,2025,961.3751981277023,377.9000404492716,13650.001287460327,12310.726048883354,89887.49885559082
2025-02-19,20250220,0.25/0.1,22921.6,1.24,23100,22750,23250,22600,0.248,-0.239,0.104,-0.104,47.15000057220459,14.350000381469728,14.350000381469728,-20.149998664855957,150,150,37.04999923706055,35.650001525878906,12.550000190734863,13.0,25.600000381469727,22.75,8.300000190734863,7.25,18.4,65.6,84.0,6.7,22.65,29.35,25.10000228881836,88.24999809265137,2,-4.9,25.3,20.4,-15.950002670288086,102.20000076293944,2,-5.65,40.55,34.9,12.750003814697266,106.14999771118164,2,-5.8,38.15,32.35,-16.850006103515625,115.0500030517578,2,-11.05,76.9,65.85,18.4,65.6,84.0,-11.05,76.9,65.85,2025,483.9916980438707,307.78028103427886,10762.500286102297,9970.728307024148,77137.49957084656
2025-02-19,20250220,0.25/0.05,22921.6,1.24,23100,22750,23350,22450,0.248,-0.239,0.056,-0.043,61.600000858306885,19.30000042915344,19.30000042915344,-30.649999618530273,250,300,37.04999923706055,35.650001525878906,6.199999809265137,4.900000095367432,25.600000381469727,22.75,3.799999952316284,2.25,18.4,65.6,84.0,6.7,22.65,29.35,25.10000228881836,88.24999809265137,2,-4.9,25.3,20.4,-15.950002670288086,102.20000076293944,2,-5.65,40.55,34.9,12.750003814697266,106.14999771118164,2,-5.8,38.15,32.35,-16.850006103515625,115.0500030517578,2,-11.05,76.9,65.85,18.4,65.6,84.0,-11.05,76.9,65.85,2025,384.53608043037434,292.7781099586328,14475.00032186508,13797.686131476072,178799.99935626984
2025-02-20,20250227,0.35/0.15,22849.9,7.24,23050,22700,23350,22400,0.357,-0.344,0.148,-0.156,141.25,8.700002670288086,10.749998092651367,-0.5499992370605469,300,300,108.4499969482422,106.4000015258789,33.599998474121094,40.0,113.0999984741211,72.5999984741211,30.25,22.899999618530273,-2.2,117.5,115.3,-7.05,86.3,79.25,-9.25,203.8000030517578,2,-12.55,86.85,74.3,-28.29999542236328,206.4499969482422,2,,,,-2.1999969482421875,117.5,1,,,,-15.75,119.5999984741211,1,-15.75,119.6,103.85,-2.2,117.5,115.3,-15.75,119.6,103.85,2025,500.5633406275755,561.9053825716105,6525.002002716064,5462.533279516878,119062.5
2025-02-20,20250227,0.25/0.1,22849.9,7.24,23200,22550,23450,22250,0.24,-0.238,0.104,-0.099,82.85000228881836,10.650001525878906,11.850004196166992,-1.449995040893555,250,300,61.900001525878906,66.4000015258789,21.850000381469727,23.600000381469727,61.25,41.400001525878906,17.950000762939453,12.5,-5.9,67.65,61.75,-8.9,52.5,43.6,-14.800003051757812,120.1500015258789,2,-8.35,51.85,43.5,-19.550003051757812,119.1500015258789,2,,,,-5.900001525878906,67.6500015258789,1,,,,-11.20000457763672,67.30000305175781,1,-11.2,67.3,56.1,-5.9,67.65,61.75,-11.2,67.3,56.1,2025,483.06607874703315,407.9523845121155,7987.50114440918,7096.482681150031,162862.49828338623
2025-02-20,20250227,0.25/0.05,22849.9,7.24,23200,22550,23650,22050,0.24,-0.238,0.048,-0.052,107.95000267028809,17.700000762939453,19.00000524520874,-1.3999948501586914,450,500,61.900001525878906,66.4000015258789,8.850000381469727,11.5,61.25,41.400001525878906,6.449999809265137,5.949999809265137,-5.9,67.65,61.75,-8.9,52.5,43.6,-14.800003051757812,120.1500015258789,2,-8.35,51.85,43.5,-19.550003051757812,119.1500015258789,2,,,,-5.900001525878906,67.6500015258789,1,,,,-11.20000457763672,67.30000305175781,1,-11.2,67.3,56.1,-5.9,67.65,61.75,-11.2,67.3,56.1,2025,387.5353760222626,380.243837839077,13275.00057220459,12507.221358343251,294037.49799728394
2025-02-21,20250227,0.35/0.15,22833.15,6.24,23000,22700,23250,22450,0.367,-0.341,0.16,-0.161,123.4000015258789,13.700000762939451,13.900001525878906,-7.999996185302734,250,250,100.3000030517578,91.0,32.20000076293945,35.70000076293945,67.55000305175781,90.1999969482422,18.0,30.049999237060547,-6.2,92.2,86.0,-7.75,101.0,93.25,-13.949996948242188,193.1999969482422,2,-6.7,108.05,101.35,-24.70000457763672,201.1500015258789,2,-7.75,101.0,93.25,-7.75,101.0,1,-6.7,108.05,101.35,-6.700004577636719,108.0500030517578,1,-18.0,93.1,75.1,,,,,,,2025,963.1647448111837,520.0159854538174,10275.000572204588,8791.819841939587,94949.99885559082
2025-02-21,20250227,0.25/0.1,22833.15,6.24,23150,22600,23350,22300,0.232,-0.258,0.106,-0.094,77.35000038146973,11.899999618530272,12.60000228881836,-13.200000762939451,200,300,52.150001525878906,63.599998474121094,19.350000381469727,19.049999237060547,31.200000762939453,59.5,10.649999618530272,14.600000381469728,-7.7,48.9,41.2,19.45,71.45,90.9,11.750003814697266,120.3499984741211,2,-5.7,74.3,68.6,-16.500003814697266,122.35000228881836,2,19.45,71.45,90.9,19.45000457763672,71.44999694824219,1,-5.7,74.3,68.6,-5.700004577636719,74.30000305175781,1,-10.8,48.05,37.25,,,,,,,2025,556.8083494591906,382.6241676788702,8924.999713897703,7985.567196759643,166987.4997138977
2025-02-21,20250227,0.25/0.05,22833.15,6.24,23150,22600,23500,22150,0.232,-0.258,0.054,-0.053,96.8499994277954,19.29999876022339,20.000001430511475,-17.34999942779541,350,450,52.150001525878906,63.599998474121094,8.800000190734863,10.100000381469728,31.200000762939453,59.5,5.349999904632568,7.800000190734863,-7.7,48.9,41.2,19.45,71.45,90.9,11.750003814697266,120.3499984741211,2,-5.7,74.3,68.6,-16.500003814697266,122.35000228881836,2,19.45,71.45,90.9,19.45000457763672,71.44999694824219,1,-5.7,74.3,68.6,-5.700004577636719,74.30000305175781,1,-10.8,48.05,37.25,,,,,,,2025,497.61555203257086,363.146132302643,14474.999070167542,13614.237385832328,264862.50042915344
2025-02-24,20250227,0.35/0.15,22581.2,3.24,22750,22500,22950,22250,0.322,-0.373,0.145,-0.139,98.19999504089355,27.2499942779541,28.299994468688965,0.0,200,250,68.69999694824219,76.94999694824219,24.549999237060547,22.899999618530273,48.5,52.0,15.149999618530272,14.399999618530272,4.6,62.55,67.15,-8.65,78.3,69.65,-4.049999237060547,140.85000228881836,2,0.5,60.95,61.45,-6.450000762939453,125.35000228881836,2,-8.65,78.3,69.65,-12.349998474121094,149.1500015258789,2,,,,-11.64999771118164,69.0999984741211,1,-6.95,64.4,57.45,-3.7,70.85,67.15,-11.65,69.1,57.45,2025,1127.879013638778,425.4263026233797,20437.495708465576,18884.19039220342,113850.00371932983
2025-02-24,20250227,0.25/0.1,22581.2,3.24,22800,22400,23050,22150,0.269,-0.259,0.094,-0.09,72.69999885559082,25.29999732971191,26.09999942779541,0.0,250,250,53.45000076293945,48.099998474121094,14.800000190734863,14.050000190734863,34.70000076293945,31.350000381469727,9.399999618530272,9.25,1.25,47.0,48.25,-6.45,49.4,42.95,-5.200000762939453,96.4000015258789,2,0.0,36.95,36.95,-5.25,84.9000015258789,2,-6.45,49.4,42.95,-11.900001525878906,103.10000228881836,2,,,,-11.25,53.95000076293945,1,-5.25,47.95,42.7,-5.45,53.7,48.25,-11.25,53.95,42.7,2025,867.4911332242959,348.91176434631257,18974.997997283932,17758.595099713322,132975.00085830688
2025-02-24,20250227,0.25/0.05,22581.2,3.24,22800,22400,23200,22000,0.269,-0.259,0.05,-0.048,86.69999885559082,30.799997806549072,31.49999952316284,0.0,400,400,53.45000076293945,48.099998474121094,7.550000190734863,7.300000190734863,34.70000076293945,31.350000381469727,5.0,5.150000095367432,1.25,47.0,48.25,-6.45,49.4,42.95,-5.200000762939453,96.4000015258789,2,0.0,36.95,36.95,-5.25,84.9000015258789,2,-6.45,49.4,42.95,-11.900001525878906,103.10000228881836,2,,,,-11.25,53.95000076293945,1,-5.25,47.95,42.7,-5.45,53.7,48.25,-11.25,53.95,42.7,2025,777.487156588407,335.12694110429936,23099.998354911804,21987.3842572191,234975.00085830688
2025-02-25,20250227,0.35/0.15,22606.2,2.24,22700,22550,22850,22400,0.337,-0.37,0.138,-0.16,61.95000076293945,24.84999942779541,33.60000038146973,-0.299997329711914,150,150,44.400001525878906,50.79999923706055,14.850000381469728,18.399999618530273,15.600000381469728,39.70000076293945,5.550000190734863,12.649999618530272,-10.0,25.85,15.85,-8.35,55.65,47.3,-18.35000228881836,81.50000190734863,2,-16.9,53.4,36.5,-16.150001525878906,68.25000190734863,2,-8.35,55.65,47.3,-8.35000228881836,55.650001525878906,1,-16.9,53.4,36.5,-16.900001525878906,53.400001525878906,1,0.75,14.85,15.6,,,,,,,2025,697.0157457368304,339.52236072119473,18637.499570846558,17600.961464388532,66037.49942779541
2025-02-25,20250227,0.25/0.1,22606.2,2.24,22750,22450,22900,22300,0.253,-0.215,0.104,-0.085,36.09999942779541,18.24999952316284,23.149999141693115,-0.3500003814697265,150,150,30.200000762939453,26.049999237060547,11.100000381469728,9.050000190734863,9.949999809265137,18.5,4.5,6.099999904632568,,,,-9.15,29.55,20.4,-9.149999618530272,29.549999237060547,1,-9.5,26.55,17.05,-9.5,36.49999904632568,2,-9.15,29.55,20.4,-9.149999618530272,29.549999237060547,1,-9.5,26.55,17.05,-9.5,26.549999237060547,1,0.0,9.95,9.95,,,,,,,2025,378.3549348134544,276.43532900227285,13687.49964237213,13032.709378556401,85425.00042915344
2025-02-25,20250227,0.25/0.05,22606.2,2.24,22750,22450,23050,22200,0.253,-0.215,0.048,-0.052,45.55000019073486,23.850000381469727,29.700000762939453,-0.4000000953674316,300,250,30.200000762939453,26.049999237060547,5.099999904632568,5.599999904632568,9.949999809265137,18.5,2.5999999046325684,4.150000095367432,,,,-9.15,29.55,20.4,-9.149999618530272,29.549999237060547,1,-9.5,26.55,17.05,-9.5,36.49999904632568,2,-9.15,29.55,20.4,-9.149999618530272,29.549999237060547,1,-9.5,26.55,17.05,-9.5,26.549999237060547,1,0.0,9.95,9.95,,,,,,,2025,325.4949437654821,269.1413746961298,17887.500286102295,17292.863967640682,190837.49985694885
2025-02-27,20250306,0.35/0.15,22553.85,7.24,22750,22450,22950,22200,0.33,-0.352,0.152,-0.161,104.15000534057616,1.8500022888183592,4.350004196166992,-0.2499980926513672,200,250,79.55000305175781,85.80000305175781,27.549999237060547,33.650001525878906,75.9000015258789,83.0,24.549999237060547,32.04999923706055,-4.5,76.0,71.5,-10.5,88.8,78.3,-15.0,164.8000030517578,2,-1.2,83.7,82.5,1.7000045776367188,156.6999969482422,2,-10.5,88.8,78.3,-10.5,88.80000305175781,1,-5.3,87.8,82.5,-5.3000030517578125,87.80000305175781,1,2.9,73.0,75.9,,,,,,,2025,401.6120096416616,499.6043929248944,1387.5017166137693,486.28531404721326,109387.49599456787
2025-02-27,20250306,0.25/0.1,22553.85,7.24,22850,22350,23050,22050,0.232,-0.262,0.094,-0.098,72.69999980926514,0.899998664855957,4.75,-0.950002670288086,200,300,48.0,59.45000076293945,15.300000190734863,19.450000762939453,44.75,57.400001525878906,12.600000381469728,17.75,-1.25,46.0,44.75,-3.3,60.7,57.4,-4.549999237060547,106.70000076293944,2,0.0,57.0,57.0,2.1500015258789062,99.5999984741211,2,-3.3,60.7,57.4,-3.299999237060547,60.70000076293945,1,-2.8,59.8,57.0,-2.799999237060547,59.79999923706055,1,2.15,42.6,44.75,,,,,,,2025,247.4300019311625,381.85016690682465,674.9989986419678,45.71882980398061,170475.00014305115
2025-02-27,20250306,0.25/0.05,22553.85,7.24,22850,22350,23200,21850,0.232,-0.262,0.046,-0.051,90.80000066757202,1.5999994277954102,7.549999237060547,-0.9500012397766112,350,500,48.0,59.45000076293945,6.849999904632568,9.800000190734863,44.75,57.400001525878906,4.650000095367432,8.300000190734863,-1.25,46.0,44.75,-3.3,60.7,57.4,-4.549999237060547,106.70000076293944,2,0.0,57.0,57.0,2.1500015258789062,99.5999984741211,2,-3.3,60.7,57.4,-3.299999237060547,60.70000076293945,1,-2.8,59.8,57.0,-2.799999237060547,59.79999923706055,1,2.15,42.6,44.75,,,,,,,2025,236.79851782249526,357.1988612652692,1199.9995708465576,606.0021917587932,306899.999499321
2025-02-28,20250306,0.35/0.15,22273.45,6.24,22450,22150,22650,21900,0.343,-0.327,0.16,-0.137,100.74999809265135,-9.199996948242188,8.600000381469727,-15.900005340576172,200,250,82.8499984741211,73.0,29.149999618530273,25.950000762939453,45.650001525878906,131.14999389648438,15.350000381469728,51.5,5.0,78.2,83.2,0.8,68.9,69.7,5.799995422363281,147.0999984741211,2,63.7,74.75,138.45,60.89999771118164,124.54999923706056,2,-3.4,73.1,69.7,-8.650001525878906,161.54999542236328,2,63.7,74.75,138.45,63.69999694824219,74.75,1,-2.8,49.8,47.0,-5.25,88.45,83.2,,,,2025,823.0967955442391,504.3897196632595,-6899.997711181641,-8227.484226389139,111937.50143051147
2025-02-28,20250306,0.25/0.1,22273.45,6.24,22550,22050,22750,21800,0.243,-0.236,0.102,-0.094,65.85000228881836,-10.399994850158691,8.700003623962402,-16.649998664855957,200,250,50.650001525878906,48.900001525878906,16.75,16.950000762939453,26.850000381469727,92.4499969482422,9.050000190734863,34.0,-0.35,48.05,47.7,-4.15,46.75,42.6,-4.5,94.79999923706056,2,49.4,48.8,98.2,47.69999694824219,77.89999961853027,2,-8.45,50.65,42.2,-17.500003814697266,106.5500030517578,2,42.95,55.25,98.2,42.94999694824219,55.25,1,-1.7,29.1,27.4,-9.05,55.9,46.85,,,,2025,625.2933873525396,392.4027206099591,-7799.996137619019,-8817.692245581518,138112.49828338623
2025-02-28,20250306,0.25/0.05,22273.45,6.24,22550,22050,22900,21650,0.243,-0.236,0.051,-0.054,82.55000352859497,-13.949994087219238,12.300004482269289,-23.09999704360962,350,400,50.650001525878906,48.900001525878906,7.599999904632568,9.399999618530272,26.850000381469727,92.4499969482422,4.650000095367432,18.149999618530273,-0.35,48.05,47.7,-4.15,46.75,42.6,-4.5,94.79999923706056,2,49.4,48.8,98.2,47.69999694824219,77.89999961853027,2,-8.45,50.65,42.2,-17.500003814697266,106.5500030517578,2,42.95,55.25,98.2,42.94999694824219,55.25,1,-1.7,29.1,27.4,-9.05,55.9,46.85,,,,2025,525.123072846121,365.18819245814416,-10462.495565414429,-11352.806830718695,238087.49735355377
2025-03-03,20250306,0.35/0.15,22103.55,3.24,22250,22000,22450,21750,0.358,-0.356,0.164,-0.144,109.5500030517578,14.650001525878906,20.40000343322754,-0.4499988555908203,200,250,86.6500015258789,77.9000015258789,29.049999237060547,25.950000762939453,67.4000015258789,66.0,20.0,18.5,7.05,68.2,75.25,2.15,95.85,98.0,9.20000457763672,164.04999542236328,2,-16.0,94.8,78.8,1.9999961853027344,156.0000038146973,2,2.15,95.85,98.0,5.100006103515625,184.6999969482422,2,-16.0,94.8,78.8,-29.800003051757812,187.8000030517578,2,18.0,61.2,79.2,2.95,88.85,91.8,-13.8,93.0,79.2,2025,1032.039506827321,468.76067074159624,10987.50114440918,9486.700966840262,105337.49771118164
2025-03-03,20250306,0.25/0.1,22103.55,3.24,22350,21900,22550,21650,0.254,-0.254,0.101,-0.096,70.75000095367432,16.100004196166992,19.750001907348633,-1.0999975204467771,200,250,52.20000076293945,51.0,15.949999809265137,16.5,37.099998474121094,39.849998474121094,11.100000381469728,11.199999809265137,0.25,40.7,40.95,-1.85,63.95,62.1,-1.6000022888183594,104.6500015258789,2,-11.2,60.3,49.1,-1.4500007629394531,96.3499984741211,2,-1.85,63.95,62.1,-8.60000228881836,119.6500015258789,2,-11.2,60.3,49.1,-21.300003051757812,116.20000076293944,2,9.75,36.05,45.8,-6.75,55.7,48.95,-10.1,55.9,45.8,2025,873.852634103219,359.45645987057685,12075.003147125244,10841.694053151448,134437.49928474426
2025-03-03,20250306,0.25/0.05,22103.55,3.24,22350,21900,22700,21500,0.254,-0.254,0.048,-0.054,87.40000104904175,21.250003814697266,25.3999981880188,-1.3999972343444824,350,400,52.20000076293945,51.0,6.900000095367432,8.899999618530273,37.099998474121094,39.849998474121094,4.699999809265137,6.099999904632568,0.25,40.7,40.95,-1.85,63.95,62.1,-1.6000022888183594,104.6500015258789,2,-11.2,60.3,49.1,-1.4500007629394531,96.3499984741211,2,-1.85,63.95,62.1,-8.60000228881836,119.6500015258789,2,-11.2,60.3,49.1,-21.300003051757812,116.20000076293944,2,9.75,36.05,45.8,-6.75,55.7,48.95,-10.1,55.9,45.8,2025,760.5050279971114,341.58042150537256,15937.50286102295,14835.417411520466,234449.9992132187
2025-03-04,20250306,0.35/0.15,22023.0,2.24,22150,21950,22300,21750,0.331,-0.369,0.162,-0.147,77.79999732971191,5.500000953674316,11.29999828338623,-2.2500038146972656,150,200,57.849998474121094,63.599998474121094,22.850000381469727,20.799999237060547,63.099998474121094,45.349998474121094,23.700000762939453,12.449999809265137,-4.05,80.6,76.55,-4.7,57.5,52.8,-8.749996185302734,138.0999984741211,2,-10.65,55.95,45.3,-26.04999542236328,140.14999771118164,2,,,,-4.049995422363281,80.5999984741211,1,,,,-15.399993896484377,84.19999694824219,1,-15.4,84.2,68.8,-4.05,80.6,76.55,-15.4,84.2,68.8,2025,1371.1882935441224,408.0785535486369,4125.000715255737,2345.7338681629776,91650.00200271606
2025-03-04,20250306,0.25/0.1,22023.0,2.24,22200,21850,22400,21650,0.267,-0.238,0.097,-0.09,54.69999885559082,3.84999942779541,10.900001525878906,-8.800003051757812,200,200,43.29999923706055,36.29999923706055,12.699999809265137,12.199999809265137,45.54999923706055,24.100000381469727,12.100000381469728,6.699999809265137,-5.45,61.6,56.15,-7.2,33.2,26.0,-12.64999771118164,94.79999923706056,2,-5.95,30.65,24.7,-19.000001907348633,94.30000114440918,2,,,,-5.4499969482421875,61.599998474121094,1,,,,-13.050003051757812,63.650001525878906,1,-13.05,63.65,50.6,-5.45,61.6,56.15,-13.05,63.65,50.6,2025,924.5216631675173,325.5694285448966,2887.4995708465576,1637.4084791341438,108975.00085830688
2025-03-04,20250306,0.25/0.05,22023.0,2.24,22200,21850,22550,21500,0.267,-0.238,0.045,-0.047,67.6499981880188,5.599998712539673,14.350000619888306,-11.30000352859497,350,350,43.29999923706055,36.29999923706055,5.550000190734863,6.400000095367432,45.54999923706055,24.100000381469727,4.400000095367432,3.200000047683716,-5.45,61.6,56.15,-7.2,33.2,26.0,-12.64999771118164,94.79999923706056,2,-5.95,30.65,24.7,-19.000001907348633,94.30000114440918,2,,,,-5.4499969482421875,61.599998474121094,1,,,,-13.050003051757812,63.650001525878906,1,-13.05,63.65,50.6,-5.45,61.6,56.15,-13.05,63.65,50.6,2025,811.4837891709578,309.2629428946208,4199.999034404755,3079.2523023391764,211762.5013589859
2025-03-05,20250306,0.35/0.15,22234.1,1.24,22300,22150,22450,22000,0.391,-0.344,0.166,-0.163,71.45000076293945,-11.3999981880188,3.900002479553222,-27.399993896484375,150,150,59.5,52.150001525878906,19.0,21.200000762939453,100.0999984741211,22.200000762939453,31.850000381469727,7.599999904632568,5.15,56.7,61.85,-1.35,24.05,22.7,3.799999237060547,80.75,2,-8.65,32.05,23.4,36.15000343322754,96.74999618530272,2,,,,1.9499969482421875,59.900001525878906,1,,,,44.80000305175781,64.69999694824219,1,44.8,64.7,109.5,1.95,59.9,61.85,44.8,64.7,109.5,2025,1733.6459626859016,404.66732873034977,-8549.998641014101,-10688.311932430352,58912.49942779541
2025-03-05,20250306,0.25/0.1,22234.1,1.24,22400,22100,22550,21900,0.228,-0.273,0.082,-0.095,47.24999809265137,-4.199999809265137,9.649998664855955,-21.90000057220459,150,200,28.049999237060547,39.099998474121094,8.199999809265137,11.699999809265137,49.599998474121094,15.449999809265137,9.850000381469728,3.75,41.1,25.35,66.45,-4.05,19.5,15.45,37.0499963760376,44.85000038146973,2,-6.2,22.7,16.5,21.249998092651367,51.55000114440918,2,,,,35.14999771118164,31.299999237060547,1,,,,27.44999885559082,28.850000381469727,1,27.45,28.85,56.3,35.15,31.3,66.45,27.45,28.85,56.3,2025,1001.3196233886072,303.52330760926674,-3149.9998569488525,-4454.842787946726,114562.50143051147
2025-03-05,20250306,0.25/0.05,22234.1,1.24,22400,22100,22600,21800,0.228,-0.273,0.056,-0.056,55.09999752044678,-2.400000810623169,12.199997901916504,-25.550001621246334,200,300,28.049999237060547,39.099998474121094,5.400000095367432,6.650000095367432,49.599998474121094,15.449999809265137,5.25,2.299999952316284,41.1,25.35,66.45,-4.05,19.5,15.45,37.0499963760376,44.85000038146973,2,-6.2,22.7,16.5,21.249998092651367,51.55000114440918,2,,,,35.14999771118164,31.299999237060547,1,,,,27.44999885559082,28.850000381469727,1,27.45,28.85,56.3,35.15,31.3,66.45,27.45,28.85,56.3,2025,890.5160288121457,294.426157895384,-1800.0006079673767,-2984.9427946749065,183675.00185966492
2025-03-06,20250313,0.35/0.15,22316.15,7.24,22500,22200,22800,21850,0.363,-0.366,0.138,-0.147,150.69999885559082,-15.35000228881836,10.750001907348633,-17.599998474121094,300,350,105.0,111.0,28.649999618530273,36.650001525878906,183.0,57.70000076293945,57.29999923706055,17.350000381469727,0.3,106.0,106.3,18.3,77.4,95.7,18.599998474121097,183.4000015258789,2,-16.95,93.3,76.35,-4.000007629394531,208.8500061035156,2,,,,0.3000030517578125,106.0,1,,,,12.949996948242188,115.5500030517578,1,12.95,115.55,128.5,0.3,106.0,106.3,12.95,115.55,128.5,2025,237.96183388212194,601.8114598129616,-11512.50171661377,-12352.275010308853,149475.00085830688
2025-03-06,20250313,0.25/0.1,22316.15,7.24,22650,22050,22900,21700,0.237,-0.254,0.093,-0.095,86.74999809265137,-10.550002098083496,10.99999713897705,-12.600005149841309,250,350,57.20000076293945,69.8499984741211,17.700000762939453,22.600000381469727,108.5500030517578,34.599998474121094,35.150001525878906,10.699999809265137,-3.95,57.1,53.15,9.2,47.5,56.7,5.25,104.5999984741211,2,-10.95,57.1,46.15,-3.4499969482421875,118.0999984741211,2,,,,-9.599998474121094,62.75,1,,,,7.5,61.0,1,7.5,61.0,68.5,-9.6,62.75,53.15,7.5,61.0,68.5,2025,172.93304183969337,434.96886843667556,-7912.501573562622,-8520.40348383899,197437.50143051147
2025-03-06,20250313,0.25/0.05,22316.15,7.24,22650,22050,23050,21450,0.237,-0.254,0.049,-0.047,107.8499994277954,-14.300002098083496,15.249997615814207,-16.900005340576172,400,600,57.20000076293945,69.8499984741211,8.5,10.699999809265137,108.5500030517578,34.599998474121094,15.699999809265137,5.300000190734863,-3.95,57.1,53.15,9.2,47.5,56.7,5.25,104.5999984741211,2,-10.95,57.1,46.15,-3.4499969482421875,118.0999984741211,2,,,,-9.599998474121094,62.75,1,,,,7.5,61.0,1,7.5,61.0,68.5,-9.6,62.75,53.15,7.5,61.0,68.5,2025,189.15817278709778,401.36740983826684,-10725.001573562622,-11315.527156187987,369112.50042915344
2025-03-07,20250313,0.35/0.15,22488.35,6.24,22650,22350,22900,22100,0.361,-0.333,0.147,-0.154,116.59999656677246,0.9999980926513672,6.149993896484375,-14.85000991821289,250,250,91.0999984741211,86.19999694824219,27.399999618530273,33.29999923706055,115.5,49.349998474121094,31.0,18.25,31.55,106.45,138.0,-5.0,60.75,55.75,26.550003051757812,167.1999969482422,2,-5.5,69.75,64.25,-27.45000457763672,208.3000030517578,2,,,,31.550003051757812,106.4499969482422,1,,,,-21.95000457763672,138.5500030517578,1,-21.95,138.55,116.6,31.55,106.45,138.0,-21.95,138.55,116.6,2025,1418.0633584085808,506.34602777123547,749.9985694885254,-1174.4108166912908,100050.00257492065
2025-03-07,20250313,0.25/0.1,22488.35,6.24,22750,22250,23000,22000,0.264,-0.249,0.096,-0.109,78.64999961853027,2.2000017166137695,7.100002288818359,-14.950005531311035,250,250,58.400001525878906,59.099998474121094,16.399999618530273,22.450000762939453,72.5999984741211,32.75,16.200000762939453,12.699999809265137,21.85,69.9,91.75,-6.4,41.2,34.8,15.449996948242188,111.10000228881836,2,-3.55,46.4,42.85,-21.0,138.9000015258789,2,,,,21.849998474121097,69.9000015258789,1,,,,-17.449996948242188,92.5,1,-17.45,92.5,75.05,21.85,69.9,91.75,-17.45,92.5,75.05,2025,1100.039868093565,393.47809052297356,1650.0012874603271,156.48332884378857,128512.5002861023
2025-03-07,20250313,0.25/0.05,22488.35,6.24,22750,22250,23150,21800,0.264,-0.249,0.046,-0.052,100.5,6.700001239776611,12.100003242492676,-17.000004291534424,400,450,58.400001525878906,59.099998474121094,7.0,10.0,72.5999984741211,32.75,5.449999809265137,6.099999904632568,21.85,69.9,91.75,-6.4,41.2,34.8,15.449996948242188,111.10000228881836,2,-3.55,46.4,42.85,-21.0,138.9000015258789,2,,,,21.849998474121097,69.9000015258789,1,,,,-17.449996948242188,92.5,1,-17.45,92.5,75.05,21.85,69.9,91.75,-17.45,92.5,75.05,2025,922.9247780543251,367.6132048797271,5025.0009298324585,3734.4629468984067,262125.0
2025-03-10,20250313,0.35/0.15,22651.8,3.24,22800,22550,22950,22300,0.318,-0.369,0.159,-0.155,94.9000015258789,-26.299993991851807,6.450000762939453,-32.949992179870605,150,250,57.650001525878906,90.25,23.350000381469727,29.649999618530273,17.5,169.89999389648438,6.599999904632568,59.599998474121094,-5.1,54.45,49.35,-7.05,97.3,90.25,-12.150005340576172,151.7500038146973,2,-8.5,100.25,91.75,-8.5,100.25,1,-7.05,97.3,90.25,-7.0500030517578125,97.3000030517578,1,-8.5,100.25,91.75,-8.5,100.25,1,,,,,,,,,,2025,733.9495918903704,498.0994375864794,-19724.995493888855,-20957.044523365705,116324.99885559082
2025-03-10,20250313,0.25/0.1,22651.8,3.24,22850,22450,23050,22200,0.259,-0.269,0.09,-0.104,71.84999942779541,-16.549997091293335,10.599998950958252,-24.19999933242798,200,250,43.75,58.79999923706055,11.800000190734863,18.899999618530273,12.350000381469728,116.1999969482422,3.700000047683716,36.45000076293945,-6.45,41.1,34.65,-5.25,63.65,58.4,-11.699996948242188,104.75,2,-6.15,63.75,57.6,-6.150001525878906,63.75,1,-5.25,63.65,58.4,-5.25,63.650001525878906,1,-6.15,63.75,57.6,-6.150001525878906,63.75,1,,,,,,,,,,2025,549.1620728382399,394.6206588092722,-12412.497818470001,-13356.280550117513,133612.50042915344
2025-03-10,20250313,0.25/0.05,22651.8,3.24,22850,22450,23150,22000,0.259,-0.269,0.047,-0.048,88.89999914169312,-24.349998474121097,14.6999990940094,-35.55000066757202,300,450,43.75,58.79999923706055,5.599999904632568,8.050000190734863,12.350000381469728,116.1999969482422,2.3499999046325684,12.949999809265137,-6.45,41.1,34.65,-5.25,63.65,58.4,-11.699996948242188,104.75,2,-6.15,63.75,57.6,-6.150001525878906,63.75,1,-5.25,63.65,58.4,-5.25,63.650001525878906,1,-6.15,63.75,57.6,-6.150001525878906,63.75,1,,,,,,,,,,2025,506.41278992142406,362.3873942875552,-18262.498855590824,-19131.299039799804,270825.00064373016
2025-03-11,20250313,0.35/0.15,22367.15,2.24,22500,22250,22700,22050,0.333,-0.329,0.133,-0.139,83.80000114440918,-10.999999046325684,2.1999988555908203,-22.75,200,200,61.75,62.75,19.049999237060547,21.649999618530273,104.1500015258789,27.799999237060547,27.850000381469727,9.300000190734863,-10.0,80.2,70.2,-8.5,55.5,47.0,-18.5,135.6999969482422,2,,,,6.099998474121094,87.5999984741211,1,,,,-10.0,80.19999694824219,1,,,,6.099998474121094,87.5999984741211,1,6.1,87.6,93.7,-10.0,80.2,70.2,6.1,87.6,93.7,2025,649.4887049010633,419.33544013071395,-8249.999284744263,-9318.82342977604,87149.99914169312
2025-03-11,20250313,0.25/0.1,22367.15,2.24,22550,22200,22750,22000,0.273,-0.268,0.103,-0.112,63.35000228881836,-10.299996376037598,0.0,-23.999996185302734,200,200,47.25,47.400001525878906,14.149999618530272,17.149999618530273,78.94999694824219,20.700000762939453,18.549999237060547,7.449999809265137,-10.0,63.0,53.0,-9.1,43.0,33.9,-19.099998474121097,106.0,2,,,,4.599998474121094,67.1500015258789,1,,,,-10.0,63.0,1,,,,4.599998474121094,67.1500015258789,1,4.6,67.15,71.75,-10.0,63.0,53.0,4.6,67.15,71.75,2025,629.1915624559379,361.56977037862254,-7724.997282028198,-8715.758614862758,102487.49828338623
2025-03-11,20250313,0.25/0.05,22367.15,2.24,22550,22200,22900,21850,0.273,-0.268,0.043,-0.054,81.75000143051147,-9.249996185302734,0.1500043869018554,-32.19999551773071,350,350,47.25,47.400001525878906,5.300000190734863,7.599999904632568,78.94999694824219,20.700000762939453,4.800000190734863,3.849999904632568,-10.0,63.0,53.0,-9.1,43.0,33.9,-19.099998474121097,106.0,2,,,,4.599998474121094,67.1500015258789,1,,,,-10.0,63.0,1,,,,4.599998474121094,67.1500015258789,1,4.6,67.15,71.75,-10.0,63.0,53.0,4.6,67.15,71.75,2025,549.2973642871809,336.87038516115143,-6937.497138977051,-7823.664888425384,201187.4989271164
2025-03-12,20250313,0.35/0.15,22465.5,1.24,22550,22400,22700,22200,0.348,-0.383,0.131,-0.133,81.70000076293945,25.900001525878903,25.900001525878903,-8.15000057220459,150,200,46.650001525878906,65.0,13.350000381469728,16.600000381469727,38.04999923706055,34.5,9.75,7.0,-7.5,35.4,27.9,4.2,63.8,68.0,-3.299999237060547,99.20000076293944,2,15.1,74.55,89.65,16.249998092651367,93.50000381469728,2,0.2,67.8,68.0,0.1999969482421875,67.80000305175781,1,15.1,74.55,89.65,15.099998474121094,74.55000305175781,1,1.15,18.95,20.1,,,,,,,2025,353.826785864341,360.21490957555767,19425.001144409176,18710.959448969275,88724.99942779541
2025-03-12,20250313,0.25/0.1,22465.5,1.24,22600,22300,22750,22150,0.261,-0.236,0.091,-0.101,43.50000190734863,15.550003051757812,17.800002098083496,-0.5999965667724609,150,150,31.350000381469727,33.150001525878906,8.75,12.25,24.299999237060547,14.699999809265137,6.0,5.050000190734863,-8.6,23.9,15.3,-1.3,32.3,31.0,-9.899999618530272,56.19999885559082,2,7.05,36.55,43.6,8.09999942779541,48.84999942779541,2,-4.0,35.0,31.0,-4.0,35.0,1,7.05,36.55,43.6,7.049999237060547,36.54999923706055,1,1.05,12.3,13.35,,,,,,,2025,295.5015189944614,289.5548734379663,11662.50228881836,11077.445896385932,79874.99856948853
2025-03-12,20250313,0.25/0.05,22465.5,1.24,22600,22300,22850,22050,0.261,-0.236,0.043,-0.056,54.20000219345093,20.90000319480896,23.650002241134644,-1.699997901916504,250,250,31.350000381469727,33.150001525878906,3.849999904632568,6.449999809265137,24.299999237060547,14.699999809265137,2.6500000953674316,3.049999952316284,-8.6,23.9,15.3,-1.3,32.3,31.0,-9.899999618530272,56.19999885559082,2,7.05,36.55,43.6,8.09999942779541,48.84999942779541,2,-4.0,35.0,31.0,-4.0,35.0,1,7.05,36.55,43.6,7.049999237060547,36.54999923706055,1,1.05,12.3,13.35,,,,,,,2025,230.81522852710464,280.24064891391765,15675.00239610672,15163.946518665698,146849.9983549118
2025-03-13,20250320,0.35/0.15,22489.9,7.24,22650,22350,22850,22100,0.348,-0.327,0.159,-0.148,101.20000648498537,2.4500083923339844,3.150005340576172,-4.749992370605469,200,250,76.30000305175781,83.30000305175781,27.100000381469727,31.299999237060547,40.79999923706055,108.4499969482422,12.899999618530272,37.599998474121094,-6.6,95.2,88.6,3.7,70.45,74.15,-2.899993896484375,165.64999389648438,2,16.9,80.1,97.0,16.900001525878906,80.0999984741211,1,15.2,85.1,100.3,8.600006103515625,180.29999542236328,2,10.55,86.45,97.0,10.550003051757812,86.44999694824219,1,,,,-6.6,95.2,88.6,,,,2025,652.999035963497,482.7743556777115,1837.5062942504883,701.7329026092796,111599.99513626099
2025-03-13,20250320,0.25/0.1,22489.9,7.24,22750,22250,22950,22000,0.243,-0.241,0.1,-0.105,65.44999885559082,0.1499991416931152,1.949997901916504,-7.15000057220459,200,250,46.349998474121094,56.0,15.600000381469728,21.299999237060547,23.25,72.5,7.349999904632568,23.100000381469727,-7.0,60.1,53.1,-3.4,49.7,46.3,-10.400001525878906,109.79999923706056,2,12.2,53.6,65.8,12.20000457763672,53.599998474121094,1,11.25,57.5,68.75,4.25,117.5999984741211,2,7.8,58.0,65.8,7.8000030517578125,58.0,1,,,,-7.0,60.1,53.1,,,,2025,692.409086473142,375.0877775253642,112.49935626983641,-954.9975077286697,138412.50085830688
2025-03-13,20250320,0.25/0.05,22489.9,7.24,22750,22250,23100,21800,0.243,-0.241,0.047,-0.052,85.89999866485596,3.299998998641968,4.299996852874756,-9.150001525878906,350,450,46.349998474121094,56.0,6.5,9.949999809265137,23.25,72.5,3.549999952316284,9.600000381469728,-7.0,60.1,53.1,-3.4,49.7,46.3,-10.400001525878906,109.79999923706056,2,12.2,53.6,65.8,12.20000457763672,53.599998474121094,1,11.25,57.5,68.75,4.25,117.5999984741211,2,7.8,58.0,65.8,7.8000030517578125,58.0,1,,,,-7.0,60.1,53.1,,,,2025,584.3625763150645,349.7491150155979,2474.9992489814763,1540.887557650814,273075.00100135803
2025-03-17,20250320,0.35/0.15,22556.4,3.24,22700,22450,22850,22250,0.333,-0.339,0.162,-0.154,80.99999618530273,0.6999931335449219,2.7999935150146484,-9.700002670288086,150,200,64.5999984741211,66.0999984741211,23.950000762939453,25.75,42.95000076293945,80.9000015258789,14.0,29.549999237060547,-6.5,42.85,36.35,1.8,78.6,80.4,-4.6999969482421875,121.4499969482422,2,-16.5,103.85,87.35,-28.950000762939453,156.75,2,1.8,78.6,80.4,1.8000030517578125,78.5999984741211,1,-16.5,103.85,87.35,-16.5,103.8499984741211,1,-12.45,52.9,40.45,,,,,,,2025,252.461503472347,433.0625808670673,524.9948501586914,-160.52923418072288,89250.00286102295
2025-03-17,20250320,0.25/0.1,22556.4,3.24,22750,22350,22950,22150,0.271,-0.234,0.088,-0.1,63.19999980926514,6.40000057220459,7.300000190734863,-2.999998092651367,200,200,47.95000076293945,42.29999923706055,11.199999809265137,15.850000381469728,30.549999237060547,49.75,6.25,17.25,0.65,31.05,31.7,7.65,50.75,58.4,8.300003051757812,81.79999923706055,2,-12.1,66.2,54.1,-21.79999732971191,104.99999618530272,2,7.65,50.75,58.4,7.650001525878906,50.75,1,-12.1,66.2,54.1,-12.099998474121094,66.19999694824219,1,-9.7,38.8,29.1,,,,,,,2025,240.98225281762487,346.24634285669475,4800.000429153442,4212.771833479123,102600.00014305115
2025-03-17,20250320,0.25/0.05,22556.4,3.24,22750,22350,23050,22000,0.271,-0.234,0.044,-0.053,77.14999961853027,7.750000476837158,8.950000524520874,-7.249998569488525,300,350,47.95000076293945,42.29999923706055,5.0,8.100000381469727,30.549999237060547,49.75,2.8499999046325684,8.050000190734863,0.65,31.05,31.7,7.65,50.75,58.4,8.300003051757812,81.79999923706055,2,-12.1,66.2,54.1,-21.79999732971191,104.99999618530272,2,7.65,50.75,58.4,7.650001525878906,50.75,1,-12.1,66.2,54.1,-12.099998474121094,66.19999694824219,1,-9.7,38.8,29.1,,,,,,,2025,244.6065986375572,328.11057599772715,5812.500357627869,5239.783182992584,204637.5002861023
2025-03-18,20250320,0.35/0.15,22671.15,2.24,22800,22600,22950,22350,0.337,-0.381,0.154,-0.139,91.64999771118164,1.6999998092651367,5.59999942779541,-7.5,150,250,61.95000076293945,72.44999694824219,20.850000381469727,21.899999618530273,102.75,29.899999618530273,33.650001525878906,9.050000190734863,10.5,70.45,80.95,-8.45,58.65,50.2,2.049999237060547,129.0999984741211,2,-10.55,56.65,46.1,-28.849998474121097,152.8499984741211,2,,,,10.5,70.44999694824219,1,,,,-18.29999542236328,96.1999969482422,1,-18.3,96.2,77.9,10.5,70.45,80.95,-18.3,96.2,77.9,2025,271.57977316538,436.7237380115457,1274.9998569488525,566.6963457719269,118762.50171661377
2025-03-18,20250320,0.25/0.1,22671.15,2.24,22850,22500,23000,22250,0.268,-0.262,0.111,-0.089,62.64999961853027,-3.8500046730041504,4.949999809265137,-11.550003051757812,150,250,44.0,45.79999923706055,13.75,13.399999618530272,74.80000305175781,18.700000762939453,21.149999618530273,5.849999904632568,6.1,51.4,57.5,-9.3,37.9,28.6,-3.2000045776367188,89.30000305175781,2,-7.0,34.8,27.8,-23.299999237060547,106.39999771118164,2,,,,6.099998474121094,51.400001525878906,1,,,,-16.299999237060547,71.5999984741211,1,-16.3,71.6,55.3,6.1,51.4,57.5,-16.3,71.6,55.3,2025,314.05913743889374,353.98866481406617,-2887.503504753113,-3555.5513070060724,140512.5002861023
2025-03-18,20250320,0.25/0.05,22671.15,2.24,22850,22500,23100,22100,0.268,-0.262,0.054,-0.046,77.19999933242798,-5.150004625320435,6.649999618530273,-16.850003719329834,250,400,44.0,45.79999923706055,5.900000095367432,6.699999809265137,74.80000305175781,18.700000762939453,7.699999809265137,3.450000047683716,6.1,51.4,57.5,-9.3,37.9,28.6,-3.2000045776367188,89.30000305175781,2,-7.0,34.8,27.8,-23.299999237060547,106.39999771118164,2,,,,6.099998474121094,51.400001525878906,1,,,,-16.299999237060547,71.5999984741211,1,-16.3,71.6,55.3,6.1,51.4,57.5,-16.3,71.6,55.3,2025,302.5574148222875,332.1878950663096,-3862.503468990326,-4497.248778878923,242100.00050067902
2025-03-19,20250320,0.35/0.15,22857.0,1.24,22950,22800,23100,22600,0.345,-0.386,0.126,-0.144,77.5,2.250004768371582,4.899997711181641,-4.750004768371582,150,200,50.04999923706055,58.95000076293945,12.899999618530272,18.600000381469727,70.44999694824219,35.349998474121094,19.0,11.550000190734863,5.95,59.0,64.95,-9.5,61.9,52.4,-3.5500030517578125,120.9000015258789,2,,,,3.699996948242187,55.150001525878906,1,-9.5,61.9,52.4,-3.5500030517578125,120.9000015258789,2,,,,3.699996948242187,55.150001525878906,1,3.7,55.15,58.85,5.95,59.0,64.95,3.7,55.15,58.85,2025,1116.1382533747228,383.84961333175227,1687.5035762786865,187.51570957221145,91875.0
2025-03-19,20250320,0.25/0.1,22857.0,1.24,23000,22700,23150,22550,0.256,-0.241,0.084,-0.112,43.10000133514404,-5.050000190734863,2.4000015258789062,-10.449999809265137,150,150,31.950000762939453,33.20000076293945,7.949999809265137,14.100000381469728,47.900001525878906,20.600000381469727,11.600000381469728,8.75,1.8,39.0,40.8,-9.55,34.9,25.35,-7.750003814697266,73.9000015258789,2,,,,2.6500015258789062,36.349998474121094,1,-9.55,34.9,25.35,-7.750003814697266,73.9000015258789,2,,,,2.6500015258789062,36.349998474121094,1,2.65,36.35,39.0,1.8,39.0,40.8,2.65,36.35,39.0,2025,710.4113893407379,310.47543201573325,-3787.5001430511475,-4808.3869644076185,80174.99899864197
2025-03-19,20250320,0.25/0.05,22857.0,1.24,23000,22700,23200,22400,0.256,-0.241,0.057,-0.051,53.95000171661377,-3.650000095367432,2.3500022888183594,-9.799998998641968,200,300,31.950000762939453,33.20000076293945,5.099999904632568,6.099999904632568,47.900001525878906,20.600000381469727,7.0,3.900000095367432,1.8,39.0,40.8,-9.55,34.9,25.35,-7.750003814697266,73.9000015258789,2,,,,2.6500015258789062,36.349998474121094,1,-9.55,34.9,25.35,-7.750003814697266,73.9000015258789,2,,,,2.6500015258789062,36.349998474121094,1,2.65,36.35,39.0,1.8,39.0,40.8,2.65,36.35,39.0,2025,601.4518240562085,296.742698932071,-2737.500071525574,-3635.6945945138536,184537.49871253967
2025-03-20,20250327,0.35/0.15,23037.95,7.24,23200,22900,23450,22600,0.365,-0.33,0.149,-0.14,118.55000495910645,-5.4999895095825195,3.9000091552734375,-15.89999771118164,250,300,92.5500030517578,85.4000015258789,27.799999237060547,31.600000381469727,143.14999389648438,39.20000076293945,44.75,13.550000190734863,56.1,90.9,147.0,3.95,92.25,96.2,60.04999542236328,183.1500015258789,2,,,,44.04999542236328,99.0999984741211,1,3.95,92.25,96.2,57.29999542236328,185.9000015258789,2,,,,44.04999542236328,99.0999984741211,1,44.05,99.1,143.15,53.35,93.65,147.0,44.05,99.1,143.15,2025,599.685907666959,522.1524671468148,-4124.99213218689,-5246.830507000664,136087.49628067017
2025-03-20,20250327,0.25/0.1,23037.95,7.24,23300,22800,23550,22500,0.266,-0.25,0.097,-0.105,79.35000038146973,-5.999998092651367,3.099996566772461,-16.55000114440918,250,300,58.45000076293945,60.75,16.5,23.350000381469727,95.0999984741211,26.299999237060547,25.399999618530273,10.649999618530272,39.35,57.65,97.0,0.0,66.0,66.0,39.349998474121094,123.6500015258789,2,,,,32.599998474121094,62.5,1,0.0,66.0,66.0,37.29999923706055,125.70000076293944,2,,,,32.599998474121094,62.5,1,32.6,62.5,95.1,37.3,59.7,97.0,32.6,62.5,95.1,2025,451.9399564060441,408.666145105649,-4499.998569488525,-5360.604671000218,165487.4997138977
2025-03-20,20250327,0.25/0.05,23037.95,7.24,23300,22800,23700,22200,0.266,-0.25,0.05,-0.048,100.85000038146973,-4.499997615814209,5.40000057220459,-21.000000953674316,400,600,58.45000076293945,60.75,7.75,10.600000381469728,95.0999984741211,26.299999237060547,10.699999809265137,5.349999904632568,39.35,57.65,97.0,0.0,66.0,66.0,39.349998474121094,123.6500015258789,2,,,,32.599998474121094,62.5,1,0.0,66.0,66.0,37.29999923706055,125.70000076293944,2,,,,32.599998474121094,62.5,1,32.6,62.5,95.1,37.3,59.7,97.0,32.6,62.5,95.1,2025,390.2654597379871,380.09638736363576,-3374.9982118606567,-4145.360058962279,374362.4997138977
2025-03-21,20250327,0.35/0.15,23269.35,6.24,23400,23150,23650,22950,0.375,-0.331,0.135,-0.165,103.75000381469728,-9.69999885559082,2.3000049591064453,-27.29999351501465,250,200,82.4000015258789,74.4000015258789,21.549999237060547,31.5,113.6500015258789,53.45000076293945,30.899999618530273,22.75,43.55,79.25,122.8,-7.35,84.2,76.85,36.20000457763672,163.4499969482422,2,3.5,57.75,61.25,25.70000457763672,147.8499984741211,2,-7.35,84.2,76.85,26.300003051757812,173.3499984741211,2,-13.2,74.45,61.25,9.000007629394531,164.54999542236328,2,22.2,90.1,112.3,33.65,89.15,122.8,22.2,90.1,112.3,2025,642.7071423894373,487.37003866020683,-7274.999141693115,-8405.07632274276,109687.49713897705
2025-03-21,20250327,0.25/0.1,23269.35,6.24,23500,23050,23700,22800,0.261,-0.237,0.106,-0.094,64.95000267028809,-3.950000762939453,2.350004196166992,-19.350001335144043,200,250,49.400001525878906,48.70000076293945,16.149999618530273,17.0,70.55000305175781,34.79999923706055,23.049999237060547,13.399999618530272,30.8,47.2,78.0,-8.8,55.45,46.65,22.0,102.6500015258789,2,1.65,37.45,39.1,20.249996185302734,91.45000076293944,2,-8.8,55.45,46.65,15.200000762939451,109.45000076293944,2,,,,18.599998474121097,54.0,1,18.6,54.0,72.6,24.0,54.0,78.0,18.6,54.0,72.6,2025,469.7549245752249,378.9283796385193,-2962.50057220459,-3811.183876418334,138787.49799728394
2025-03-21,20250327,0.25/0.05,23269.35,6.24,23500,23050,23850,22600,0.261,-0.237,0.053,-0.049,81.75000238418579,-6.349999904632568,3.2000041007995605,-29.149999618530273,350,450,49.400001525878906,48.70000076293945,7.599999904632568,8.75,70.55000305175781,34.79999923706055,10.0,7.25,30.8,47.2,78.0,-8.8,55.45,46.65,22.0,102.6500015258789,2,1.65,37.45,39.1,20.249996185302734,91.45000076293944,2,-8.8,55.45,46.65,15.200000762939451,109.45000076293944,2,,,,18.599998474121097,54.0,1,18.6,54.0,72.6,24.0,54.0,78.0,18.6,54.0,72.6,2025,441.5305995967654,352.7986629543402,-4762.499928474426,-5556.829191025532,276187.49821186066
2025-03-24,20250327,0.35/0.15,23483.2,3.24,23600,23350,23850,23100,0.377,-0.331,0.14,-0.136,109.89999961853027,-27.050003051757812,0.6000003814697266,-38.150001525878906,250,250,83.3499984741211,74.9000015258789,23.0,25.350000381469727,181.3000030517578,34.849998474121094,65.0999984741211,14.100000381469728,-2.8,116.0,113.2,-6.3,50.9,44.6,-9.100006103515623,166.9000015258789,2,,,,37.649993896484375,124.25,1,,,,-2.8000030517578125,116.0,1,,,,37.649993896484375,124.25,1,37.65,124.25,161.9,-2.8,116.0,113.2,37.65,124.25,161.9,2025,566.7845528213227,531.1163841501827,-20287.50228881836,-21385.403225789865,105075.0002861023
2025-03-24,20250327,0.25/0.1,23483.2,3.24,23700,23250,23950,23000,0.266,-0.237,0.089,-0.093,69.64999961853027,-25.449996948242188,1.3499984741210938,-39.60000801086426,250,250,51.25,48.849998474121094,13.649999618530272,16.799999237060547,123.8499984741211,23.149999618530273,41.400001525878906,10.5,51.35,74.9,126.25,-5.85,29.0,23.15,45.49999809265137,103.9000015258789,2,,,,30.099998474121097,83.5,1,,,,51.349998474121094,74.9000015258789,1,,,,30.099998474121097,83.5,1,30.1,83.5,113.6,51.35,74.9,126.25,30.1,83.5,113.6,2025,255.8225219845757,410.6766099440384,-19087.49771118164,-19753.996843110257,135262.5002861023
2025-03-24,20250327,0.25/0.05,23483.2,3.24,23700,23250,24100,22800,0.266,-0.237,0.046,-0.047,85.29999876022339,-34.79999876022339,2.249997615814209,-52.95000648498535,400,450,51.25,48.849998474121094,6.599999904632568,8.199999809265137,123.8499984741211,23.149999618530273,20.450000762939453,6.449999809265137,51.35,74.9,126.25,-5.85,29.0,23.15,45.49999809265137,103.9000015258789,2,,,,30.099998474121097,83.5,1,,,,51.349998474121094,74.9000015258789,1,,,,30.099998474121097,83.5,1,30.1,83.5,113.6,51.35,74.9,126.25,30.1,83.5,113.6,2025,264.3738112401946,378.7565026430228,-26099.99907016754,-26743.12938405076,273525.00092983246
2025-03-25,20250327,0.35/0.15,23781.55,2.24,23900,23650,24150,23400,0.375,-0.334,0.154,-0.141,106.35000610351562,24.400004386901855,26.45000457763672,-11.79999542236328,250,250,86.05000305175781,74.9000015258789,27.799999237060547,26.799999237060547,44.150001525878906,68.75,10.949999809265137,20.0,1.7,53.8,55.5,10.35,62.5,72.85,12.049999237060549,116.29999923706056,2,-12.3,92.25,79.95,-22.200000762939453,148.8499984741211,2,-10.0,79.5,69.5,-10.0,79.5,1,-12.3,92.25,79.95,-12.300003051757812,92.25,1,-9.9,56.6,46.7,,,,,,,2025,609.9633396454741,449.82173937347847,18300.00329017639,17240.21821115744,107737.49542236328
2025-03-25,20250327,0.25/0.1,23781.55,2.24,24000,23550,24250,23300,0.271,-0.24,0.102,-0.1,69.25,22.100001335144043,23.649999141693115,-10.80000114440918,250,250,55.45000076293945,49.54999923706055,17.149999618530273,18.600000381469727,25.549999237060547,41.04999923706055,6.550000190734863,12.899999618530272,-3.25,35.15,31.9,3.25,42.15,45.4,0.0,77.30000305175781,2,-8.2,59.85,51.65,-15.949996948242188,94.64999771118164,2,-9.0,53.15,44.15,-9.0,53.150001525878906,1,-8.2,59.85,51.65,-8.199996948242188,59.849998474121094,1,-7.75,34.8,27.05,,,,,,,2025,458.1554660710712,355.9561976813245,16575.001001358032,15760.889337605637,135562.5
2025-03-25,20250327,0.25/0.05,23781.55,2.24,24000,23550,24450,23050,0.271,-0.24,0.046,-0.049,88.39999961853027,30.750001192092896,32.899999380111694,-16.100000381469727,450,500,55.45000076293945,49.54999923706055,7.300000190734863,9.300000190734863,25.549999237060547,41.04999923706055,2.700000047683716,6.25,-3.25,35.15,31.9,3.25,42.15,45.4,0.0,77.30000305175781,2,-8.2,59.85,51.65,-15.949996948242188,94.64999771118164,2,-9.0,53.15,44.15,-9.0,53.150001525878906,1,-8.2,59.85,51.65,-8.199996948242188,59.849998474121094,1,-7.75,34.8,27.05,,,,,,,2025,376.811794730798,338.30092198918805,23062.50089406967,22347.388177349687,308700.0002861023
2025-03-26,20250327,0.35/0.15,23622.0,1.24,23750,23550,23900,23350,0.317,-0.36,0.149,-0.131,69.39999961853027,-12.149996757507324,5.749998092651367,-14.30000066757202,150,200,52.099998474121094,53.650001525878906,19.950000762939453,16.399999618530273,13.899999618530272,104.9499969482422,5.949999809265137,31.350000381469727,9.4,74.75,84.15,7.35,35.65,43.0,16.75,110.4000015258789,2,3.15,47.0,50.15,3.1500015258789062,47.0,1,-4.5,62.8,58.3,4.900005340576172,137.54999923706055,2,-11.25,61.4,50.15,-11.25,61.400001525878906,1,,,,9.4,74.75,84.15,,,,2025,613.4778862563727,393.6253295472331,-9112.497568130493,-10119.600783934098,97950.0002861023
2025-03-26,20250327,0.25/0.1,23622.0,1.24,23800,23450,24000,23300,0.252,-0.222,0.087,-0.102,44.949997901916504,3.4499998092651367,11.64999771118164,-10.350005149841309,200,150,38.349998474121094,30.049999237060547,10.800000190734863,12.649999618530272,9.899999618530272,58.54999923706055,4.0,22.950000762939453,-10.0,54.15,44.15,-0.7,19.2,18.5,-10.700000762939451,73.35000228881836,2,1.6,24.55,26.15,1.6000003814697266,24.549999237060547,1,-6.95,34.3,27.35,-16.950000762939453,88.45000076293945,2,-7.3,33.45,26.15,-7.30000114440918,33.45000076293945,1,,,,-10.0,54.15,44.15,,,,2025,502.85805715456024,321.4249477983966,2587.4998569488525,1763.2168519958955,116287.50157356262
2025-03-26,20250327,0.25/0.05,23622.0,1.24,23800,23450,24100,23150,0.252,-0.222,0.053,-0.051,55.49999761581421,0.4499983787536621,13.349997520446776,-10.350005626678469,300,300,38.349998474121094,30.049999237060547,6.5,6.400000095367432,9.899999618530272,58.54999923706055,3.0,10.399999618530272,-10.0,54.15,44.15,-0.7,19.2,18.5,-10.700000762939451,73.35000228881836,2,1.6,24.55,26.15,1.6000003814697266,24.549999237060547,1,-6.95,34.3,27.35,-16.950000762939453,88.45000076293945,2,-7.3,33.45,26.15,-7.30000114440918,33.45000076293945,1,,,,-10.0,54.15,44.15,,,,2025,438.74703828280315,303.42572712588094,337.4987840652466,-404.6739813434375,183375.00178813934
2025-03-27,20250403,0.35/0.15,23550.15,7.24,23750,23450,24050,23100,0.356,-0.37,0.154,-0.152,136.70000076293945,6.299999237060547,9.450000762939451,-5.249990463256836,300,350,106.5,104.25,36.04999923706055,38.0,118.5,79.1500015258789,41.0,26.25,5.55,123.8,129.35,-4.0,92.0,88.0,1.5500030517578125,215.8000030517578,2,-10.4,88.4,78.0,-29.20000457763672,217.6500015258789,2,,,,5.5500030517578125,123.8000030517578,1,,,,-18.800003051757812,129.25,1,-18.8,129.25,110.45,5.55,123.8,129.35,-18.8,129.25,110.45,2025,201.6408223118463,576.7476776077405,4724.99942779541,3946.6109278758236,159974.9994277954
2025-03-27,20250403,0.25/0.1,23550.15,7.24,23900,23300,24200,22950,0.239,-0.254,0.101,-0.104,79.79999542236328,4.249994277954102,8.699996948242188,-3.800006866455078,300,350,61.349998474121094,66.69999694824219,22.5,25.75,70.25,48.45000076293945,25.549999237060547,17.600000381469727,1.25,73.0,74.25,-7.55,59.5,51.95,-6.299999237060547,132.5,2,-8.2,55.2,47.0,-22.949996948242188,133.14999771118164,2,,,,1.25,73.0,1,,,,-14.749996185302734,77.94999694824219,1,-14.75,77.95,63.2,1.25,73.0,74.25,-14.75,77.95,63.2,2025,228.882957932229,427.5836877996779,3187.495708465576,2531.029062733669,202650.00343322754
2025-03-27,20250403,0.25/0.05,23550.15,7.24,23900,23300,24500,22650,0.239,-0.254,0.049,-0.052,104.19999599456789,4.949995994567871,10.899995803833008,-4.850007057189941,600,650,61.349998474121094,66.69999694824219,10.899999618530272,12.949999809265137,70.25,48.45000076293945,10.850000381469728,8.600000381469727,1.25,73.0,74.25,-7.55,59.5,51.95,-6.299999237060547,132.5,2,-8.2,55.2,47.0,-22.949996948242188,133.14999771118164,2,,,,1.25,73.0,1,,,,-14.749996185302734,77.94999694824219,1,-14.75,77.95,63.2,1.25,73.0,74.25,-14.75,77.95,63.2,2025,224.08734308462985,394.0925322755408,3712.4969959259033,3094.3171205657327,409350.0030040741
2025-03-28,20250403,0.35/0.15,23520.2,6.24,23700,23400,23950,23100,0.345,-0.347,0.151,-0.139,115.14999961853027,29.600000381469727,29.600000381469727,-10.40000343322754,250,300,85.5999984741211,89.1500015258789,29.899999618530273,29.700000762939453,60.150001525878906,62.599998474121094,17.600000381469727,19.600000381469727,31.0,99.6,130.6,-7.85,83.3,75.45,23.150001525878903,182.9000015258789,2,8.75,69.75,78.5,-5.150001525878906,204.3000030517578,2,1.0,90.0,91.0,32.00000762939453,189.5999984741211,2,-10.75,89.25,78.5,-24.650001525878903,223.8000030517578,2,-13.9,134.55,120.65,31.0,99.6,130.6,-13.9,134.55,120.65,2025,800.9755584285989,476.19822059164903,22200.000286102295,20922.826507082045,138637.5002861023
2025-03-28,20250403,0.25/0.1,23520.2,6.24,23800,23300,24050,23000,0.253,-0.261,0.107,-0.102,77.24999809265137,27.499999046325684,27.499999046325684,-10.249998092651367,250,300,56.54999923706055,62.099998474121094,20.149999618530273,21.25,35.849998474121094,40.70000076293945,11.850000381469728,14.949999809265137,22.4,66.3,88.7,-8.85,57.45,48.6,13.549991607666016,123.75000381469728,2,5.75,46.1,51.85,-5.6999969482421875,138.04999542236328,2,-8.4,65.9,57.5,13.999992370605469,132.20000457763672,2,-5.75,62.2,56.45,-17.199996948242188,154.14999771118164,2,-11.45,91.95,80.5,22.4,66.3,88.7,-11.45,91.95,80.5,2025,550.6586861313133,383.59810907824755,20624.999284744263,19690.742489534703,167062.50143051147
2025-03-28,20250403,0.25/0.05,23520.2,6.24,23800,23300,24300,22750,0.253,-0.261,0.047,-0.047,100.6999979019165,37.999998569488525,37.999998569488525,-14.59999942779541,500,550,56.54999923706055,62.099998474121094,8.449999809265137,9.5,35.849998474121094,40.70000076293945,5.349999904632568,8.5,22.4,66.3,88.7,-8.85,57.45,48.6,13.549991607666016,123.75000381469728,2,5.75,46.1,51.85,-5.6999969482421875,138.04999542236328,2,-8.4,65.9,57.5,13.999992370605469,132.20000457763672,2,-5.75,62.2,56.45,-17.199996948242188,154.14999771118164,2,-11.45,91.95,80.5,22.4,66.3,88.7,-11.45,91.95,80.5,2025,511.455593657402,361.8801356378906,28499.998927116394,27626.6631978211,336975.0015735626
2025-04-01,20250403,0.35/0.15,23530.85,2.24,23650,23450,23850,23200,0.336,-0.37,0.135,-0.14,86.05000305175781,-89.64998483657837,3.850004196166992,-100.55000495910645,200,250,56.70000076293945,70.9000015258789,18.75,22.799999237060547,7.800000190734863,270.54998779296875,3.900000095367432,98.75,-5.65,13.45,7.8,-0.05,82.85,82.8,-5.699995040893555,96.29999828338624,2,-29.9,181.75,151.85,-29.899993896484375,181.75,1,-0.05,82.85,82.8,-0.0499954223632812,82.8499984741211,1,-29.9,181.75,151.85,-29.899993896484375,181.75,1,,,,,,,,,,2025,359.0485626582765,542.1615720477822,-67237.48862743378,-68138.69876213984,122962.49771118164
2025-04-01,20250403,0.25/0.1,23530.85,2.24,23700,23350,23900,23100,0.27,-0.254,0.106,-0.097,56.85000038146973,-76.44999885559082,6.30000114440918,-89.7500057220459,200,250,42.29999923706055,44.70000076293945,14.449999809265137,15.699999809265137,6.5,190.5,3.5,60.20000076293945,,,,-4.65,54.6,49.95,-4.649997711181641,54.599998474121094,1,-23.25,123.9,100.65,-23.25,123.9000015258789,1,-4.65,54.6,49.95,-4.649997711181641,54.599998474121094,1,-23.25,123.9,100.65,-23.25,123.9000015258789,1,,,,,,,,,,2025,441.4127703333931,426.08161585890866,-57337.499141693115,-58204.99352788542,144862.4997138977
2025-04-01,20250403,0.25/0.05,23530.85,2.24,23700,23350,24050,22900,0.27,-0.254,0.055,-0.052,70.75000047683716,-101.0999994277954,8.30000114440918,-123.25000500679016,350,450,42.29999923706055,44.70000076293945,7.349999904632568,8.899999618530273,6.5,190.5,2.6500000953674316,22.5,,,,-4.65,54.6,49.95,-4.649997711181641,54.599998474121094,1,-23.25,123.9,100.65,-23.25,123.9000015258789,1,-4.65,54.6,49.95,-4.649997711181641,54.599998474121094,1,-23.25,123.9,100.65,-23.25,123.9000015258789,1,,,,,,,,,,2025,395.2370152112933,380.31754264050966,-75824.99957084654,-76600.55412869835,284437.49964237213
2025-04-02,20250403,0.35/0.15,23196.65,1.24,23300,23100,23450,22900,0.339,-0.342,0.146,-0.154,68.75,13.550003051757812,18.399999618530273,-6.650001525878906,150,200,52.29999923706055,58.25,17.5,24.299999237060547,65.5999984741211,19.149999618530273,20.700000762939453,8.850000381469727,-9.2,70.0,60.8,-4.85,29.55,24.7,-14.04999542236328,99.54999923706056,2,-3.7,25.9,22.2,-21.15000343322754,111.45000267028809,2,,,,-9.199996948242188,70.0,1,,,,-17.45000457763672,85.55000305175781,1,-17.45,85.55,68.1,-9.2,70.0,60.8,-17.45,85.55,68.1,2025,1428.0097194656653,380.803919079298,10162.50228881836,8353.688650273396,98437.5
2025-04-02,20250403,0.25/0.1,23196.65,1.24,23350,23000,23500,22800,0.263,-0.23,0.109,-0.102,45.74999809265137,10.09999656677246,15.24999713897705,-7.749998092651367,150,200,36.849998474121094,37.25,12.600000381469728,15.75,44.650001525878906,12.5,14.800000190734863,6.699999809265137,-10.0,50.15,40.15,-6.85,19.35,12.5,-16.850000381469727,69.50000190734863,2,-2.25,16.1,13.85,-16.650001525878906,78.00000190734863,2,,,,-10.0,50.150001525878906,1,,,,-14.400001525878906,61.900001525878906,1,-14.4,61.9,47.5,-10.0,50.15,40.15,-14.4,61.9,47.5,2025,931.9439344939608,319.52919706879334,7574.997425079345,6323.524293516591,115687.50143051147
2025-04-02,20250403,0.25/0.05,23196.65,1.24,23350,23000,23650,22600,0.263,-0.23,0.048,-0.047,61.54999828338623,14.34999704360962,21.54999732971191,-10.699998378753662,300,400,36.849998474121094,37.25,5.300000190734863,7.25,44.650001525878906,12.5,5.900000095367432,4.050000190734863,-10.0,50.15,40.15,-6.85,19.35,12.5,-16.850000381469727,69.50000190734863,2,-2.25,16.1,13.85,-16.650001525878906,78.00000190734863,2,,,,-10.0,50.150001525878906,1,,,,-14.400001525878906,61.900001525878906,1,-14.4,61.9,47.5,-10.0,50.15,40.15,-14.4,61.9,47.5,2025,799.836631372278,301.88704488415027,10762.497782707214,9660.774106450786,253837.50128746033
2025-04-03,20250409,0.35/0.15,23226.3,6.24,23400,23100,23650,22750,0.357,-0.361,0.157,-0.145,136.0999984741211,4.849998474121094,11.700000762939451,-0.850006103515625,250,350,94.5999984741211,109.8499984741211,31.799999237060547,36.54999923706055,91.5,94.3499984741211,28.299999237060547,26.299999237060547,-3.2,103.6,100.4,-7.6,85.7,78.1,-10.79999542236328,189.29999542236328,2,6.95,87.4,94.35,6.9499969482421875,87.4000015258789,1,,,,-3.1999969482421875,103.5999984741211,1,,,,0.0,0.0,0,,,,-3.2,103.6,100.4,,,,2025,361.21013258975574,550.6478069673652,3637.4988555908203,2725.6409160336993,160425.00114440918
2025-04-03,20250409,0.25/0.1,23226.3,6.24,23500,22950,23750,22600,0.266,-0.251,0.106,-0.096,88.6500015258789,5.7999982833862305,13.15000057220459,-1.2999963760375977,250,350,62.349998474121094,69.55000305175781,19.899999618530273,23.350000381469727,58.650001525878906,55.900001525878906,16.5,15.199999809265137,4.6,68.6,73.2,4.4,51.5,55.9,9.0,120.0999984741211,2,4.15,51.75,55.9,4.150001525878906,51.75,1,,,,4.599998474121094,68.5999984741211,1,,,,0.0,0.0,0,,,,4.6,68.6,73.2,,,,2025,184.89876548959285,416.39611815332466,4349.998712539673,3748.7038288967556,196012.49885559082
2025-04-03,20250409,0.25/0.05,23226.3,6.24,23500,22950,23950,22350,0.266,-0.251,0.052,-0.05,110.85000228881836,8.449999332427979,18.900002479553223,-1.3499951362609863,450,600,62.349998474121094,69.55000305175781,9.149999618530272,11.899999618530272,58.650001525878906,55.900001525878906,6.150000095367432,6.0,4.6,68.6,73.2,4.4,51.5,55.9,9.0,120.0999984741211,2,4.15,51.75,55.9,4.150001525878906,51.75,1,,,,4.599998474121094,68.5999984741211,1,,,,0.0,0.0,0,,,,4.6,68.6,73.2,,,,2025,166.7829560931063,388.0692785753763,6337.499499320984,5782.647264652502,366862.49828338623
2025-04-04,20250409,0.35/0.15,23054.35,5.24,23200,22900,23450,22650,0.363,-0.331,0.144,-0.157,114.74999809265135,8.299998760223389,23.699996948242188,-0.7000036239624023,250,250,85.19999694824219,90.6500015258789,25.350000381469727,35.75,21.0,139.5,7.099999904632568,46.95000076293945,-3.7,54.6,50.9,-0.5,113.5,113.0,-4.1999969482421875,168.0999984741211,2,27.45,101.4,128.85,27.45000457763672,101.4000015258789,1,-0.5,113.5,113.0,-0.5,113.5,1,27.45,101.4,128.85,27.45000457763672,101.4000015258789,1,,,,,,,,,,2025,1318.6056553373814,508.580462464494,6224.9990701675415,4397.812952365665,101437.50143051147
2025-04-04,20250409,0.25/0.1,23054.35,5.24,23300,22800,23550,22500,0.262,-0.252,0.094,-0.096,82.20000457763672,4.600005626678467,21.400004863739017,-2.249993324279785,250,300,54.20000076293945,64.05000305175781,15.5,20.549999237060547,13.300000190734863,92.5999984741211,5.150000095367432,23.149999618530273,-3.6,34.15,30.55,-1.45,78.9,77.45,-5.050006866455078,113.0500030517578,2,18.8,66.0,84.8,18.800003051757812,66.0,1,-1.45,78.9,77.45,-1.4500045776367188,78.9000015258789,1,18.8,66.0,84.8,18.800003051757812,66.0,1,,,,,,,,,,2025,903.016140807736,392.87778480031614,3450.00422000885,2154.110294400798,163349.99656677246
2025-04-04,20250409,0.25/0.05,23054.35,5.24,23300,22800,23700,22300,0.262,-0.252,0.049,-0.049,100.80000400543211,8.300004959106445,28.600004196166992,-3.9999942779541016,400,500,54.20000076293945,64.05000305175781,7.449999809265137,10.0,13.300000190734863,92.5999984741211,3.25,10.149999618530272,-3.6,34.15,30.55,-1.45,78.9,77.45,-5.050006866455078,113.0500030517578,2,18.8,66.0,84.8,18.800003051757812,66.0,1,-1.45,78.9,77.45,-1.4500045776367188,78.9000015258789,1,18.8,66.0,84.8,18.800003051757812,66.0,1,,,,,,,,,,2025,779.4941714834267,370.720880642024,6225.003719329834,5074.788667204383,299399.9969959259
2025-04-07,20250409,0.35/0.15,22003.75,2.24,22300,21750,22700,21000,0.345,-0.356,0.142,-0.146,217.75,-51.900001525878906,16.600013732910156,-67.84999465942383,400,750,156.4499969482422,183.3000030517578,44.900001525878906,77.0999984741211,186.3000030517578,210.0500030517578,50.400001525878906,76.30000305175781,6.7,142.5,149.2,-5.95,189.8,183.85,0.75,332.3000030517578,2,56.0,215.7,271.7,65.00001525878906,350.0,2,-5.95,189.8,183.85,-15.949996948242188,350.3000030517578,2,56.0,215.7,271.7,43.10002136230469,379.59999084472656,2,9.0,134.3,143.3,-10.0,160.5,150.5,-12.9,163.9,151.0,2025,3686.390624171784,860.8329343385965,-38925.00114440918,-43472.224702919564,399187.5
2025-04-07,20250409,0.25/0.1,22003.75,2.24,22450,21450,22850,20950,0.259,-0.248,0.097,-0.138,128.2500038146973,-34.24999237060547,12.150005340576172,-36.89999961853027,400,500,100.8000030517578,129.0,28.450000762939453,73.0999984741211,122.0999984741211,141.5,29.299999237060547,71.80000305175781,2.55,92.1,94.65,-8.45,130.75,122.3,-5.899993896484375,222.8499984741211,2,42.55,139.5,182.05,47.70000457763672,223.5999984741211,2,-8.45,130.75,122.3,-5.5,236.4000015258789,2,42.55,139.5,182.05,33.45000457763672,244.5999984741211,2,5.15,84.1,89.25,2.95,105.65,108.6,-9.1,105.1,96.0,2025,2750.988639957322,664.6731941912308,-25687.4942779541,-29103.156112102653,278812.49713897705
2025-04-07,20250409,0.25/0.05,22003.75,2.24,22450,21450,23150,20950,0.259,-0.248,0.048,-0.138,143.80000495910645,-34.2999906539917,15.200006484985352,-37.449997901916504,700,500,100.8000030517578,129.0,12.899999618530272,73.0999984741211,122.0999984741211,141.5,13.699999809265137,71.80000305175781,2.55,92.1,94.65,-8.45,130.75,122.3,-5.899993896484375,222.8499984741211,2,42.55,139.5,182.05,47.70000457763672,223.5999984741211,2,-8.45,130.75,122.3,-5.5,236.4000015258789,2,42.55,139.5,182.05,33.45000457763672,244.5999984741211,2,5.15,84.1,89.25,2.95,105.65,108.6,-9.1,105.1,96.0,2025,2605.075242911181,642.8009300892043,-25724.992990493774,-28972.86916349416,417149.99628067017
2025-04-08,20250409,0.35/0.15,22519.15,1.24,22650,22350,22900,22000,0.368,-0.334,0.149,-0.157,112.20000076293944,-31.94999313354492,5.049999237060547,-55.09999465942383,250,350,91.25,92.75,27.25,44.54999923706055,144.1999969482422,94.1999969482422,52.900001525878906,41.349998474121094,16.35,49.4,65.75,-10.0,154.8,144.8,6.349998474121094,204.20000457763672,2,-11.8,211.95,200.15,-17.050003051757812,314.0,2,-10.0,154.8,144.8,-12.0,250.8000030517578,2,-11.8,211.95,200.15,-17.050003051757812,314.0,2,-5.25,102.05,96.8,-2.0,96.0,94.0,-5.25,102.05,96.8,2025,2264.6985062466074,590.0202881553363,-23962.494850158688,-26817.213644560634,178349.9994277954
2025-04-08,20250409,0.25/0.1,22519.15,1.24,22750,22200,23050,21750,0.263,-0.239,0.093,-0.1,75.6500015258789,-32.25000190734863,1.6999998092651367,-58.049991607666016,300,450,55.599998474121094,66.55000305175781,16.700000762939453,29.799999237060547,98.0,65.55000305175781,31.25,24.399999618530273,8.85,31.9,40.75,-10.0,112.95,102.95,-1.1499996185302734,144.84999656677246,2,-14.75,158.75,144.0,-17.299999237060547,223.0,2,-10.0,112.95,102.95,-14.299999237060549,172.7499961853027,2,-14.75,158.75,144.0,-17.299999237060547,223.0,2,-2.55,64.25,61.7,-4.3,59.8,55.5,-2.55,64.25,61.7,2025,1666.2942106098822,449.17512242512987,-24187.501430511475,-26302.970763546487,280762.4988555908
2025-04-08,20250409,0.25/0.05,22519.15,1.24,22750,22200,23300,21300,0.263,-0.239,0.047,-0.05,97.00000190734865,-41.05000114440918,0.7999992370605469,-78.30000686645508,550,900,55.599998474121094,66.55000305175781,8.850000381469727,16.299999237060547,98.0,65.55000305175781,13.0,12.5,8.85,31.9,40.75,-10.0,112.95,102.95,-1.1499996185302734,144.84999656677246,2,-14.75,158.75,144.0,-17.299999237060547,223.0,2,-10.0,112.95,102.95,-14.299999237060549,172.7499961853027,2,-14.75,158.75,144.0,-17.299999237060547,223.0,2,-2.55,64.25,61.7,-4.3,59.8,55.5,-2.55,64.25,61.7,2025,1332.4556332122131,409.8429844526491,-30787.500858306885,-32529.799475971748,602249.9985694885
2025-04-09,20250417,0.35/0.15,22452.85,8.24,22800,22200,23250,21500,0.34,-0.357,0.147,-0.148,237.39998626708984,17.54998779296875,29.049999237060547,-3.10000991821289,450,700,161.64999389648438,205.1999969482422,52.650001525878906,76.80000305175781,123.5500030517578,205.1999969482422,34.900001525878906,74.0,-10.0,155.0,145.0,-10.0,230.4,220.4,-20.0,385.3999938964844,2,-18.45,220.45,202.0,-12.150001525878906,333.8499984741211,2,-10.0,230.4,220.4,-10.0,230.3999938964844,1,-18.45,220.45,202.0,-18.449996948242188,220.4499969482422,1,6.3,113.4,119.7,,,,,,,2025,1021.1055388407698,850.4202441436538,13162.490844726562,11290.96506174214,346950.0102996826
2025-04-09,20250417,0.25/0.1,22452.85,8.24,23000,21900,23450,21500,0.241,-0.247,0.097,-0.148,123.7499885559082,15.149993896484377,26.999991416931152,-0.6500091552734375,450,400,99.1999969482422,133.64999389648438,32.29999923706055,76.80000305175781,70.8499984741211,132.4499969482422,20.700000762939453,74.0,-9.95,95.95,86.0,-6.85,138.1,131.25,-16.800003051757812,234.0500030517578,2,-13.85,144.35,130.5,-7.000007629394531,202.8500061035156,2,-6.85,138.1,131.25,-6.850006103515625,138.10000610351562,1,-13.85,144.35,130.5,-13.850006103515623,144.35000610351562,1,6.85,58.5,65.35,,,,,,,2025,461.391511182712,643.2840440112113,11362.495422363283,10257.81986716936,244687.50858306885
2025-04-09,20250417,0.25/0.05,22452.85,8.24,23000,21900,23750,21500,0.241,-0.247,0.051,-0.148,140.29998779296875,20.649991989135746,37.54999542236328,0.0,750,400,99.1999969482422,133.64999389648438,15.75,76.80000305175781,70.8499984741211,132.4499969482422,9.649999618530272,74.0,-9.95,95.95,86.0,-6.85,138.1,131.25,-16.800003051757812,234.0500030517578,2,-13.85,144.35,130.5,-7.000007629394531,202.8500061035156,2,-6.85,138.1,131.25,-6.850006103515625,138.10000610351562,1,-13.85,144.35,130.5,-13.850006103515623,144.35000610351562,1,6.85,58.5,65.35,,,,,,,2025,460.64757905490603,625.9211842497834,15487.493991851808,14400.92522854712,457275.00915527344
2025-04-11,20250417,0.35/0.15,22843.1,6.24,23100,22650,23500,22150,0.358,-0.356,0.152,-0.149,195.44999313354492,2.14999008178711,38.149993896484375,-4.299995422363281,400,500,146.39999389648438,151.1999969482422,46.599998474121094,55.54999923706055,136.9499969482422,165.60000610351562,44.0,65.25,-2.65,113.3,110.65,-7.7,161.0,153.3,-10.349998474121094,274.3000030517578,2,-22.85,181.6,158.75,-25.00000762939453,307.00000762939453,2,-7.7,161.0,153.3,-13.449996948242188,309.4499969482422,2,-22.85,181.6,158.75,-22.850006103515625,181.6000061035156,1,-2.15,125.4,123.25,-5.75,148.45,142.7,,,,2025,1840.4314597287575,758.9456500293941,1612.4925613403323,-986.8845484178194,228412.5051498413
2025-04-11,20250417,0.25/0.1,22843.1,6.24,23300,22450,23650,21900,0.241,-0.255,0.105,-0.096,119.5500030517578,2.4000015258789062,31.250003814697266,-3.80000114440918,350,550,83.55000305175781,101.5,30.200000762939453,35.29999923706055,78.1500015258789,112.3499984741211,29.25,44.099998474121094,0.95,63.55,64.5,-8.8,111.05,102.25,-7.850002288818359,174.60000228881836,2,-15.55,119.5,103.95,-17.20000457763672,188.4000015258789,2,-8.8,111.05,102.25,-16.650001525878906,195.5,2,-15.55,119.5,103.95,-15.550003051757812,119.5,1,-1.65,68.9,67.25,-7.85,84.45,76.6,,,,2025,1278.3134024404035,550.5634388255577,1800.0011444091797,-28.875696856781474,322837.49771118164
2025-04-11,20250417,0.25/0.05,22843.1,6.24,23300,22450,23950,21500,0.241,-0.255,0.05,-0.053,152.10000228881836,3.250001907348633,39.64999866485596,-5.149999618530273,650,950,83.55000305175781,101.5,13.100000381469728,19.850000381469727,78.1500015258789,112.3499984741211,14.0,27.649999618530273,0.95,63.55,64.5,-8.8,111.05,102.25,-7.850002288818359,174.60000228881836,2,-15.55,119.5,103.95,-17.20000457763672,188.4000015258789,2,-8.8,111.05,102.25,-16.650001525878906,195.5,2,-15.55,119.5,103.95,-15.550003051757812,119.5,1,-1.65,68.9,67.25,-7.85,84.45,76.6,,,,2025,1069.1089016931714,505.7964019274664,2437.5014305114746,862.5961268908368,598424.9982833862
2025-04-15,20250417,0.35/0.15,23303.0,2.24,23450,23200,23700,22900,0.337,-0.37,0.136,-0.142,107.79999923706056,44.94999885559082,46.39999961853027,0.0,250,300,71.30000305175781,88.94999694824219,23.700000762939453,28.75,31.850000381469727,55.5,9.199999809265137,15.300000190734863,-10.0,60.75,50.75,-9.25,69.85,60.6,-19.25,130.5999984741211,2,-5.8,69.55,63.75,-27.250003814697266,124.35000228881836,2,,,,0.0,0.0,0,,,,0.0,0.0,0,-21.45,54.8,33.35,,,,,,,2025,849.9672222199624,432.8468914116106,33712.499141693115,32429.685028061547,144150.0005722046
2025-04-15,20250417,0.25/0.1,23303.0,2.24,23550,23050,23800,22800,0.239,-0.231,0.095,-0.106,57.69999885559082,32.54999828338623,33.499999046325684,-0.1000003814697265,250,250,46.099998474121094,49.29999923706055,16.149999618530273,21.549999237060547,17.5,26.0,6.449999809265137,11.899999618530272,-5.3,34.3,29.0,-9.3,37.55,28.25,-14.599998474121094,71.8499984741211,2,-3.05,37.4,34.35,-16.250003814697266,69.1500015258789,2,,,,0.0,0.0,0,,,,0.0,0.0,0,-13.2,31.75,18.55,,,,,,,2025,475.62952448858056,337.41220279046865,24412.498712539673,23599.456985260622,144225.00085830688
2025-04-15,20250417,0.25/0.05,23303.0,2.24,23550,23050,24000,22500,0.239,-0.231,0.048,-0.05,76.89999771118164,43.39999747276306,44.69999837875366,-0.150003433227539,450,550,46.099998474121094,49.29999923706055,8.0,10.5,17.5,26.0,3.549999952316284,6.449999809265137,-5.3,34.3,29.0,-9.3,37.55,28.25,-14.599998474121094,71.8499984741211,2,-3.05,37.4,34.35,-16.250003814697266,69.1500015258789,2,,,,0.0,0.0,0,,,,0.0,0.0,0,-13.2,31.75,18.55,,,,,,,2025,399.9689214197671,322.03048600767,32549.998104572296,31827.99869714486,354825.00171661377
2025-04-16,20250417,0.35/0.15,23360.85,1.24,23450,23300,23600,23150,0.321,-0.374,0.141,-0.162,57.099998474121094,-5.299999237060547,5.099997520446777,-20.050004959106445,150,150,37.349998474121094,54.0,15.350000381469728,18.899999618530273,55.29999923706055,50.29999923706055,23.100000381469727,20.100000381469727,1.0,22.9,23.9,22.55,56.75,79.3,23.550004959106445,79.64999961853027,2,-29.15,111.25,82.1,-38.55000114440918,142.79999923706055,2,22.55,56.75,79.3,42.0,97.25,2,-29.15,111.25,82.1,-20.60000228881836,158.0,2,-9.4,31.55,22.15,19.45,40.5,59.95,8.55,46.75,55.3,2025,689.8875429840755,379.38444087174037,-3974.99942779541,-5044.271411651226,69675.00114440918
2025-04-16,20250417,0.25/0.1,23360.85,1.24,23500,23200,23650,23050,0.243,-0.216,0.108,-0.095,30.950000762939453,-8.55000114440918,4.850000381469727,-16.949997901916504,150,150,27.149999618530273,26.450000762939453,11.699999809265137,10.949999809265137,41.20000076293945,27.200000762939453,17.549999237060547,11.350000381469728,-2.85,16.85,14.0,24.0,27.95,51.95,21.149999618530273,44.80000114440918,2,-18.2,65.45,47.25,-25.44999599456787,87.99999618530273,2,24.0,27.95,51.95,37.64999961853027,57.05000114440918,2,-18.2,65.45,47.25,-10.949996948242188,99.39999771118164,2,-7.25,22.55,15.3,13.65,29.1,42.75,7.25,33.95,41.2,2025,364.5793488519903,307.44836591161067,-6412.500858306885,-7084.528573070485,89287.49942779541
2025-04-16,20250417,0.25/0.05,23360.85,1.24,23500,23200,23800,22900,0.243,-0.216,0.052,-0.051,41.70000076293945,-13.30000114440918,6.90000057220459,-25.349998474121097,300,300,27.149999618530273,26.450000762939453,5.699999809265137,6.199999809265137,41.20000076293945,27.200000762939453,7.449999809265137,5.949999809265137,-2.85,16.85,14.0,24.0,27.95,51.95,21.149999618530273,44.80000114440918,2,-18.2,65.45,47.25,-25.44999599456787,87.99999618530273,2,24.0,27.95,51.95,37.64999961853027,57.05000114440918,2,-18.2,65.45,47.25,-10.949996948242188,99.39999771118164,2,-7.25,22.55,15.3,13.65,29.1,42.75,7.25,33.95,41.2,2025,320.6101442072959,287.3041965366106,-9975.000858306885,-10582.91519905079,193724.9994277954
2025-04-17,20250424,0.35/0.15,23416.25,7.24,23650,23250,23950,22850,0.336,-0.351,0.149,-0.147,148.35000228881836,-48.899993896484375,4.600002288818359,-52.95001411437988,300,400,102.6500015258789,126.5999984741211,36.349998474121094,44.54999923706055,310.1499938964844,47.25,137.1999969482422,22.950000762939453,15.75,92.45,108.2,9.0,129.5,138.5,24.75,221.9499969482422,2,,,,-18.45000457763672,113.9000015258789,1,9.0,129.5,138.5,13.849998474121094,232.8499984741211,2,,,,-18.45000457763672,113.9000015258789,1,-18.45,113.9,95.45,4.85,103.35,108.2,-18.45,113.9,95.45,2025,841.1079946138716,751.706661076519,-36674.99542236328,-38267.81007805367,188737.49828338623
2025-04-17,20250424,0.25/0.1,23416.25,7.24,23750,23100,24100,22700,0.262,-0.257,0.094,-0.104,107.04999542236328,-72.00000381469727,6.499998092651367,-78.34999084472656,350,400,73.3499984741211,85.44999694824219,21.100000381469727,30.649999618530273,243.0,35.5,81.25,18.200000762939453,8.55,67.6,76.15,0.8,88.55,89.35,9.349998474121094,156.1500015258789,2,,,,-13.699996948242188,83.0,1,0.8,88.55,89.35,2.0499954223632812,163.45000457763672,2,,,,-13.699996948242188,83.0,1,-13.7,83.0,69.3,1.25,74.9,76.15,-13.7,83.0,69.3,2025,630.0847107432041,575.4871776861057,-54000.00286102295,-55205.57474945226,219712.50343322754
2025-04-17,20250424,0.25/0.05,23416.25,7.24,23750,23100,24300,22400,0.262,-0.257,0.05,-0.058,131.399995803833,-95.40000534057616,7.599998474121094,-108.24999237060548,550,700,73.3499984741211,85.44999694824219,10.350000381469728,17.049999237060547,243.0,35.5,39.04999923706055,12.649999618530272,8.55,67.6,76.15,0.8,88.55,89.35,9.349998474121094,156.1500015258789,2,,,,-13.699996948242188,83.0,1,0.8,88.55,89.35,2.0499954223632812,163.45000457763672,2,,,,-13.699996948242188,83.0,1,-13.7,83.0,69.3,1.25,74.9,76.15,-13.7,83.0,69.3,2025,520.6508197305249,516.3918319752884,-71550.00400543211,-72587.04665713792,426450.00314712524
2025-04-21,20250424,0.35/0.15,24017.15,3.24,24200,23850,24450,23550,0.333,-0.335,0.155,-0.15,111.29999923706056,24.9999942779541,24.9999942779541,-4.849998474121094,250,300,83.05000305175781,97.8499984741211,32.45000076293945,37.150001525878906,93.8000030517578,44.45000076293945,31.649999618530273,20.299999237060547,-6.35,93.9,87.55,-3.1,89.35,86.25,-9.449996948242188,183.25,2,-12.15,52.6,40.45,11.400005340576172,144.04999542236328,2,,,,-6.349998474121094,93.9000015258789,1,,,,23.550003051757812,91.4499969482422,1,23.55,91.45,115.0,-6.35,93.9,87.55,23.55,91.45,115.0,2025,1735.2245077644066,507.0780753183126,18749.995708465576,16507.693125382855,141525.0005722046
2025-04-21,20250424,0.25/0.1,24017.15,3.24,24300,23750,24600,23400,0.25,-0.259,0.093,-0.101,85.65000534057617,25.05000400543213,25.05000400543213,-4.949993133544922,300,350,57.70000076293945,70.30000305175781,18.049999237060547,24.299999237060547,61.0,32.45000076293945,17.299999237060547,15.550000190734863,-9.55,65.0,55.45,-5.45,65.1,59.65,-15.0,130.0999984741211,2,-7.95,37.95,30.0,5.450000762939453,99.60000228881836,2,,,,-9.550003051757812,65.0,1,,,,13.400001525878906,61.650001525878906,1,13.4,61.65,75.05,-9.55,65.0,55.45,13.4,61.65,75.05,2025,1211.8675645990745,406.0343127715697,18787.503004074097,17169.601126703452,198262.49599456787
2025-04-21,20250424,0.25/0.05,24017.15,3.24,24300,23750,24800,23100,0.25,-0.259,0.047,-0.05,107.15000343322754,32.90000247955322,32.90000247955322,-6.949994087219238,500,650,57.70000076293945,70.30000305175781,8.600000381469727,12.25,61.0,32.45000076293945,8.449999809265137,10.75,-9.55,65.0,55.45,-5.45,65.1,59.65,-15.0,130.0999984741211,2,-7.95,37.95,30.0,5.450000762939453,99.60000228881836,2,,,,-9.550003051757812,65.0,1,,,,13.400001525878906,61.650001525878906,1,13.4,61.65,75.05,-9.55,65.0,55.45,13.4,61.65,75.05,2025,1060.907729833922,384.22937249731024,24675.001859664917,23229.864757333686,407137.49742507935
2025-04-22,20250424,0.35/0.15,24166.6,2.24,24250,24050,24500,23850,0.382,-0.33,0.136,-0.156,80.55000114440918,9.400002479553224,11.899998664855955,-7.5,250,200,63.79999923706055,63.650001525878906,20.049999237060547,26.850000381469727,60.04999923706055,42.54999923706055,15.5,15.949999809265137,-2.15,72.9,70.75,1.15,45.25,46.4,-1.0,118.1500015258789,2,-9.0,53.9,44.9,-14.300003051757812,138.8000030517578,2,,,,-2.1500015258789062,72.9000015258789,1,,,,-5.3000030517578125,84.9000015258789,1,-5.3,84.9,79.6,-2.15,72.9,70.75,-5.3,84.9,79.6,2025,478.5627454352356,408.5851341652331,7050.001859664918,6162.853980064449,127087.49914169312
2025-04-22,20250424,0.25/0.1,24166.6,2.24,24350,24000,24600,23700,0.252,-0.273,0.09,-0.1,57.849998474121094,11.64999771118164,14.049999237060549,-5.649998664855957,250,300,38.5,50.099998474121094,12.899999618530272,17.850000381469727,33.54999923706055,32.45000076293945,9.399999618530272,10.399999618530272,1.5,47.5,49.0,-1.45,35.75,34.3,0.0499992370605468,83.25,2,-7.3,42.45,35.15,-11.849998474121094,94.04999923706056,2,,,,1.5,47.5,1,,,,-4.549999237060547,51.599998474121094,1,-4.55,51.6,47.05,1.5,47.5,49.0,-4.55,51.6,47.05,2025,349.1605626952929,336.9658988866634,8737.49828338623,8051.371821804274,181612.50114440918
2025-04-22,20250424,0.25/0.05,24166.6,2.24,24350,24000,24750,23400,0.252,-0.273,0.052,-0.051,70.49999809265137,16.29999828338623,19.04999876022339,-6.799999713897705,400,600,38.5,50.099998474121094,7.550000190734863,10.550000190734863,33.54999923706055,32.45000076293945,4.900000095367432,6.900000095367432,1.5,47.5,49.0,-1.45,35.75,34.3,0.0499992370605468,83.25,2,-7.3,42.45,35.15,-11.849998474121094,94.04999923706056,2,,,,1.5,47.5,1,,,,-4.549999237060547,51.599998474121094,1,-4.55,51.6,47.05,1.5,47.5,49.0,-4.55,51.6,47.05,2025,307.2729473083803,324.1698034565072,12224.998712539673,11593.555961774786,397125.0014305115
2025-04-23,20250424,0.35/0.15,24331.4,1.24,24400,24250,24600,24100,0.377,-0.344,0.138,-0.154,66.55000114440918,21.099998474121097,21.250001907348633,-32.749999046325684,200,150,51.650001525878906,50.29999923706055,16.600000381469727,18.799999237060547,39.20000076293945,33.650001525878906,13.399999618530272,14.0,-1.35,25.85,24.5,31.2,60.8,92.0,29.850000381469727,86.64999961853027,2,10.7,119.0,129.7,3.649995803833008,150.45000076293945,2,31.2,60.8,92.0,31.200000762939453,60.79999923706055,1,10.7,119.0,129.7,10.699996948242188,119.0,1,-7.05,31.45,24.4,,,,,,,2025,525.4831518367945,363.16946485074044,15824.998855590822,14936.346238903288,100087.49914169312
2025-04-23,20250424,0.25/0.1,24331.4,1.24,24500,24200,24650,24000,0.229,-0.264,0.106,-0.097,39.85000228881836,16.950002670288086,17.650001525878906,-50.900002002716064,150,200,28.950000762939453,35.400001525878906,12.550000190734863,11.949999809265137,22.75,22.399999618530273,10.600000381469728,11.649999618530272,5.6,17.15,22.75,24.2,43.65,67.85,29.79999732971191,60.80000114440918,2,7.4,89.9,97.3,3.1500015258789062,108.9000015258789,2,24.2,43.65,67.85,24.199996948242188,43.650001525878906,1,7.4,89.9,97.3,7.400001525878906,89.9000015258789,1,-4.25,19.0,14.75,,,,,,,2025,397.46378162796844,304.5867366844663,12712.502002716064,12010.45148440363,120112.49828338623
2025-04-23,20250424,0.25/0.05,24331.4,1.24,24500,24200,24800,23800,0.229,-0.264,0.051,-0.048,51.85000228881836,21.70000267028809,22.750001430511475,-65.55000019073486,300,400,28.950000762939453,35.400001525878906,6.0,6.5,22.75,22.399999618530273,5.550000190734863,9.449999809265137,5.6,17.15,22.75,24.2,43.65,67.85,29.79999732971191,60.80000114440918,2,7.4,89.9,97.3,3.1500015258789062,108.9000015258789,2,24.2,43.65,67.85,24.199996948242188,43.650001525878906,1,7.4,89.9,97.3,7.400001525878906,89.9000015258789,1,-4.25,19.0,14.75,,,,,,,2025,376.1521614030162,292.8092208094664,16275.002002716066,15606.040620503585,261112.49828338623
2025-04-24,20250430,0.35/0.15,24256.85,6.24,24500,24100,24850,23700,0.34,-0.345,0.151,-0.145,139.4999961853027,-6.900007247924805,2.5999984741210938,-9.750005722045898,350,400,113.4499969482422,109.9499969482422,41.54999923706055,42.349998474121094,91.1500015258789,126.6500015258789,25.649999618530273,45.75,-7.0,122.0,115.0,20.15,106.8,126.95,13.149993896484377,228.8000030517578,2,14.15,112.5,126.65,14.150001525878906,112.5,1,16.9,110.05,126.95,9.899993896484377,232.0500030517578,2,14.15,112.5,126.65,14.150001525878906,112.5,1,,,,-7.0,122.0,115.0,,,,2025,640.9968133192933,604.7799040991201,-5175.0054359436035,-6420.782153362017,195375.00286102295
2025-04-24,20250430,0.25/0.1,24256.85,6.24,24650,23950,25000,23500,0.244,-0.248,0.102,-0.103,89.49999618530273,-4.350006103515625,5.700000762939453,-6.650003433227539,350,450,73.44999694824219,74.3499984741211,26.549999237060547,31.75,52.95000076293945,85.9000015258789,15.850000381469728,29.149999618530273,-8.1,78.4,70.3,11.45,74.45,85.9,3.350006103515625,152.8499984741211,2,10.05,75.85,85.9,10.050003051757812,75.8499984741211,1,11.45,74.45,85.9,3.350006103515625,152.8499984741211,2,10.05,75.85,85.9,10.050003051757812,75.8499984741211,1,,,,-8.1,78.4,70.3,,,,2025,413.5758593631665,460.79704936380773,-3262.5045776367188,-4136.877486363693,270375.00286102295
2025-04-24,20250430,0.25/0.05,24256.85,6.24,24650,23950,25300,23000,0.244,-0.248,0.047,-0.051,118.84999465942384,-2.2500081062316895,12.549998760223389,-5.700005531311035,650,950,73.44999694824219,74.3499984741211,11.350000381469728,17.600000381469727,52.95000076293945,85.9000015258789,6.099999904632568,11.649999618530272,-8.1,78.4,70.3,11.45,74.45,85.9,3.350006103515625,152.8499984741211,2,10.05,75.85,85.9,10.050003051757812,75.8499984741211,1,11.45,74.45,85.9,3.350006103515625,152.8499984741211,2,10.05,75.85,85.9,10.050003051757812,75.8499984741211,1,,,,-8.1,78.4,70.3,,,,2025,388.6739255070461,421.8517510713017,-1687.506079673767,-2498.031756252115,623362.5040054321
2025-04-25,20250430,0.35/0.15,24206.1,5.24,24400,24050,24700,23650,0.359,-0.351,0.156,-0.149,145.60000228881836,11.85000991821289,15.89999771118164,-52.09999465942383,300,400,111.5999984741211,115.3000030517578,37.04999923706055,44.25,53.04999923706055,158.39999389648438,18.700000762939453,59.0,18.4,38.95,57.35,14.5,170.75,185.25,32.89999771118164,209.70000076293945,2,-18.95,235.75,216.8,-23.54999542236328,280.3499984741211,2,14.5,170.75,185.25,14.5,170.75,1,-18.95,235.75,216.8,-18.949996948242188,235.75,1,-4.6,44.6,40.0,,,,,,,2025,727.5698346825588,612.1965622859326,8887.507438659668,7547.741041691176,190799.99828338623
2025-04-25,20250430,0.25/0.1,24206.1,5.24,24550,23900,24850,23450,0.245,-0.255,0.098,-0.1,93.54999732971191,7.649996757507324,9.59999942779541,-52.0,300,450,65.75,79.19999694824219,21.399999618530273,30.0,31.049999237060547,106.0,11.050000190734863,40.099998474121094,16.9,25.85,42.75,43.1,118.1,161.2,59.99999809265137,143.94999885559082,2,-13.95,167.3,153.35,-16.949996948242188,195.35000228881836,2,43.1,118.1,161.2,43.099998474121094,118.0999984741211,1,-13.95,167.3,153.35,-13.949996948242188,167.3000030517578,1,-3.0,28.05,25.05,,,,,,,2025,393.4336596836516,461.37354096491106,5737.497568130493,4882.6903674819305,267337.50200271606
2025-04-25,20250430,0.25/0.05,24206.1,5.24,24550,23900,25050,23050,0.245,-0.255,0.053,-0.049,118.74999713897704,8.29999828338623,10.499997615814207,-70.00000047683716,500,850,65.75,79.19999694824219,11.0,15.199999809265137,31.049999237060547,106.0,5.5,21.100000381469727,16.9,25.85,42.75,43.1,118.1,161.2,59.99999809265137,143.94999885559082,2,-13.95,167.3,153.35,-16.949996948242188,195.35000228881836,2,43.1,118.1,161.2,43.099998474121094,118.0999984741211,1,-13.95,167.3,153.35,-13.949996948242188,167.3000030517578,1,-3.0,28.05,25.05,,,,,,,2025,387.3463750396841,426.70659923309853,6224.998712539673,5410.945738266891,548437.5021457672
2025-04-28,20250430,0.35/0.15,24190.25,2.24,24350,24100,24550,23800,0.325,-0.375,0.154,-0.156,91.84999656677246,5.899999618530273,12.099992752075195,-9.050004959106444,200,300,68.5,83.44999694824219,26.899999618530273,33.20000076293945,97.9499969482422,40.20000076293945,31.100000381469727,21.100000381469727,1.55,76.85,78.4,-5.9,64.45,58.55,-4.349994659423828,141.29999923706055,2,-13.2,68.5,55.3,10.749996185302734,154.0500030517578,2,,,,1.5500030517578125,76.8499984741211,1,,,,23.949996948242188,85.55000305175781,1,23.95,85.55,109.5,1.55,76.85,78.4,23.95,85.55,109.5,2025,1395.704862517649,473.2601031173124,4424.999713897705,2556.034748262744,156112.50257492065
2025-04-28,20250430,0.25/0.1,24190.25,2.24,24400,23950,24650,23600,0.271,-0.238,0.104,-0.096,64.54999923706055,-2.950002670288086,7.5,-20.90000343322754,250,350,53.25,50.0,17.25,21.450000762939453,74.4000015258789,27.350000381469727,17.950000762939453,16.299999237060547,-1.55,60.15,58.6,-3.85,41.7,37.85,-5.400005340576172,101.85000228881836,2,-8.05,42.95,34.9,12.049999237060549,107.54999923706056,2,,,,-1.5500030517578125,60.150001525878906,1,,,,20.099998474121097,64.5999984741211,1,20.1,64.6,84.7,-1.55,60.15,58.6,20.1,64.6,84.7,2025,973.5745867096352,382.72984862709137,-2212.5020027160645,-3568.8064380527912,214087.5005722046
2025-04-28,20250430,0.25/0.05,24190.25,2.24,24400,23950,24850,23250,0.271,-0.238,0.046,-0.049,83.80000019073486,-1.9073486328125e-06,11.100001335144045,-24.100000381469727,450,700,53.25,50.0,7.199999809265137,12.25,74.4000015258789,27.350000381469727,6.0,11.949999809265137,-1.55,60.15,58.6,-3.85,41.7,37.85,-5.400005340576172,101.85000228881836,2,-8.05,42.95,34.9,12.049999237060549,107.54999923706056,2,,,,-1.5500030517578125,60.150001525878906,1,,,,20.099998474121097,64.5999984741211,1,20.1,64.6,84.7,-1.55,60.15,58.6,20.1,64.6,84.7,2025,834.9616764803916,358.86190157672115,-0.001430511474609375,-1193.8250085685872,462149.99985694885
2025-04-29,20250430,0.35/0.15,24347.7,1.24,24450,24250,24600,24050,0.336,-0.336,0.155,-0.145,64.25,37.049999713897705,37.049999713897705,-4.94999885559082,150,200,50.150001525878906,55.099998474121094,19.399999618530273,21.600000381469727,17.399999618530273,29.850000381469727,6.650000095367432,13.399999618530272,-6.75,35.65,28.9,-9.05,54.6,45.55,-15.799999237060549,90.25,2,-12.75,49.1,36.35,-20.80000114440918,74.54999923706055,2,-6.8,57.1,50.3,-6.799999237060547,57.099998474121094,1,,,,0.0,0.0,0,-8.05,25.45,17.4,,,,,,,2025,989.8249942362105,352.09838522020794,27787.49978542328,26445.57640596686,101812.5
2025-04-29,20250430,0.25/0.1,24347.7,1.24,24500,24200,24700,23950,0.264,-0.271,0.092,-0.102,52.29999923706055,33.75,33.75,-4.900003433227539,200,250,36.599998474121094,42.45000076293945,11.100000381469728,15.649999618530272,12.399999618530272,21.899999618530273,4.25,11.5,-9.05,26.9,17.85,-8.15,43.35,35.2,-17.199996948242188,70.24999809265137,2,-9.95,37.1,27.15,-16.049999237060547,55.599998474121094,2,-8.15,43.35,35.2,-8.14999771118164,43.349998474121094,1,,,,0.0,0.0,0,-6.1,18.5,12.4,,,,,,,2025,742.1501891718362,310.41710310448076,25312.5,24259.93270772368,148275.0005722046
2025-04-29,20250430,0.25/0.05,24347.7,1.24,24500,24200,24850,23650,0.264,-0.271,0.045,-0.048,64.99999952316284,41.50000047683716,41.50000047683716,-7.350002288818359,350,550,36.599998474121094,42.45000076293945,5.349999904632568,8.699999809265137,12.399999618530272,21.899999618530273,2.75,8.050000190734863,-9.05,26.9,17.85,-8.15,43.35,35.2,-17.199996948242188,70.24999809265137,2,-9.95,37.1,27.15,-16.049999237060547,55.599998474121094,2,-8.15,43.35,35.2,-8.14999771118164,43.349998474121094,1,,,,0.0,0.0,0,-6.1,18.5,12.4,,,,,,,2025,725.2563036472966,300.8533581360228,31125.00035762787,30098.890695844548,363750.00035762787
2025-04-30,20250508,0.35/0.15,24359.8,8.24,24600,24150,24950,23650,0.353,-0.346,0.143,-0.154,175.5000038146973,2.4000091552734375,8.500001907348633,-1.7499961853027344,350,500,123.0,150.5500030517578,37.0,61.04999923706055,123.5,143.89999389648438,32.04999923706055,62.25,6.7,106.7,113.4,9.9,150.0,159.9,16.599998474121094,256.6999969482422,2,-10.6,161.1,150.5,-2.350006103515625,276.3500061035156,2,6.35,153.55,159.9,5.899993896484375,277.5,2,-10.6,161.1,150.5,-10.600006103515623,161.10000610351562,1,8.25,115.25,123.5,-0.45,123.95,123.5,,,,2025,642.4844051649596,704.1383142686731,1800.0068664550781,453.3841470214453,243374.99713897705
2025-04-30,20250508,0.25/0.1,24359.8,8.24,24750,23950,25050,23350,0.251,-0.251,0.103,-0.097,117.19999313354492,4.549995422363281,7.899990081787109,0.0,300,600,76.3499984741211,103.9499969482422,24.700000762939453,38.400001525878906,72.25,101.4499969482422,20.799999237060547,40.25,-0.3,65.55,65.25,3.25,102.7,105.95,2.9499969482421875,168.25,2,-6.4,112.0,105.6,-2.75,180.5999984741211,2,0.35,105.6,105.95,0.3499984741210937,105.5999984741211,1,-6.4,112.0,105.6,-6.400001525878906,112.0,1,3.65,68.6,72.25,,,,,,,2025,360.401784277002,525.9133818778076,3412.496566772461,2526.1814006176514,362100.0051498413
2025-04-30,20250508,0.25/0.05,24359.8,8.24,24750,23950,25250,23300,0.251,-0.251,0.053,-0.09,133.2499942779541,5.999996185302734,9.949987411499023,-0.7500009536743164,500,650,76.3499984741211,103.9499969482422,11.399999618530272,35.650001525878906,72.25,101.4499969482422,9.100000381469728,37.349998474121094,-0.3,65.55,65.25,3.25,102.7,105.95,2.9499969482421875,168.25,2,-6.4,112.0,105.6,-2.75,180.5999984741211,2,0.35,105.6,105.95,0.3499984741210937,105.5999984741211,1,-6.4,112.0,105.6,-6.400001525878906,112.0,1,3.65,68.6,72.25,,,,,,,2025,334.69317213883335,504.93752950980763,4499.997138977051,3660.3664373284096,387562.5042915344
2025-05-02,20250508,0.35/0.15,24529.7,6.24,24750,24400,25000,23950,0.346,-0.363,0.163,-0.148,140.0500030517578,-0.5000038146972656,2.75,-57.15001106262207,250,450,108.6999969482422,115.3000030517578,37.849998474121094,46.099998474121094,39.04999923706055,178.60000610351562,14.25,62.849998474121094,-10.0,135.0,125.0,11.35,121.55,132.9,1.3499908447265625,256.5500030517578,2,43.55,158.6,202.15,39.8499870300293,205.25000762939453,2,11.35,121.55,132.9,1.3499908447265625,256.5500030517578,2,43.55,158.6,202.15,43.54998779296875,158.60000610351562,1,-3.7,46.65,42.95,-10.0,135.0,125.0,,,,2025,1082.3704775186657,611.4576779976635,-375.0028610229492,-2068.8310165392786,232462.49771118164
2025-05-02,20250508,0.25/0.1,24529.7,6.24,24850,24200,25150,23700,0.266,-0.241,0.09,-0.097,98.55000114440918,12.99999713897705,13.250005722045898,-34.90000629425049,300,500,73.4000015258789,74.25,18.0,31.100000381469727,25.850000381469727,108.3000030517578,7.800000190734863,40.79999923706055,-10.0,94.0,84.0,-8.95,78.05,69.1,-18.95000457763672,172.0500030517578,2,28.7,96.95,125.65,25.350004196166992,128.7999973297119,2,-8.95,78.05,69.1,-18.95000457763672,172.0500030517578,2,28.7,96.95,125.65,28.70000457763672,96.9499969482422,1,-3.35,31.85,28.5,-10.0,94.0,84.0,,,,2025,692.2000950178356,459.7766545546756,9749.997854232788,8598.021104660278,301087.4991416931
2025-05-02,20250508,0.25/0.05,24529.7,6.24,24850,24200,25300,23300,0.266,-0.241,0.046,-0.053,121.10000228881836,14.849998474121094,15.450000762939451,-47.100003719329834,450,900,73.4000015258789,74.25,8.25,18.299999237060547,25.850000381469727,108.3000030517578,4.5,23.399999618530273,-10.0,94.0,84.0,-8.95,78.05,69.1,-18.95000457763672,172.0500030517578,2,28.7,96.95,125.65,25.350004196166992,128.7999973297119,2,-8.95,78.05,69.1,-18.95000457763672,172.0500030517578,2,28.7,96.95,125.65,28.70000457763672,96.9499969482422,1,-3.35,31.85,28.5,-10.0,94.0,84.0,,,,2025,572.5210744427421,430.1064514962597,11137.49885559082,10134.871329651818,584174.9982833862
2025-05-05,20250508,0.35/0.15,24461.05,3.24,24600,24350,24800,24000,0.344,-0.363,0.161,-0.144,100.24999618530272,33.04999351501465,36.89999771118164,-0.0500049591064453,200,350,69.69999694824219,91.8499984741211,27.299999237060547,34.0,45.650001525878906,63.20000076293945,15.600000381469728,26.049999237060547,-10.0,90.5,80.5,3.95,67.55,71.5,-6.0500030517578125,158.0500030517578,2,-2.5,71.2,68.7,-16.79999542236328,155.54999542236328,2,,,,-10.0,90.5,1,,,,-14.29999542236328,84.3499984741211,1,-14.3,84.35,70.05,-10.0,90.5,80.5,-14.3,84.35,70.05,2025,1247.9144175636043,462.75514565741827,24787.495136260986,23076.825573039965,187312.50286102295
2025-05-05,20250508,0.25/0.1,24461.05,3.24,24700,24200,24900,23850,0.239,-0.241,0.108,-0.103,58.14999961853027,25.249999046325684,27.699997901916504,0.0,200,350,43.70000076293945,57.099998474121094,17.600000381469727,25.049999237060547,25.350000381469727,38.75,9.949999809265137,21.25,-10.0,56.0,46.0,-4.0,44.5,40.5,-14.0,100.5,2,-3.3,45.15,41.85,-12.650001525878906,96.6500015258789,2,,,,-10.0,56.0,1,,,,-9.349998474121094,51.5,1,-9.35,51.5,42.15,-10.0,56.0,46.0,-9.35,51.5,42.15,2025,769.5750582196007,365.4858371090264,18937.499284744263,17802.438389415634,218887.5002861023
2025-05-05,20250508,0.25/0.05,24461.05,3.24,24700,24200,25100,23450,0.239,-0.241,0.05,-0.048,80.29999876022339,35.1499981880188,38.54999685287475,-0.7000012397766113,400,750,43.70000076293945,57.099998474121094,7.650000095367432,12.850000381469728,25.350000381469727,38.75,5.0,13.949999809265137,-10.0,56.0,46.0,-4.0,44.5,40.5,-14.0,100.5,2,-3.3,45.15,41.85,-12.650001525878906,96.6500015258789,2,,,,-10.0,56.0,1,,,,-9.349998474121094,51.5,1,-9.35,51.5,42.15,-10.0,56.0,46.0,-9.35,51.5,42.15,2025,702.1396441999136,344.95276519898437,26362.4986410141,25315.4062316152,502275.00092983246
2025-05-06,20250508,0.35/0.15,24452.05,2.24,24550,24400,24700,24150,0.316,-0.386,0.138,-0.156,54.94999885559082,-13.900003910064695,0.0,-18.14999771118164,150,250,37.0,58.79999923706055,15.149999618530272,25.700000762939453,17.450000762939453,88.4000015258789,7.849999904632568,29.149999618530273,-3.15,20.6,17.45,-10.0,83.7,73.7,-13.149999618530272,104.29999732971191,2,-7.55,82.85,75.3,-11.149995803833008,103.8499984741211,2,-10.0,83.7,73.7,-10.0,83.69999694824219,1,-7.55,82.85,75.3,-7.549995422363281,82.8499984741211,1,-3.6,21.0,17.4,,,,,,,2025,423.67650867545655,379.8342268313258,-10425.002932548521,-11228.513668055304,146287.50085830688
2025-05-06,20250508,0.25/0.1,24452.05,2.24,24600,24300,24750,23950,0.236,-0.253,0.109,-0.1,32.14999961853027,-6.500000953674316,2.9500017166137695,-9.80000114440918,150,350,26.25,37.45000076293945,12.100000381469728,19.450000762939453,13.050000190734863,51.45000076293945,6.25,19.600000381469727,,,,-10.0,50.9,40.9,-10.0,50.900001525878906,1,-6.0,46.7,40.7,-7.899999618530273,62.15000057220459,2,-10.0,50.9,40.9,-10.0,50.900001525878906,1,-6.0,46.7,40.7,-6.0,46.70000076293945,1,-1.9,15.45,13.55,,,,,,,2025,278.6382630457081,316.6480397279544,-4875.000715255737,-5470.2870180294,238387.5002861023
2025-05-06,20250508,0.25/0.05,24452.05,2.24,24600,24300,24950,23550,0.236,-0.253,0.047,-0.05,46.200000286102295,-1.5000009536743164,8.200002670288086,-5.849999904632568,350,750,26.25,37.45000076293945,5.650000095367432,11.850000381469728,13.050000190734863,51.45000076293945,3.4000000953674316,13.399999618530272,,,,-10.0,50.9,40.9,-10.0,50.900001525878906,1,-6.0,46.7,40.7,-7.899999618530273,62.15000057220459,2,-10.0,50.9,40.9,-10.0,50.900001525878906,1,-6.0,46.7,40.7,-6.0,46.70000076293945,1,-1.9,15.45,13.55,,,,,,,2025,278.6382630457081,302.26039474125,-1125.0007152557373,-1705.8993730426955,527849.9997854233
2025-05-07,20250508,0.35/0.15,24383.15,1.24,24450,24300,24650,23950,0.388,-0.364,0.13,-0.145,75.69999694824219,31.69999599456787,32.949997901916504,0.0,200,350,57.54999923706055,64.8499984741211,15.0,31.700000762939453,27.700000762939453,45.5,7.800000190734863,21.399999618530273,0.8,29.3,30.1,-5.05,78.75,73.7,-4.250003814697266,108.04999923706056,2,-4.15,43.55,39.4,-10.249996185302734,85.5999984741211,2,-5.05,78.75,73.7,-5.0500030517578125,78.75,1,,,,-23.800003051757812,59.400001525878906,1,-6.1,42.05,35.95,,,,-23.8,59.4,35.6,2025,596.3778301157693,390.80862112394954,23774.996995925903,22787.810544686185,205725.00228881836
2025-05-07,20250508,0.25/0.1,24383.15,1.24,24550,24200,24700,23750,0.231,-0.263,0.098,-0.101,41.949997901916504,17.49999761581421,22.149998664855957,0.0,150,450,29.0,48.599998474121094,10.949999809265137,24.700000762939453,13.850000381469728,33.29999923706055,5.900000095367432,16.799999237060547,6.4,15.6,22.0,-9.1,54.4,45.3,-2.700002670288086,70.00000190734863,2,-2.85,27.95,25.1,-6.149999618530273,48.70000076293945,2,-9.1,54.4,45.3,-17.000001907348633,83.6500015258789,2,,,,-13.099998474121094,30.299999237060547,1,-3.3,20.75,17.45,-7.9,29.25,21.35,-13.1,30.3,17.2,2025,371.61346360374307,323.6240967776959,13124.998211860657,12429.760651479219,306037.5015735626
2025-05-07,20250508,0.25/0.05,24383.15,1.24,24550,24200,24850,23300,0.231,-0.263,0.046,-0.053,56.79999876022339,22.59999942779541,30.099998950958252,0.0,300,900,29.0,48.599998474121094,5.099999904632568,15.699999809265137,13.850000381469728,33.29999923706055,3.1500000953674316,9.800000190734863,6.4,15.6,22.0,-9.1,54.4,45.3,-2.700002670288086,70.00000190734863,2,-2.85,27.95,25.1,-6.149999618530273,48.70000076293945,2,-9.1,54.4,45.3,-17.000001907348633,83.6500015258789,2,,,,-13.099998474121094,30.299999237060547,1,-3.3,20.75,17.45,-7.9,29.25,21.35,-13.1,30.3,17.2,2025,378.7977089047703,308.2204652037115,16949.999570846558,16262.981396738076,632400.0009298325
2025-05-08,20250515,0.35/0.15,24386.25,7.24,24600,24200,24900,23750,0.348,-0.344,0.142,-0.147,153.75000190734863,-27.350004196166992,10.650007247924805,-33.849992752075195,300,450,104.8499984741211,130.5500030517578,31.899999618530273,49.75,85.55000305175781,267.0,25.5,145.9499969482422,-5.6,106.2,100.6,18.35,121.15,139.5,12.75,227.3499984741211,2,66.9,121.35,188.25,59.19999694824219,230.0,2,8.0,131.5,139.5,2.4000015258789062,237.6999969482422,2,52.15,136.1,188.25,44.449989318847656,244.75000762939453,2,-7.7,108.65,100.95,-5.6,106.2,100.6,-7.7,108.65,100.95,2025,206.19413639497037,768.9115110515337,-20512.503147125244,-21487.608794571748,222187.49856948853
2025-05-08,20250515,0.25/0.1,24386.25,7.24,24700,24050,25000,23550,0.267,-0.26,0.101,-0.102,109.45000267028809,-35.79998970031738,8.350008010864258,-42.54999351501465,300,500,71.9000015258789,93.5,21.399999618530273,34.54999923706055,58.54999923706055,217.1499938964844,16.450000762939453,114.0,-7.3,74.0,66.7,11.7,91.2,102.9,4.400001525878906,165.1999969482422,2,58.85,88.8,147.65,52.699989318847656,164.20000457763672,2,7.9,95.0,102.9,0.5999984741210938,169.0,2,51.8,95.85,147.65,45.649993896484375,171.25,2,-6.15,75.4,69.25,-7.3,74.0,66.7,-6.15,75.4,69.25,2025,169.335513529851,616.0163759820623,-26849.992275238037,-27635.34416474995,292912.49799728394
2025-05-08,20250515,0.25/0.05,24386.25,7.24,24700,24050,25200,23100,0.267,-0.26,0.051,-0.052,137.10000228881836,-63.74998950958252,10.400009155273438,-75.3499927520752,500,950,71.9000015258789,93.5,9.899999618530272,18.399999618530273,58.54999923706055,217.1499938964844,6.699999809265137,68.1500015258789,-7.3,74.0,66.7,11.7,91.2,102.9,4.400001525878906,165.1999969482422,2,58.85,88.8,147.65,52.699989318847656,164.20000457763672,2,7.9,95.0,102.9,0.5999984741210938,169.0,2,51.8,95.85,147.65,45.649993896484375,171.25,2,-6.15,75.4,69.25,-7.3,74.0,66.7,-6.15,75.4,69.25,2025,169.335513529851,547.4434038455167,-47812.49213218689,-48529.27104956225,609674.9982833862
2025-05-09,20250515,0.35/0.15,24081.5,6.24,24350,23800,24650,23000,0.336,-0.343,0.157,-0.151,175.35000610351562,14.70001220703125,16.900005340576172,-13.500001907348633,300,800,121.4000015258789,186.3000030517578,42.650001525878906,89.69999694824219,76.5999984741211,178.64999389648438,24.25,70.3499984741211,14.95,101.95,116.9,27.3,193.2,220.5,42.25000762939453,295.1499938964844,2,-13.4,185.4,172.0,-15.099998474121094,303.7999954223633,2,27.3,193.2,220.5,17.300003051757812,317.5499954223633,2,-3.1,188.9,185.8,-3.0999908447265625,188.8999938964844,1,-1.7,118.4,116.7,-10.0,124.35,114.35,,,,2025,732.0705385511619,748.3216126082307,11025.009155273438,9544.617004114047,468487.4954223633
2025-05-09,20250515,0.25/0.1,24081.5,6.24,24500,23500,24800,23000,0.237,-0.246,0.098,-0.151,96.65000915527344,15.250007629394531,17.100008010864258,-3.649995803833008,300,500,73.5,136.85000610351562,24.0,89.69999694824219,44.099998474121094,121.1500015258789,13.5,70.3499984741211,3.0,63.3,66.3,11.4,140.5,151.9,14.39999771118164,203.79999923706055,2,-9.85,123.2,113.35,-12.099998474121094,194.1999969482422,2,11.4,140.5,151.9,1.399993896484375,216.5500030517578,2,-15.75,137.85,122.1,-15.750007629394531,137.85000610351562,1,-2.25,71.0,68.75,-10.0,76.05,66.05,,,,2025,412.5468929138706,596.4551891707115,11437.505722045898,10428.503639961316,302512.4931335449
2025-05-09,20250515,0.25/0.05,24081.5,6.24,24500,23500,25000,23000,0.237,-0.246,0.052,-0.151,109.10000896453856,20.8500075340271,23.300007343292236,-3.999995231628418,500,500,73.5,136.85000610351562,11.550000190734863,89.69999694824219,44.099998474121094,121.1500015258789,6.650000095367432,70.3499984741211,3.0,63.3,66.3,11.4,140.5,151.9,14.39999771118164,203.79999923706055,2,-9.85,123.2,113.35,-12.099998474121094,194.1999969482422,2,11.4,140.5,151.9,1.399993896484375,216.5500030517578,2,-15.75,137.85,122.1,-15.750007629394531,137.85000610351562,1,-2.25,71.0,68.75,-10.0,76.05,66.05,,,,2025,346.0548866659945,584.951782186744,15637.505650520325,14706.498981667586,293174.99327659607
2025-05-12,20250515,0.35/0.15,24606.45,3.24,24750,24450,25000,24150,0.364,-0.333,0.151,-0.144,117.50000381469728,-63.999982833862305,5.450002670288086,-66.75000381469727,250,300,90.0999984741211,89.30000305175781,28.299999237060547,33.599998474121094,322.54998779296875,59.29999923706055,171.75,28.600000381469727,3.3,154.75,158.05,5.4,81.35,86.75,8.700004577636719,236.0999984741211,2,-11.55,91.6,80.05,-26.650001525878903,267.9000015258789,2,-6.6,89.5,82.9,-3.2999954223632812,244.25,2,-11.55,91.6,80.05,-26.650001525878903,267.9000015258789,2,-15.1,176.3,161.2,3.3,154.75,158.05,-15.1,176.3,161.2,2025,294.7074345938287,743.2674211271392,-47999.98712539673,-49037.961981117696,136874.99713897705
2025-05-12,20250515,0.25/0.1,24606.45,3.24,24850,24350,25100,24000,0.266,-0.252,0.098,-0.1,80.30000114440918,-72.79999732971191,3.8500022888183594,-76.85000419616699,250,350,58.20000076293945,62.400001525878906,16.850000381469727,23.450000762939453,256.0,45.95000076293945,127.6500015258789,21.200000762939453,0.85,111.15,112.0,2.0,60.7,62.7,2.849994659423828,171.85000228881836,2,-8.2,69.0,60.8,-20.599994659423828,198.1999969482422,2,-3.65,66.25,62.6,-2.8000030517578125,177.4000015258789,2,-8.2,69.0,60.8,-20.599994659423828,198.1999969482422,2,-12.4,129.2,116.8,0.85,111.15,112.0,-12.4,129.2,116.8,2025,330.7798970226548,591.4727388710241,-54599.997997283936,-55522.25063317762,202274.99914169312
2025-05-12,20250515,0.25/0.05,24606.45,3.24,24850,24350,25250,23600,0.266,-0.252,0.051,-0.05,99.0500020980835,-113.34999752044678,4.850003242492676,-120.45000743865968,400,750,58.20000076293945,62.400001525878906,7.949999809265137,13.600000381469728,256.0,45.95000076293945,76.9000015258789,12.649999618530272,0.85,111.15,112.0,2.0,60.7,62.7,2.849994659423828,171.85000228881836,2,-8.2,69.0,60.8,-20.599994659423828,198.1999969482422,2,-3.65,66.25,62.6,-2.8000030517578125,177.4000015258789,2,-8.2,69.0,60.8,-20.599994659423828,198.1999969482422,2,-12.4,129.2,116.8,0.85,111.15,112.0,-12.4,129.2,116.8,2025,301.03945839116415,521.9647070546803,-85012.49814033508,-85835.50230578093,488212.4984264374
2025-05-13,20250515,0.35/0.15,24753.5,2.24,24950,24600,25250,24250,0.345,-0.364,0.152,-0.154,148.35000228881836,13.9500093460083,13.9500093460083,-28.20000457763672,300,350,104.4000015258789,121.9000015258789,36.29999923706055,41.650001525878906,38.099998474121094,146.14999389648438,12.300000190734863,37.54999923706055,0.3,114.9,115.2,30.7,141.85,172.55,30.99999237060547,256.75000762939453,2,-15.9,180.8,164.9,-34.00000762939453,308.25,2,30.7,141.85,172.55,30.99999237060547,256.75000762939453,2,-15.9,180.8,164.9,-34.00000762939453,308.25,2,-18.1,127.45,109.35,0.3,114.9,115.2,-18.1,127.45,109.35,2025,2690.830424528011,571.5674832468677,10462.507009506226,7200.109101731347,151237.49828338623
2025-05-13,20250515,0.25/0.1,24753.5,2.24,25100,24450,25400,24100,0.236,-0.259,0.095,-0.103,93.49999618530272,16.19999933242798,16.19999933242798,-26.7500057220459,300,350,62.599998474121094,78.3499984741211,20.850000381469727,26.600000381469727,21.149999618530273,84.69999694824219,7.400000095367432,21.149999618530273,-2.75,71.0,68.25,28.8,91.7,120.5,26.050003051757812,162.6999969482422,2,-10.65,119.95,109.3,-22.25,197.75,2,28.8,91.7,120.5,26.050003051757812,162.6999969482422,2,-10.65,119.95,109.3,-22.25,197.75,2,-11.6,77.8,66.2,-2.75,71.0,68.25,-11.6,77.8,66.2,2025,1724.9087627040262,421.1613169420011,12149.999499320984,10003.929419674956,192375.00286102295
2025-05-13,20250515,0.25/0.05,24753.5,2.24,25100,24450,25600,23800,0.236,-0.259,0.048,-0.05,118.49999713897704,25.500000953674316,25.849995136260983,-37.25000476837158,500,650,62.599998474121094,78.3499984741211,9.800000190734863,12.649999618530272,21.149999618530273,84.69999694824219,4.300000190734863,8.550000190734863,-2.75,71.0,68.25,28.8,91.7,120.5,26.050003051757812,162.6999969482422,2,-10.65,119.95,109.3,-22.25,197.75,2,28.8,91.7,120.5,26.050003051757812,162.6999969482422,2,-10.65,119.95,109.3,-22.25,197.75,2,-11.6,77.8,66.2,-2.75,71.0,68.25,-11.6,77.8,66.2,2025,1453.5814915735286,395.9900694810071,19125.000715255737,17275.429154201203,398625.0021457672
2025-05-14,20250515,0.35/0.15,24739.7,1.24,24850,24650,25050,24400,0.352,-0.376,0.152,-0.139,98.70000457763672,-5.0499982833862305,13.650007247924805,-36.74998998641968,200,250,64.25,80.30000305175781,23.049999237060547,22.799999237060547,24.600000381469727,110.6500015258789,7.199999809265137,24.299999237060547,-6.85,64.1,57.25,5.35,72.8,78.15,-1.5,136.9000015258789,2,-21.75,98.95,77.2,-21.649999618530273,123.4499969482422,2,-4.35,82.5,78.15,-13.199996948242188,148.0999984741211,2,-21.75,98.95,77.2,-21.75,98.9499969482422,1,0.1,24.5,24.6,-8.85,65.6,56.75,,,,2025,1929.065959236219,437.53075468901204,-3787.498712539673,-6154.0954264649035,113474.99656677246
2025-05-14,20250515,0.25/0.1,24739.7,1.24,24950,24550,25150,24300,0.237,-0.261,0.094,-0.09,60.45000171661377,1.2000007629394531,11.80000066757202,-30.850001335144043,200,250,38.900001525878906,49.0,13.199999809265137,14.25,13.449999809265137,62.95000076293945,4.0,13.149999618530272,-7.45,38.1,30.65,-1.15,44.05,42.9,-8.599994659423828,82.14999771118164,2,-14.4,59.55,45.15,-14.29999828338623,72.89999961853027,2,0.95,49.65,50.6,-9.050003051757812,89.20000076293945,2,-14.4,59.55,45.15,-14.39999771118164,59.54999923706055,1,0.1,13.35,13.45,-10.0,39.55,29.55,,,,2025,1070.3670961708049,335.7956232980385,900.0005722045898,-506.1621472642535,142162.49871253967
2025-05-14,20250515,0.25/0.05,24739.7,1.24,24950,24550,25300,24150,0.237,-0.261,0.045,-0.05,74.25000143051147,5.650001049041748,15.700000762939451,-36.94999551773071,350,400,38.900001525878906,49.0,5.849999904632568,7.800000190734863,13.449999809265137,62.95000076293945,2.4000000953674316,5.400000095367432,-7.45,38.1,30.65,-1.15,44.05,42.9,-8.599994659423828,82.14999771118164,2,-14.4,59.55,45.15,-14.29999828338623,72.89999961853027,2,0.95,49.65,50.6,-9.050003051757812,89.20000076293945,2,-14.4,59.55,45.15,-14.39999771118164,59.54999923706055,1,0.1,13.35,13.45,-10.0,39.55,29.55,,,,2025,955.2224826420595,321.17283867927534,4237.500786781311,2961.105465459976,244312.4989271164
2025-05-15,20250522,0.35/0.15,24508.2,7.24,24750,24350,25150,23950,0.358,-0.355,0.14,-0.151,177.04999923706055,-92.74999809265135,0.0,-110.35001373291016,400,400,133.9499969482422,128.5,39.04999923706055,46.349998474121094,400.75,42.0,152.3000030517578,20.649999618530273,-10.0,155.0,145.0,-7.65,129.85,122.2,-17.650009155273438,284.8500061035156,2,,,,16.5,224.25,1,-7.65,129.85,122.2,-17.650009155273438,284.8500061035156,2,,,,16.5,224.25,1,16.5,224.25,240.75,-10.0,155.0,145.0,16.5,224.25,240.75,2025,905.1208114719071,831.0652593453894,-69562.49856948851,-71298.6846403058,167212.5005722046
2025-05-15,20250522,0.25/0.1,24508.2,7.24,24900,24200,25250,23750,0.262,-0.263,0.105,-0.096,118.5000057220459,-78.59999752044678,0.1000041961669921,-98.2999782562256,350,450,86.05000305175781,88.4000015258789,27.649999618530273,28.299999237060547,291.8500061035156,31.350000381469727,110.8000030517578,15.300000190734863,-1.45,102.4,100.95,-8.6,88.7,80.1,-10.050003051757812,191.0999984741211,2,,,,7.95001220703125,155.89999389648438,1,-8.6,88.7,80.1,-10.050003051757812,191.0999984741211,2,,,,7.95001220703125,155.89999389648438,1,7.95,155.9,163.85,-1.45,102.4,100.95,7.95,155.9,163.85,2025,872.319478272764,637.070127485166,-58949.99814033508,-60459.387746093016,248624.99570846558
2025-05-15,20250522,0.25/0.05,24508.2,7.24,24900,24200,25500,23550,0.262,-0.263,0.051,-0.062,144.40000438690186,-120.85000324249268,0.1499977111816406,-155.79998207092285,600,650,86.05000305175781,88.4000015258789,12.199999809265137,17.850000381469727,291.8500061035156,31.350000381469727,46.099998474121094,11.850000381469728,-1.45,102.4,100.95,-8.6,88.7,80.1,-10.050003051757812,191.0999984741211,2,,,,7.95001220703125,155.89999389648438,1,-8.6,88.7,80.1,-10.050003051757812,191.0999984741211,2,,,,7.95001220703125,155.89999389648438,1,7.95,155.9,163.85,-1.45,102.4,100.95,7.95,155.9,163.85,2025,785.1490868240805,555.7185099877333,-90637.5024318695,-91978.37002868133,379199.9967098236
2025-05-16,20250522,0.35/0.15,25022.1,6.24,25250,24850,25550,24500,0.331,-0.341,0.15,-0.155,129.20000457763672,9.10000991821289,12.349998474121094,-5.19999885559082,300,350,96.1500015258789,114.75,36.349998474121094,45.349998474121094,86.19999694824219,102.6999969482422,31.0,37.79999923706055,-3.2,97.1,93.9,-8.35,127.8,119.45,-11.550003051757812,224.9000015258789,2,-18.3,136.45,118.15,-26.5,226.3499984741211,2,-8.35,127.8,119.45,-11.550003051757812,224.9000015258789,2,-18.3,136.45,118.15,-18.29999542236328,136.4499969482422,1,-8.2,89.9,81.7,-3.2,97.1,93.9,,,,2025,1742.6840093466033,578.187120369894,6825.007438659668,4504.136308943171,165599.99656677246
2025-05-16,20250522,0.25/0.1,25022.1,6.24,25350,24700,25700,24300,0.258,-0.245,0.096,-0.1,95.8000030517578,11.600006103515623,13.65000343322754,-3.349994659423828,350,400,69.9000015258789,76.1500015258789,21.799999237060547,28.450000762939453,61.29999923706055,65.0999984741211,18.700000762939453,23.5,-5.05,70.5,65.45,-10.0,86.35,76.35,-15.050003051757812,156.8499984741211,2,-12.95,90.95,78.0,-19.49999237060547,156.14999389648438,2,-10.0,86.35,76.35,-15.050003051757812,156.8499984741211,2,-12.95,90.95,78.0,-12.949996948242188,90.9499969482422,1,-6.55,65.2,58.65,-5.05,70.5,65.45,,,,2025,1151.0982012067009,449.0244032406731,8700.004577636717,7099.881973189344,228149.99771118164
2025-05-16,20250522,0.25/0.05,25022.1,6.24,25350,24700,25900,23950,0.258,-0.245,0.052,-0.05,120.50000381469728,16.05000591278076,18.25000286102295,-4.499995231628418,550,750,69.9000015258789,76.1500015258789,11.149999618530272,14.399999618530272,61.29999923706055,65.0999984741211,9.899999618530272,12.050000190734863,-5.05,70.5,65.45,-10.0,86.35,76.35,-15.050003051757812,156.8499984741211,2,-12.95,90.95,78.0,-19.49999237060547,156.14999389648438,2,-10.0,86.35,76.35,-15.050003051757812,156.8499984741211,2,-12.95,90.95,78.0,-12.949996948242188,90.9499969482422,1,-6.55,65.2,58.65,-5.05,70.5,65.45,,,,2025,988.407500399252,419.1072707419591,12037.504434585571,10629.989663444361,472124.99713897705
2025-05-19,20250522,0.35/0.15,25005.65,3.24,25200,24850,25450,24550,0.333,-0.347,0.158,-0.159,117.25,4.650003433227539,10.249996185302734,-2.849994659423828,250,300,88.4000015258789,104.0999984741211,34.599998474121094,40.650001525878906,60.04999923706055,118.3499984741211,23.100000381469727,42.70000076293945,4.15,96.35,100.5,-5.9,94.5,88.6,-1.75,190.8499984741211,2,-16.75,110.15,93.4,-16.75,110.1500015258789,1,-8.1,110.5,102.4,-3.949996948242187,206.8499984741211,2,-16.75,110.15,93.4,-16.75,110.1500015258789,1,,,,4.15,96.35,100.5,,,,2025,1075.2998396393525,549.6630151709471,3487.5025749206543,1862.539720110355,137062.5
2025-05-19,20250522,0.25/0.1,25005.65,3.24,25300,24700,25600,24400,0.252,-0.238,0.096,-0.106,80.25,8.35000228881836,11.350000381469728,-4.649995803833008,300,300,61.400001525878906,64.44999694824219,19.549999237060547,26.049999237060547,40.79999923706055,70.5999984741211,13.25,26.25,1.7,66.15,67.85,2.25,58.15,60.4,3.949996948242187,124.3000030517578,2,-11.75,67.85,56.1,-11.75,67.8499984741211,1,-8.2,68.6,60.4,-6.5,134.75,2,-11.75,67.85,56.1,-11.75,67.8499984741211,1,,,,1.7,66.15,67.85,,,,2025,744.4886000947424,417.9901720107403,6262.5017166137695,5100.022944508287,164812.5
2025-05-19,20250522,0.25/0.05,25005.65,3.24,25300,24700,25800,24100,0.252,-0.238,0.049,-0.05,104.3499984741211,11.100000858306885,15.649998664855955,-5.949997901916504,500,600,61.400001525878906,64.44999694824219,9.399999618530272,12.100000381469728,40.79999923706055,70.5999984741211,6.849999904632568,11.300000190734863,1.7,66.15,67.85,2.25,58.15,60.4,3.949996948242187,124.3000030517578,2,-11.75,67.85,56.1,-11.75,67.8499984741211,1,-8.2,68.6,60.4,-6.5,134.75,2,-11.75,67.85,56.1,-11.75,67.8499984741211,1,,,,1.7,66.15,67.85,,,,2025,672.9552553582686,387.1038786528185,8325.000643730164,7264.941509719076,371737.5011444092
2025-05-20,20250522,0.35/0.15,24899.1,2.24,25050,24800,25300,24500,0.342,-0.372,0.15,-0.141,108.20000076293944,-31.45000457763672,12.000003814697266,-36.60000038146973,250,300,76.5,88.25,28.75,27.799999237060547,33.0,166.60000610351562,14.75,45.20000076293945,-8.2,82.15,73.95,11.0,76.75,87.75,2.7999954223632812,158.9000015258789,2,-10.4,88.3,77.9,-11.650001525878906,185.95000457763672,2,-4.5,92.25,87.75,-12.70000457763672,174.4000015258789,2,-10.4,88.3,77.9,-11.650001525878906,185.95000457763672,2,-1.25,97.65,96.4,-8.2,82.15,73.95,-1.25,97.65,96.4,2025,1055.6570232549402,514.7126442919616,-23587.50343322754,-25157.873100774443,143849.9994277954
2025-05-20,20250522,0.25/0.1,24899.1,2.24,25150,24700,25400,24400,0.248,-0.27,0.108,-0.1,69.44999885559082,-25.650004386901855,8.949997901916504,-28.899996757507324,250,300,51.099998474121094,57.75,20.049999237060547,19.350000381469727,23.649999618530273,111.5500030517578,11.050000190734863,29.049999237060547,-8.8,56.0,47.2,7.0,51.35,58.35,-1.7999992370605469,107.3499984741211,2,-9.1,59.8,50.7,-8.849998474121094,125.85000228881836,2,-5.5,63.85,58.35,-14.299999237060549,119.8499984741211,2,-9.1,59.8,50.7,-8.849998474121094,125.85000228881836,2,0.25,66.05,66.3,-8.8,56.0,47.2,0.25,66.05,66.3,2025,615.8122845100205,406.46456406307937,-19237.50329017639,-20259.78013874949,172912.50085830688
2025-05-20,20250522,0.25/0.05,24899.1,2.24,25150,24700,25650,24150,0.248,-0.27,0.048,-0.047,90.99999809265135,-27.000004768371586,12.649997234344482,-31.249998092651367,500,550,51.099998474121094,57.75,8.75,9.100000381469728,23.649999618530273,111.5500030517578,6.199999809265137,11.0,-8.8,56.0,47.2,7.0,51.35,58.35,-1.7999992370605469,107.3499984741211,2,-9.1,59.8,50.7,-8.849998474121094,125.85000228881836,2,-5.5,63.85,58.35,-14.299999237060549,119.8499984741211,2,-9.1,59.8,50.7,-8.849998474121094,125.85000228881836,2,0.25,66.05,66.3,-8.8,56.0,47.2,0.25,66.05,66.3,2025,543.9945517962096,374.7884712522092,-20250.00357627869,-21168.786599327108,344250.0014305115
2025-05-21,20250522,0.35/0.15,24818.2,1.24,24950,24700,25200,24500,0.355,-0.345,0.146,-0.161,98.35000610351562,6.150007247924805,19.20000457763672,-15.749996185302734,250,200,79.05000305175781,73.80000305175781,26.350000381469727,28.149999618530273,66.69999694824219,67.80000305175781,19.700000762939453,22.600000381469727,23.4,95.35,118.75,-0.7,46.9,46.2,22.700000762939453,142.25,2,-6.55,57.6,51.05,-30.450000762939453,194.3499984741211,2,29.15,74.6,103.75,52.55000305175781,169.9499969482422,2,21.25,77.5,98.75,-2.6500015258789062,214.25,2,-23.9,136.75,112.85,23.4,95.35,118.75,-23.9,136.75,112.85,2025,605.9676668545396,460.54729854639913,4612.5054359436035,3545.9904705426643,113737.49542236328
2025-05-21,20250522,0.25/0.1,24818.2,1.24,25050,24600,25300,24400,0.256,-0.241,0.098,-0.105,64.64999961853027,5.849997520446777,14.950000762939451,-15.150004386901855,250,200,52.20000076293945,46.29999923706055,16.600000381469727,17.25,42.20000076293945,40.150001525878906,11.5,12.050000190734863,21.9,64.4,86.3,-5.55,31.2,25.65,16.35000228881836,95.60000228881836,2,-4.2,35.2,31.0,-21.85000228881836,127.25000381469728,2,35.6,46.35,81.95,57.5,110.75,2,14.9,48.8,63.7,-2.75,140.85000228881836,2,-17.65,92.05,74.4,21.9,64.4,86.3,-17.65,92.05,74.4,2025,379.54075309832274,358.0783014802861,4387.498140335083,3649.879085756474,139012.5002861023
2025-05-21,20250522,0.25/0.05,24818.2,1.24,25050,24600,25450,24200,0.256,-0.241,0.051,-0.045,83.5,10.549997329711914,18.80000066757202,-20.30000400543213,400,400,52.20000076293945,46.29999923706055,8.050000190734863,6.949999809265137,42.20000076293945,40.150001525878906,4.949999809265137,4.449999809265137,21.9,64.4,86.3,-5.55,31.2,25.65,16.35000228881836,95.60000228881836,2,-4.2,35.2,31.0,-21.85000228881836,127.25000381469728,2,35.6,46.35,81.95,57.5,110.75,2,14.9,48.8,63.7,-2.75,140.85000228881836,2,-17.65,92.05,74.4,21.9,64.4,86.3,-17.65,92.05,74.4,2025,379.54075309832274,336.6359342418317,7912.497997283936,7196.321309943781,237375.0
2025-05-22,20250529,0.35/0.15,24570.4,7.24,24850,24400,25200,24000,0.336,-0.355,0.156,-0.157,163.9000015258789,14.599998474121094,15.35000228881836,-1.0500030517578125,350,400,124.6999969482422,136.5500030517578,46.54999923706055,50.79999923706055,115.3000030517578,109.8499984741211,38.25,37.599998474121094,-3.25,115.3,112.05,-5.35,121.4,116.05,-8.599998474121094,236.70000457763672,2,-12.7,126.7,114.0,-20.99999237060547,229.29999542236328,2,-0.1,137.35,137.25,-0.100006103515625,137.35000610351562,1,-15.0,141.45,126.45,-15.0,141.4499969482422,1,-8.3,102.6,94.3,,,,,,,2025,522.9036437091115,656.8699481744424,10949.99885559082,9770.225263707267,177074.99885559082
2025-05-22,20250529,0.25/0.1,24570.4,7.24,25000,24200,25400,23800,0.247,-0.24,0.095,-0.099,109.1999969482422,14.14999008178711,15.749996185302734,-0.4000072479248047,400,400,82.0,83.69999694824219,26.049999237060547,30.450000762939453,72.80000305175781,64.30000305175781,19.549999237060547,22.5,-7.35,74.7,67.35,-6.75,71.35,64.6,-14.099998474121094,146.04999542236328,2,-8.1,74.15,66.05,-13.650001525878906,138.45000457763672,2,-8.0,86.0,78.0,-8.0,86.0,1,-9.15,83.9,74.75,-9.150001525878906,83.9000015258789,1,-5.55,64.3,58.75,,,,,,,2025,358.5551609353811,475.52438742302894,10612.492561340332,9778.413012981922,218100.00228881836
2025-05-22,20250529,0.25/0.05,24570.4,7.24,25000,24200,25650,23500,0.247,-0.24,0.052,-0.054,135.74999713897705,19.399991035461422,21.849995613098145,-0.6000080108642578,650,700,82.0,83.69999694824219,13.449999809265137,16.5,72.80000305175781,64.30000305175781,9.0,11.75,-7.35,74.7,67.35,-6.75,71.35,64.6,-14.099998474121094,146.04999542236328,2,-8.1,74.15,66.05,-13.650001525878906,138.45000457763672,2,-8.0,86.0,78.0,-8.0,86.0,1,-9.15,83.9,74.75,-9.150001525878906,83.9000015258789,1,-5.55,64.3,58.75,,,,,,,2025,296.31917450944115,443.86368799637273,14549.993276596068,13809.810414090254,423187.5021457672
2025-05-23,20250529,0.35/0.15,24766.35,6.24,25000,24600,25300,24250,0.34,-0.345,0.154,-0.15,143.4499969482422,-11.299999237060549,0.0,-28.00000762939453,300,350,108.1500015258789,116.1999969482422,38.70000076293945,42.20000076293945,145.1999969482422,103.1999969482422,54.099998474121094,39.54999923706055,6.25,131.25,137.5,0.65,118.0,118.65,6.899993896484375,249.25,2,-9.1,107.4,98.3,-4.849998474121094,279.5999984741211,2,0.65,118.0,118.65,6.899993896484375,249.25,2,,,,4.25,172.1999969482422,1,4.25,172.2,176.45,6.25,131.25,137.5,4.25,172.2,176.45,2025,1572.2041135403138,638.8194405396633,-8474.999427795412,-10686.022981875389,154912.50228881836
2025-05-23,20250529,0.25/0.1,24766.35,6.24,25150,24450,25450,24100,0.235,-0.247,0.097,-0.103,91.25,-11.000005722045898,0.0,-30.000001907348633,300,350,65.8499984741211,75.80000305175781,22.450000762939453,27.950000762939453,91.5500030517578,68.55000305175781,31.149999618530273,26.700000762939453,1.1,82.5,83.6,-4.25,79.7,75.45,-3.1500015258789062,162.1999969482422,2,-7.2,72.85,65.65,-3.4999923706054688,184.1999969482422,2,-4.25,79.7,75.45,-3.1500015258789062,162.1999969482422,2,,,,3.7000045776367183,111.3499984741211,1,3.7,111.35,115.05,1.1,82.5,83.6,3.7,111.35,115.05,2025,1125.9395203783092,472.4447096093512,-8250.004291534424,-9848.388521522085,194062.5
2025-05-23,20250529,0.25/0.05,24766.35,6.24,25150,24450,25650,23800,0.235,-0.247,0.051,-0.051,117.4000015258789,-16.050004959106445,0.0,-43.20000171661377,500,650,65.8499984741211,75.80000305175781,10.850000381469728,13.399999618530272,91.5500030517578,68.55000305175781,13.899999618530272,12.75,1.1,82.5,83.6,-4.25,79.7,75.45,-3.1500015258789062,162.1999969482422,2,-7.2,72.85,65.65,-3.4999923706054688,184.1999969482422,2,-4.25,79.7,75.45,-3.1500015258789062,162.1999969482422,2,,,,3.7000045776367183,111.3499984741211,1,3.7,111.35,115.05,1.1,82.5,83.6,3.7,111.35,115.05,2025,930.8000613326404,430.37241585609155,-12037.503719329834,-13398.676196518565,399449.9988555908
2025-05-26,20250529,0.35/0.15,25066.55,3.24,25300,24900,25600,24550,0.339,-0.352,0.149,-0.158,149.7499961853027,-2.3000011444091797,2.4000015258789062,-20.200000762939453,300,350,114.1999969482422,118.1999969482422,37.54999923706055,45.099998474121094,92.0500030517578,137.39999389648438,27.149999618530273,50.25,-5.75,93.35,87.6,-5.65,127.45,121.8,-11.399993896484377,220.79999542236328,2,-18.0,181.8,163.8,-21.54999542236328,277.4000015258789,2,-5.65,127.45,121.8,-5.649993896484375,127.4499969482422,1,-18.0,181.8,163.8,-18.0,181.8000030517578,1,-3.55,95.6,92.05,,,,,,,2025,924.617739534778,624.2731697371969,-1725.0008583068848,-3273.89176757886,150187.50286102298
2025-05-26,20250529,0.25/0.1,25066.55,3.24,25450,24750,25700,24350,0.236,-0.254,0.107,-0.095,96.35000228881836,-2.249998092651367,1.2500019073486328,-26.34999084472656,250,400,68.5,78.30000305175781,24.850000381469727,25.600000381469727,52.0,91.0,17.049999237060547,27.350000381469727,1.15,54.9,56.05,4.85,87.1,91.95,6.0,142.0,2,-14.25,127.05,112.8,-16.849998474121094,181.6500015258789,2,4.85,87.1,91.95,4.849998474121094,87.0999984741211,1,-14.25,127.05,112.8,-14.25,127.0500030517578,1,-2.6,54.6,52.0,,,,,,,2025,433.87097449648604,457.8425816774664,-1687.4985694885254,-2579.2121256624782,227737.49828338623
2025-05-26,20250529,0.25/0.05,25066.55,3.24,25450,24750,25900,24100,0.236,-0.254,0.051,-0.051,123.3000030517578,-0.1999974250793457,1.6499996185302734,-34.449989318847656,450,650,68.5,78.30000305175781,10.350000381469728,13.149999618530272,52.0,91.0,6.349999904632568,13.149999618530272,1.15,54.9,56.05,4.85,87.1,91.95,6.0,142.0,2,-14.25,127.05,112.8,-16.849998474121094,181.6500015258789,2,4.85,87.1,91.95,4.849998474121094,87.0999984741211,1,-14.25,127.05,112.8,-14.25,127.0500030517578,1,-2.6,54.6,52.0,,,,,,,2025,435.8059152432611,422.2115791431286,-149.99806880950928,-1008.015563195899,395024.99771118164
2025-05-27,20250529,0.35/0.15,24804.35,2.24,25050,24600,25350,24250,0.336,-0.339,0.161,-0.144,154.79999923706055,21.350000381469727,21.999996185302734,-22.149999618530273,300,350,118.8000030517578,120.8499984741211,44.400001525878906,40.45000076293945,108.0999984741211,80.25,35.0,19.899999618530273,-4.35,109.6,105.25,-10.0,142.85,132.85,-14.349998474121094,252.45000457763672,2,-10.45,99.5,89.05,-24.25,237.5,2,-10.0,142.85,132.85,-20.0,280.8500061035156,2,-13.15,124.75,111.6,-26.95000457763672,262.75,2,-13.8,138.0,124.2,-10.0,138.0,128.0,-13.8,138.0,124.2,2025,1037.4693816161507,594.8855541019088,16012.500286102295,14380.145350384235,146400.0005722046
2025-05-27,20250529,0.25/0.1,24804.35,2.24,25200,24450,25500,24150,0.241,-0.242,0.099,-0.108,99.4000015258789,21.750001907348633,21.750001907348633,-31.20000457763672,300,300,75.4000015258789,77.0,24.299999237060547,28.700000762939453,63.70000076293945,45.29999923706055,18.25,13.100000381469728,-6.35,68.25,61.9,7.7,50.45,58.15,1.3500022888183594,118.70000076293944,2,-7.45,62.3,54.85,-23.10000228881836,149.89999771118164,2,,,,-10.0,87.5999984741211,1,,,,-15.650001525878906,87.5999984741211,1,-15.65,87.6,71.95,-10.0,87.6,77.6,-15.65,87.6,71.95,2025,831.0706784969318,439.2812936569471,16312.501430511475,15042.149458357595,150449.99885559082
2025-05-27,20250529,0.25/0.05,24804.35,2.24,25200,24450,25700,23900,0.241,-0.242,0.047,-0.05,130.60000133514404,34.000001430511475,34.000001430511475,-46.85000133514404,500,550,75.4000015258789,77.0,9.850000381469728,11.949999809265137,63.70000076293945,45.29999923706055,7.050000190734863,5.349999904632568,-6.35,68.25,61.9,7.7,50.45,58.15,1.3500022888183594,118.70000076293944,2,-7.45,62.3,54.85,-23.10000228881836,149.89999771118164,2,,,,-10.0,87.5999984741211,1,,,,-15.650001525878906,87.5999984741211,1,-15.65,87.6,71.95,-10.0,87.6,77.6,-15.65,87.6,71.95,2025,808.8080943535389,408.55321959159016,25500.001072883606,24282.639758938476,314549.99899864197
2025-05-28,20250529,0.35/0.15,24798.6,1.24,25000,24650,25300,24400,0.337,-0.342,0.145,-0.141,127.75,44.34999942779541,53.34999942779541,-1.6000041961669922,300,250,100.5999984741211,88.75,34.099998474121094,27.5,45.20000076293945,63.0,10.449999809265137,14.350000381469728,8.55,78.75,87.3,-9.05,105.25,96.2,-0.5,184.0,2,5.9,57.1,63.0,-9.75,135.0999984741211,2,-9.05,105.25,96.2,-9.050003051757812,105.25,1,,,,0.0,0.0,0,-15.65,78.0,62.35,,,,,,,2025,1400.0324561324603,474.3022240448966,33262.49957084656,31388.164890669203,129187.5
2025-05-28,20250529,0.25/0.1,24798.6,1.24,25100,24550,25400,24300,0.262,-0.25,0.103,-0.091,90.3499984741211,41.29999828338623,48.549999713897705,-1.7500038146972656,300,250,71.8499984741211,57.29999923706055,22.399999618530273,16.399999618530273,28.299999237060547,35.70000076293945,6.050000190734863,8.899999618530273,5.9,55.2,61.1,-10.0,68.25,58.25,-4.100002288818359,123.45000076293944,2,3.8,31.9,35.7,-9.69999885559082,87.24999809265137,2,-10.0,68.25,58.25,-10.0,68.25,1,,,,0.0,0.0,0,-13.5,55.35,41.85,,,,,,,2025,1192.8536589828716,377.0418630507283,30974.998712539673,29405.103190506074,157237.50114440918
2025-05-28,20250529,0.25/0.05,24798.6,1.24,25100,24550,25600,24150,0.262,-0.25,0.044,-0.046,113.39999771118164,56.699997663497925,65.99999761581421,-1.5000033378601074,500,400,71.8499984741211,57.29999923706055,8.300000190734863,7.449999809265137,28.299999237060547,35.70000076293945,2.799999952316284,4.5,5.9,55.2,61.1,-10.0,68.25,58.25,-4.100002288818359,123.45000076293944,2,3.8,31.9,35.7,-9.69999885559082,87.24999809265137,2,-10.0,68.25,58.25,-10.0,68.25,1,,,,0.0,0.0,0,-13.5,55.35,41.85,,,,,,,2025,1039.5747943697831,361.10524561086476,42524.99824762344,41124.31820764279,289950.00171661377
2025-05-29,20250605,0.35/0.15,24802.7,7.24,25050,24650,25450,24250,0.359,-0.365,0.157,-0.146,187.95001220703125,18.500015258789062,18.500015258789062,-9.399986267089844,400,400,138.85000610351562,140.85000610351562,48.599998474121094,43.150001525878906,120.5999984741211,118.0,37.20000076293945,31.950000762939453,4.45,142.3,146.75,17.3,143.7,161.0,21.75,286.0,2,-6.95,160.5,153.55,-18.900001525878903,278.5500030517578,2,17.3,143.7,161.0,21.75,286.0,2,-6.95,160.5,153.55,-6.9499969482421875,160.5,1,-11.95,118.05,106.1,4.45,142.3,146.75,,,,2025,453.4697635884778,672.0394687145384,13875.011444091797,12749.50221178878,159037.49084472656
2025-05-29,20250605,0.25/0.1,24802.7,7.24,25250,24450,25650,24100,0.245,-0.239,0.096,-0.098,108.40000534057616,16.850008010864258,16.850008010864258,-6.949993133544922,400,350,84.30000305175781,78.6500015258789,27.299999237060547,27.25,68.69999694824219,62.20000076293945,19.700000762939453,19.649999618530273,-1.25,86.15,84.9,7.75,82.4,90.15,6.5,168.5500030517578,2,-6.45,93.45,87.0,-12.499996185302734,162.54999542236328,2,7.75,82.4,90.15,6.5,168.5500030517578,2,-6.45,93.45,87.0,-6.4499969482421875,93.4499969482422,1,-6.05,69.1,63.05,-1.25,86.15,84.9,,,,2025,260.70118593497375,466.965091877101,12637.506008148193,11909.83973033612,218699.99599456787
2025-05-29,20250605,0.25/0.05,24802.7,7.24,25250,24450,25850,23800,0.245,-0.239,0.057,-0.048,135.25000476837158,23.400007247924805,23.400007247924805,-11.849995613098145,600,650,84.30000305175781,78.6500015258789,15.0,12.699999809265137,68.69999694824219,62.20000076293945,10.5,8.550000190734863,-1.25,86.15,84.9,7.75,82.4,90.15,6.5,168.5500030517578,2,-6.45,93.45,87.0,-12.499996185302734,162.54999542236328,2,7.75,82.4,90.15,6.5,168.5500030517578,2,-6.45,93.45,87.0,-6.4499969482421875,93.4499969482422,1,-6.05,69.1,63.05,-1.25,86.15,84.9,,,,2025,257.17615254493006,436.2683695422115,17550.005435943604,16856.56091385646,386062.4964237213
2025-05-30,20250605,0.35/0.15,24831.8,6.24,25050,24650,25400,24350,0.365,-0.333,0.159,-0.156,155.79999923706055,0.3500022888183594,2.499998092651367,-12.750003814697266,350,300,131.6999969482422,110.4000015258789,43.95000076293945,42.349998474121094,102.5999984741211,135.0,30.75,51.400001525878906,-4.6,114.3,109.7,1.3,128.2,129.5,-3.3000030517578125,242.5,2,-7.3,155.25,147.95,-9.5,262.9499969482422,2,1.3,128.2,129.5,1.3000030517578125,128.1999969482422,1,-7.3,155.25,147.95,-7.3000030517578125,155.25,1,-2.2,107.7,105.5,,,,,,,2025,615.1976247654077,643.653472051779,262.50171661376953,-996.3493802034171,145650.0005722046
2025-05-30,20250605,0.25/0.1,24831.8,6.24,25250,24550,25550,24200,0.236,-0.264,0.102,-0.103,101.64999389648438,-2.3000030517578125,0.9499988555908204,-20.600008010864254,300,350,72.69999694824219,80.94999694824219,25.700000762939453,26.299999237060547,53.099998474121094,99.3499984741211,17.850000381469727,30.649999618530273,-8.8,64.6,55.8,0.75,95.1,95.85,-8.049995422363281,159.6999969482422,2,-5.55,117.6,112.05,-6.799995422363281,174.0999984741211,2,0.75,95.1,95.85,0.75,95.0999984741211,1,-5.55,117.6,112.05,-5.549995422363281,117.5999984741211,1,-1.25,56.5,55.25,,,,,,,2025,370.4562766307102,473.22396576680757,-1725.0022888183594,-2568.682531215877,186262.50457763672
2025-05-30,20250605,0.25/0.05,24831.8,6.24,25250,24550,25750,23950,0.236,-0.264,0.054,-0.051,129.0999937057495,-2.2000036239624023,1.199997901916504,-29.450007438659668,500,600,72.69999694824219,80.94999694824219,12.300000190734863,12.25,53.099998474121094,99.3499984741211,8.25,12.899999618530272,-8.8,64.6,55.8,0.75,95.1,95.85,-8.049995422363281,159.6999969482422,2,-5.55,117.6,112.05,-6.799995422363281,174.0999984741211,2,0.75,95.1,95.85,0.75,95.0999984741211,1,-5.55,117.6,112.05,-5.549995422363281,117.5999984741211,1,-1.25,56.5,55.25,,,,,,,2025,346.02143600544264,434.8140030248533,-1650.0027179718018,-2430.838157002098,353175.00472068787
2025-06-02,20250605,0.35/0.15,24567.35,3.24,24750,24400,25100,24100,0.363,-0.347,0.154,-0.148,150.0000038146973,-41.79998397827149,1.900005340576172,-51.70000076293945,350,300,114.3000030517578,111.5,39.5,36.29999923706055,232.1499938964844,78.94999694824219,91.3000030517578,28.0,2.55,127.7,130.25,5.45,109.15,114.6,8.0,236.8499984741211,2,-10.45,97.7,87.25,28.40000915527344,270.34999084472656,2,0.7,113.9,114.6,3.25,241.5999984741211,2,,,,38.850006103515625,172.64999389648438,1,38.85,172.65,211.5,2.55,127.7,130.25,38.85,172.65,211.5,2025,822.6465276038826,687.1485191516057,-31349.987983703617,-32859.783030459104,149999.99713897702
2025-06-02,20250605,0.25/0.1,24567.35,3.24,24900,24250,25250,24000,0.257,-0.235,0.098,-0.105,91.09999656677246,-45.19999694824219,1.349996566772461,-54.10000038146973,350,250,73.19999694824219,65.0,23.149999618530273,23.950000762939453,162.64999389648438,47.75,54.70000076293945,19.399999618530273,1.1,82.85,83.95,2.4,64.4,66.8,3.5,147.25,2,-6.9,59.35,52.45,22.400005340576172,176.04999542236328,2,-2.2,69.0,66.8,-1.0999984741210938,151.8499984741211,2,,,,29.300003051757812,116.6999969482422,1,29.3,116.7,146.0,1.1,82.85,83.95,29.3,116.7,146.0,2025,510.2375674162591,501.95866512222096,-33899.99771118164,-34912.19394372012,194175.00257492065
2025-06-02,20250605,0.25/0.05,24567.35,3.24,24900,24250,25450,23800,0.257,-0.235,0.052,-0.052,115.89999675750732,-60.24999809265137,2.549997329711914,-74.29999923706055,550,450,73.19999694824219,65.0,11.449999809265137,10.850000381469728,162.64999389648438,47.75,25.049999237060547,9.199999809265137,1.1,82.85,83.95,2.4,64.4,66.8,3.5,147.25,2,-6.9,59.35,52.45,22.400005340576172,176.04999542236328,2,-2.2,69.0,66.8,-1.0999984741210938,151.8499984741211,2,,,,29.300003051757812,116.6999969482422,1,29.3,116.7,146.0,1.1,82.85,83.95,29.3,116.7,146.0,2025,465.725165119935,451.12737006042283,-45187.498569488525,-46104.35110466888,325575.0024318695
2025-06-03,20250605,0.35/0.15,24644.55,2.24,24900,24450,25250,24150,0.336,-0.343,0.145,-0.156,161.6500015258789,70.15000534057617,80.75,-5.999994277954102,350,300,124.0500030517578,120.0999984741211,40.45000076293945,42.04999923706055,51.599998474121094,68.94999694824219,12.0,17.049999237060547,24.35,130.5,154.85,-9.35,129.55,120.2,15.0,260.0500030517578,2,-9.15,127.9,118.75,-15.300003051757812,180.85000228881836,2,-9.35,129.55,120.2,15.0,260.0500030517578,2,-9.15,127.9,118.75,-9.150001525878906,127.9000015258789,1,-6.15,52.95,46.8,24.35,130.5,154.85,,,,2025,618.171951901494,548.4423936413365,52612.50400543213,51445.8896598893,141262.49885559082
2025-06-03,20250605,0.25/0.1,24644.55,2.24,25050,24300,25350,24000,0.245,-0.24,0.105,-0.095,103.75000190734865,57.850000858306885,65.3000020980835,-4.849998474121094,300,300,80.25,73.4000015258789,27.149999618530273,22.75,28.299999237060547,34.400001525878906,7.849999904632568,8.949999809265137,11.5,84.75,96.25,-8.85,78.95,70.1,2.6500015258789062,163.6999969482422,2,-6.95,77.7,70.75,-10.449996948242188,106.6999969482422,2,-8.85,78.95,70.1,2.6500015258789062,163.6999969482422,2,-6.95,77.7,70.75,-6.9499969482421875,77.69999694824219,1,-3.5,29.0,25.5,11.5,84.75,96.25,,,,2025,458.9481003170646,408.42388422463586,43387.50064373016,42520.128659188464,147187.49856948853
2025-06-03,20250605,0.25/0.05,24644.55,2.24,25050,24300,25550,23800,0.245,-0.24,0.052,-0.046,131.95000171661377,77.00000095367432,85.95000195503235,-5.199997901916504,500,500,80.25,73.4000015258789,11.800000190734863,9.899999618530272,28.299999237060547,34.400001525878906,3.849999904632568,3.900000095367432,11.5,84.75,96.25,-8.85,78.95,70.1,2.6500015258789062,163.6999969482422,2,-6.95,77.7,70.75,-10.449996948242188,106.6999969482422,2,-8.85,78.95,70.1,2.6500015258789062,163.6999969482422,2,-6.95,77.7,70.75,-6.9499969482421875,77.69999694824219,1,-3.5,29.0,25.5,11.5,84.75,96.25,,,,2025,423.57792003648296,389.25600971886297,57750.00071525574,56937.16678550039,276037.4987125397
2025-06-04,20250605,0.35/0.15,24550.4,1.24,24650,24450,24850,24300,0.352,-0.328,0.157,-0.157,64.74999809265137,2.6500015258789062,11.699997425079346,-1.1000003814697266,200,150,57.349998474121094,52.099998474121094,23.549999237060547,21.149999618530273,73.94999694824219,21.899999618530273,25.75,8.0,-5.1,66.05,60.95,-10.0,35.3,25.3,-15.100006103515623,101.35000228881836,2,,,,8.899993896484375,65.05000305175781,1,,,,-5.100006103515625,66.05000305175781,1,,,,8.899993896484375,65.05000305175781,1,8.9,65.05,73.95,-5.1,66.05,60.95,8.9,65.05,73.95,2025,867.1190596672418,388.83598082744214,1987.5011444091797,731.5461039144957,101437.50143051147
2025-06-04,20250605,0.25/0.1,24550.4,1.24,24750,24400,24950,24200,0.235,-0.26,0.103,-0.093,48.45000076293945,8.800000190734863,15.94999933242798,0.0,200,200,36.45000076293945,38.75,14.949999809265137,11.800000190734863,43.95000076293945,15.399999618530272,14.949999809265137,4.75,-1.8,43.6,41.8,-10.0,24.5,14.5,-11.799999237060549,68.0999984741211,2,,,,4.200000762939453,39.75,1,,,,-1.7999992370605469,43.599998474121094,1,,,,4.200000762939453,39.75,1,4.2,39.75,43.95,-1.8,43.6,41.8,4.2,39.75,43.95,2025,584.1250415491273,318.9861662384543,6600.0001430511475,5696.888935263565,113662.49942779541
2025-06-04,20250605,0.25/0.05,24550.4,1.24,24750,24400,25100,24100,0.235,-0.26,0.054,-0.055,60.70000076293945,10.90000033378601,20.049999237060547,0.0,350,300,36.45000076293945,38.75,7.650000095367432,6.849999904632568,43.95000076293945,15.399999618530272,6.5,3.049999952316284,-1.8,43.6,41.8,-10.0,24.5,14.5,-11.799999237060549,68.0999984741211,2,,,,4.200000762939453,39.75,1,,,,-1.7999992370605469,43.599998474121094,1,,,,4.200000762939453,39.75,1,4.2,39.75,43.95,-1.8,43.6,41.8,4.2,39.75,43.95,2025,524.712180975529,304.03475019085045,8175.000250339508,7346.253319173129,216974.9994277954
2025-06-05,20250612,0.35/0.15,24756.45,7.24,25000,24600,25300,24250,0.337,-0.352,0.157,-0.152,148.35000228881836,10.0,10.599998474121094,-8.399993896484375,300,350,108.3499984741211,123.1500015258789,40.349998474121094,42.79999923706055,99.4000015258789,108.75,34.25,35.54999923706055,5.95,91.5,97.45,1.1,122.4,123.5,7.049995422363281,213.9000015258789,2,-8.8,126.6,117.8,47.350006103515625,224.9499969482422,2,-1.1,124.6,123.5,20.50000762939453,234.5999984741211,2,-8.8,126.6,117.8,19.20000457763672,253.0999984741211,2,56.15,98.35,154.5,21.6,110.0,131.6,28.0,126.5,154.5,2025,412.85142267751246,608.1911402294808,7500.0,6478.957437093007,151237.49828338623
2025-06-05,20250612,0.25/0.1,24756.45,7.24,25150,24450,25450,24100,0.236,-0.253,0.1,-0.103,95.99999809265135,10.350000381469728,10.999996185302734,-10.450002670288086,300,350,67.25,79.69999694824219,23.549999237060547,27.399999618530273,59.349998474121094,68.0999984741211,19.0,22.799999237060547,2.2,53.25,55.45,-4.6,80.0,75.4,-2.4000015258789062,133.25,2,-4.7,79.6,74.9,34.70000457763672,139.6999969482422,2,-4.6,80.0,75.4,31.599998474121097,148.5,2,-8.45,83.35,74.9,10.400001525878906,164.0,2,39.4,60.1,99.5,36.2,68.5,104.7,18.85,80.65,99.5,2025,347.2251064770289,450.1482518435335,7762.500286102296,6965.126927781734,190500.00143051147
2025-06-05,20250612,0.25/0.05,24756.45,7.24,25150,24450,25650,23800,0.236,-0.253,0.051,-0.049,123.4499969482422,14.300000190734863,14.999998092651367,-15.0,500,650,67.25,79.69999694824219,11.050000190734863,12.449999809265137,59.349998474121094,68.0999984741211,8.350000381469727,9.949999809265137,2.2,53.25,55.45,-4.6,80.0,75.4,-2.4000015258789062,133.25,2,-4.7,79.6,74.9,34.70000457763672,139.6999969482422,2,-4.6,80.0,75.4,31.599998474121097,148.5,2,-8.45,83.35,74.9,10.400001525878906,164.0,2,39.4,60.1,99.5,36.2,68.5,104.7,18.85,80.65,99.5,2025,299.5843077276752,415.8397940211177,10725.000143051147,10009.576041302354,394912.50228881836
2025-06-06,20250612,0.35/0.15,24686.3,6.24,24900,24550,25200,24200,0.338,-0.363,0.145,-0.147,146.5999984741211,-25.750009536743164,10.750003814697266,-44.65000057220459,300,350,97.0,121.0,33.400001525878906,38.0,250.8500061035156,32.45000076293945,100.0999984741211,10.850000381469728,33.2,106.35,139.55,-0.3,119.15,118.85,32.90000915527344,225.5,2,-5.65,39.8,34.15,90.19999313354492,200.4999961853027,2,-10.0,125.15,115.15,23.20000457763672,231.5,2,,,,95.84999084472656,160.6999969482422,1,95.85,160.7,256.55,33.2,106.35,139.55,95.85,160.7,256.55,2025,282.8200954426987,659.0655296909761,-19312.507152557373,-20254.392777691046,152550.00114440918
2025-06-06,20250612,0.25/0.1,24686.3,6.24,25000,24400,25300,24050,0.262,-0.254,0.106,-0.095,97.95000457763672,-35.699992656707764,8.050004005432129,-57.49999237060547,300,350,69.30000305175781,74.75,23.049999237060547,23.049999237060547,190.1499938964844,19.600000381469727,68.44999694824219,7.650000095367432,21.95,76.45,98.4,-3.9,73.7,69.8,18.050010681152344,150.14999389648438,2,-3.2,23.15,19.95,79.14999961853027,139.55000114440918,2,-10.5,79.0,68.5,11.45000457763672,155.4499969482422,2,,,,82.3499984741211,116.4000015258789,1,82.35,116.4,198.75,21.95,76.45,98.4,82.35,116.4,198.75,2025,195.10121288565693,509.76406065306355,-26774.994492530823,-27479.85976606954,189037.49656677246
2025-06-06,20250612,0.25/0.05,24686.3,6.24,25000,24400,25550,23850,0.262,-0.254,0.047,-0.052,122.5500030517578,-59.0499906539917,9.79999828338623,-98.69999265670776,550,550,69.30000305175781,74.75,9.350000381469728,12.149999618530272,190.1499938964844,19.600000381469727,22.700000762939453,5.449999809265137,21.95,76.45,98.4,-3.9,73.7,69.8,18.050010681152344,150.14999389648438,2,-3.2,23.15,19.95,79.14999961853027,139.55000114440918,2,-10.5,79.0,68.5,11.45000457763672,155.4499969482422,2,,,,82.3499984741211,116.4000015258789,1,82.35,116.4,198.75,21.95,76.45,98.4,82.35,116.4,198.75,2025,197.88121592757432,450.3711999026466,-44287.492990493774,-44935.745406324,320587.49771118164
2025-06-09,20250612,0.35/0.15,25108.8,3.24,25250,24950,25500,24700,0.368,-0.334,0.162,-0.158,116.45000076293944,19.850006103515625,22.000003814697266,-1.5499916076660156,250,250,92.1500015258789,92.0,32.0,35.70000076293945,71.69999694824219,72.5999984741211,20.950000762939453,26.75,-8.1,97.1,89.0,-4.9,78.7,73.8,-12.999992370605469,175.79999542236328,2,-8.5,81.1,72.6,-26.349998474121097,177.9499969482422,2,,,,-8.099998474121094,97.0999984741211,1,,,,-17.849998474121094,96.8499984741211,1,-17.85,96.85,79.0,-8.1,97.1,89.0,-17.85,96.85,79.0,2025,1062.2091626107683,507.41472432463456,14887.504577636719,13317.880690701315,100162.49942779541
2025-06-09,20250612,0.25/0.1,25108.8,3.24,25400,24850,25600,24550,0.232,-0.253,0.109,-0.096,73.25,17.399999618530273,19.949999809265137,-2.000001907348633,200,300,49.70000076293945,63.599998474121094,19.799999237060547,20.25,34.25,48.75,12.0,15.149999618530272,-9.35,53.2,43.85,-7.8,54.25,46.45,-17.150001525878906,107.45000076293944,2,-6.35,55.1,48.75,-17.949996948242188,106.5999984741211,2,,,,-9.35000228881836,53.20000076293945,1,,,,-11.599998474121094,51.5,1,-11.6,51.5,39.9,-9.35,53.2,43.85,-11.6,51.5,39.9,2025,621.5166711610295,379.9943927730913,13049.999713897705,12048.488649963585,170062.5
2025-06-09,20250612,0.25/0.05,25108.8,3.24,25400,24850,25800,24350,0.232,-0.253,0.047,-0.05,95.59999895095824,23.999999046325684,27.749999046325684,-3.3500027656555176,400,500,49.70000076293945,63.599998474121094,7.650000095367432,10.050000190734863,34.25,48.75,4.099999904632568,7.300000190734863,-9.35,53.2,43.85,-7.8,54.25,46.45,-17.150001525878906,107.45000076293944,2,-6.35,55.1,48.75,-17.949996948242188,106.5999984741211,2,,,,-9.35000228881836,53.20000076293945,1,,,,-11.599998474121094,51.5,1,-11.6,51.5,39.9,-9.35,53.2,43.85,-11.6,51.5,39.9,2025,557.0826572841444,355.6651170854712,17999.999284744263,17087.25151037465,303300.0007867813
2025-06-10,20250612,0.35/0.15,25111.45,2.24,25250,25000,25400,24750,0.322,-0.346,0.166,-0.136,81.49999809265137,24.94999885559082,29.599997520446777,0.0,150,250,57.349998474121094,72.75,24.850000381469727,23.75,32.599998474121094,51.20000076293945,12.550000190734863,14.699999809265137,-6.6,68.5,61.9,3.75,52.35,56.1,-2.8499984741210938,120.8499984741211,2,-18.4,60.45,42.05,-18.400001525878903,60.45000076293945,1,,,,-6.599998474121094,68.5,1,,,,0.0,0.0,0,,,,-6.6,68.5,61.9,,,,2025,436.3545701095756,401.1570618705721,18712.499141693115,17874.987509712966,126375.00143051147
2025-06-10,20250612,0.25/0.1,25111.45,2.24,25300,24900,25500,24650,0.262,-0.243,0.105,-0.093,59.40000057220459,23.450000762939453,26.09999942779541,0.0,200,250,43.75,46.45000076293945,14.949999809265137,15.850000381469728,23.299999237060547,29.950000762939453,7.449999809265137,9.850000381469728,-6.35,51.2,44.85,-0.7,32.7,32.0,-7.0500030517578125,83.9000015258789,2,-12.6,38.15,25.55,-12.60000228881836,38.150001525878906,1,,,,-6.350002288818359,51.20000076293945,1,,,,0.0,0.0,0,,,,-6.35,51.2,44.85,,,,2025,356.44985682136064,331.71672560540867,17587.50057220459,16899.33398977782,142949.99957084656
2025-06-10,20250612,0.25/0.05,25111.45,2.24,25300,24900,25650,24500,0.262,-0.243,0.051,-0.054,74.50000095367432,30.650001049041748,33.74999976158142,0.0,350,400,43.75,46.45000076293945,6.699999809265137,9.0,23.299999237060547,29.950000762939453,3.5,5.900000095367432,-6.35,51.2,44.85,-0.7,32.7,32.0,-7.0500030517578125,83.9000015258789,2,-12.6,38.15,25.55,-12.60000228881836,38.150001525878906,1,,,,-6.350002288818359,51.20000076293945,1,,,,0.0,0.0,0,,,,-6.35,51.2,44.85,,,,2025,333.5096660232061,318.1994888749411,22987.50078678131,22335.791631883167,244124.99928474426
2025-06-11,20250612,0.35/0.15,25125.0,1.24,25200,25050,25350,24900,0.34,-0.338,0.128,-0.146,52.85000038146973,-5.7000017166137695,3.59999942779541,-21.64999771118164,150,150,37.599998474121094,43.95000076293945,12.149999618530272,16.549999237060547,48.70000076293945,40.400001525878906,15.850000381469728,14.699999809265137,-8.35,45.0,36.65,-9.3,40.0,30.7,-17.64999771118164,85.0,2,6.0,30.75,36.75,5.0500030517578125,97.0999984741211,2,-4.3,47.35,43.05,-12.64999771118164,92.3499984741211,2,-15.45,52.2,36.75,-16.39999771118164,118.54999923706056,2,-0.95,66.35,65.4,-8.35,45.0,36.65,-0.95,66.35,65.4,2025,235.5207790560263,348.01883222702645,-4275.001287460327,-4858.54089874338,72862.4997138977
2025-06-11,20250612,0.25/0.1,25125.0,1.24,25250,25000,25400,24850,0.248,-0.259,0.093,-0.112,36.24999904632568,-4.40000057220459,3.6000003814697266,-19.35000228881836,150,150,25.649999618530273,32.0,8.800000190734863,12.600000381469728,33.75,28.5,10.600000381469728,11.0,15.95,31.0,46.95,4.4,24.15,28.55,20.350000381469727,55.14999961853027,2,3.1,22.45,25.55,-1.0000038146972656,71.85000228881836,2,-6.15,34.7,28.55,9.799999237060549,65.70000076293945,2,-12.8,38.35,25.55,-16.900001525878906,87.75,2,-4.1,49.4,45.3,15.95,31.0,46.95,-4.1,49.4,45.3,2025,159.13288347719708,301.4861491433053,-3300.0004291534424,-3760.6194617739447,85312.50071525574
2025-06-11,20250612,0.25/0.05,25125.0,1.24,25250,25000,25500,24700,0.248,-0.259,0.051,-0.053,46.74999952316284,-5.15000057220459,4.400001049041748,-26.60000228881836,250,300,25.649999618530273,32.0,4.800000190734863,6.099999904632568,33.75,28.5,5.400000095367432,4.949999809265137,15.95,31.0,46.95,4.4,24.15,28.55,20.350000381469727,55.14999961853027,2,3.1,22.45,25.55,-1.0000038146972656,71.85000228881836,2,-6.15,34.7,28.55,9.799999237060549,65.70000076293945,2,-12.8,38.35,25.55,-16.900001525878906,87.75,2,-4.1,49.4,45.3,15.95,31.0,46.95,-4.1,49.4,45.3,2025,160.15010298110204,285.9540688492308,-3862.5004291534424,-4308.6046009837755,189937.50035762787
2025-06-12,20250619,0.35/0.15,25100.0,7.24,25300,24950,25600,24650,0.357,-0.342,0.145,-0.158,139.8499984741211,-3.600004196166992,8.30000114440918,-18.50000762939453,300,300,107.1500015258789,105.5999984741211,32.150001525878906,40.75,46.54999923706055,184.8500061035156,13.399999618530272,74.55000305175781,-9.35,104.3,94.95,-7.55,113.45,105.9,-16.900001525878906,217.75,2,-18.75,125.75,107.0,-25.900001525878903,212.3499984741211,2,-7.55,113.45,105.9,-7.549995422363281,113.4499969482422,1,-18.75,125.75,107.0,-18.75,125.75,1,-7.15,86.6,79.45,,,,,,,2025,770.0365026099499,611.9436826643896,-2700.003147125244,-4081.9833323995836,120112.50114440918
2025-06-12,20250619,0.25/0.1,25100.0,7.24,25450,24800,25700,24500,0.239,-0.236,0.099,-0.103,80.95000267028809,-9.84999942779541,5.80000114440918,-24.499993324279785,250,300,61.150001525878906,65.4000015258789,20.25,25.350000381469727,25.5,119.8000030517578,9.050000190734863,45.45000076293945,-9.5,58.3,48.8,-9.75,68.45,58.7,-19.25,126.74999618530272,2,-13.75,79.35,65.6,-17.700000762939453,127.29999923706056,2,-9.75,68.45,58.7,-9.75,68.44999694824219,1,-13.75,79.35,65.6,-13.75,79.3499984741211,1,-3.95,47.95,44.0,,,,,,,2025,613.4004252854119,446.16807515192073,-7387.499570846558,-8447.068071283891,164287.49799728394
2025-06-12,20250619,0.25/0.05,25100.0,7.24,25450,24800,25850,24250,0.239,-0.236,0.053,-0.051,104.95000267028809,-15.599999904632568,9.150001525878906,-38.599995613098145,400,550,61.150001525878906,65.4000015258789,9.75,11.850000381469728,25.5,119.8000030517578,5.400000095367432,19.350000381469727,-9.5,58.3,48.8,-9.75,68.45,58.7,-19.25,126.74999618530272,2,-13.75,79.35,65.6,-17.700000762939453,127.29999923706056,2,-9.75,68.45,58.7,-9.75,68.44999694824219,1,-13.75,79.35,65.6,-13.75,79.3499984741211,1,-3.95,47.95,44.0,,,,,,,2025,532.4835128137194,406.366829018934,-11699.999928474426,-12638.85027030708,333787.49799728394
2025-06-13,20250619,0.35/0.15,24613.7,6.24,24800,24450,25100,24050,0.36,-0.353,0.153,-0.152,148.9499969482422,4.299995422363281,7.949989318847656,-7.3000030517578125,300,400,104.3499984741211,126.25,34.900001525878906,46.75,111.3499984741211,106.0500030517578,34.650001525878906,38.099998474121094,-5.2,120.75,115.55,-6.75,126.45,119.7,-11.949996948242188,247.1999969482422,2,7.75,98.3,106.05,-6.799995422363281,226.75,2,-6.75,126.45,119.7,-11.949996948242188,247.1999969482422,2,,,,-14.54999542236328,128.4499969482422,1,-14.55,128.45,113.9,-5.2,120.75,115.55,-14.55,128.45,113.9,2025,953.2644501847453,612.9932056054039,3224.996566772461,1658.7389109823116,188287.50228881836
2025-06-13,20250619,0.25/0.1,24613.7,6.24,24950,24300,25250,23850,0.243,-0.26,0.095,-0.1,97.24999809265135,6.399997711181641,10.54999542236328,-5.950004577636719,300,450,61.70000076293945,85.8499984741211,19.950000762939453,30.350000381469727,63.29999923706055,71.5,19.149999618530273,24.799999237060547,-6.8,72.0,65.2,-8.0,87.45,79.45,-14.800003051757812,159.4499969482422,2,5.5,66.0,71.5,-4.150001525878906,142.0999984741211,2,-8.0,87.45,79.45,-14.800003051757812,159.4499969482422,2,,,,-9.650001525878906,76.0999984741211,1,-9.65,76.1,66.45,-6.8,72.0,65.2,-9.65,76.1,66.45,2025,598.8487935622685,455.34133139692307,4799.9982833862305,3745.8081584270385,264562.5014305115
2025-06-13,20250619,0.25/0.05,24613.7,6.24,24950,24300,25450,23600,0.243,-0.26,0.05,-0.062,118.8499984741211,9.399998664855955,14.699997901916504,-7.750004768371582,500,700,61.70000076293945,85.8499984741211,9.850000381469728,18.850000381469727,63.29999923706055,71.5,9.199999809265137,16.149999618530273,-6.8,72.0,65.2,-8.0,87.45,79.45,-14.800003051757812,159.4499969482422,2,5.5,66.0,71.5,-4.150001525878906,142.0999984741211,2,-8.0,87.45,79.45,-14.800003051757812,159.4499969482422,2,,,,-9.650001525878906,76.0999984741211,1,-9.65,76.1,66.45,-6.8,72.0,65.2,-9.65,76.1,66.45,2025,566.4317858930694,428.229246777637,7049.998998641967,6055.337965971261,435862.5011444092
2025-06-16,20250619,0.35/0.15,24754.85,3.24,24900,24650,25100,24350,0.352,-0.37,0.165,-0.156,109.70000076293944,-18.599992752075195,2.2500038146972656,-23.750009536743164,200,300,79.0999984741211,94.3000030517578,29.049999237060547,34.650001525878906,176.89999389648438,51.04999923706055,76.0,23.649999618530273,51.05,75.45,126.5,-9.3,64.5,55.2,41.75,139.9499969482422,2,,,,32.599998474121094,123.5999984741211,1,,,,46.55000305175781,79.94999694824219,1,,,,32.599998474121094,123.5999984741211,1,32.6,123.6,156.2,46.55,79.95,126.5,32.6,123.6,156.2,2025,245.47077159619147,578.213934007245,-13949.994564056396,-14773.679269659833,142724.9994277954
2025-06-16,20250619,0.25/0.1,24754.85,3.24,25000,24500,25200,24200,0.247,-0.243,0.107,-0.102,65.5999984741211,-25.70000267028809,2.299997329711914,-29.849997520446777,200,300,48.599998474121094,56.79999923706055,17.549999237060547,22.25,120.0,33.900001525878906,44.95000076293945,17.649999618530273,34.3,48.2,82.5,-1.3,35.2,33.9,33.0,83.4000015258789,2,,,,24.349998474121097,81.25,1,,,,33.150001525878906,49.349998474121094,1,,,,24.349998474121097,81.25,1,24.35,81.25,105.6,33.15,49.35,82.5,24.35,81.25,105.6,2025,166.2837021797957,433.21148157579324,-19275.002002716068,-19874.497186471657,175800.00114440918
2025-06-16,20250619,0.25/0.05,24754.85,3.24,25000,24500,25400,23900,0.247,-0.243,0.047,-0.049,87.34999799728394,-40.45000314712525,3.699998378753662,-49.5999960899353,400,600,48.599998474121094,56.79999923706055,7.099999904632568,10.949999809265137,120.0,33.900001525878906,14.75,11.350000381469728,34.3,48.2,82.5,-1.3,35.2,33.9,33.0,83.4000015258789,2,,,,24.349998474121097,81.25,1,,,,33.150001525878906,49.349998474121094,1,,,,24.349998474121097,81.25,1,24.35,81.25,105.6,33.15,49.35,82.5,24.35,81.25,105.6,2025,166.2837021797957,386.979396361881,-30337.502360343937,-30890.765458885613,384487.50150203705
2025-06-17,20250619,0.35/0.15,24875.25,2.24,25000,24750,25200,24500,0.341,-0.339,0.141,-0.15,87.15000534057617,13.900002479553224,20.300003051757812,0.0,200,250,62.400001525878906,75.05000305175781,20.75,29.549999237060547,41.5,69.80000305175781,12.699999809265137,25.350000381469727,0.8,57.4,58.2,-10.0,80.3,70.3,-9.20000457763672,137.70000457763672,2,8.65,57.35,66.0,4.25,103.25,2,-10.0,80.3,70.3,-16.000003814697266,144.5000038146973,2,-18.4,84.4,66.0,-18.400001525878903,84.4000015258789,1,-4.4,45.9,41.5,-6.0,64.2,58.2,,,,2025,491.03449886102425,430.3572319030891,10425.001859664919,9503.610128900804,122137.49599456787
2025-06-17,20250619,0.25/0.1,24875.25,2.24,25100,24650,25300,24350,0.225,-0.246,0.089,-0.093,56.950002670288086,12.100004196166992,17.40000343322754,0.0,200,300,36.20000076293945,51.20000076293945,12.399999618530272,18.049999237060547,22.649999618530273,44.79999923706055,7.300000190734863,15.300000190734863,-2.75,32.3,29.55,-10.0,55.1,45.1,-12.75,87.39999771118164,2,6.6,36.3,42.9,4.100002288818359,61.44999885559082,2,-10.0,55.1,45.1,-17.0,91.64999771118164,2,-13.25,56.15,42.9,-13.25,56.150001525878906,1,-2.5,25.15,22.65,-7.0,36.55,29.55,,,,2025,273.14613567793464,339.05892270872596,9075.003147125244,8462.798088738584,182287.49799728394
2025-06-17,20250619,0.25/0.05,24875.25,2.24,25100,24650,25450,24100,0.225,-0.246,0.046,-0.048,71.60000133514404,16.050002574920654,23.050002098083496,0.0,350,550,36.20000076293945,51.20000076293945,6.199999809265137,9.600000381469728,22.649999618530273,44.79999923706055,3.650000095367432,8.25,-2.75,32.3,29.55,-10.0,55.1,45.1,-12.75,87.39999771118164,2,6.6,36.3,42.9,4.100002288818359,61.44999885559082,2,-10.0,55.1,45.1,-17.0,91.64999771118164,2,-13.25,56.15,42.9,-13.25,56.150001525878906,1,-2.5,25.15,22.65,-7.0,36.55,29.55,,,,2025,276.77240020312524,322.71079642997955,12037.50193119049,11438.018734557387,358799.99899864197
2025-06-18,20250619,0.35/0.15,24945.15,1.24,25050,24850,25200,24650,0.345,-0.351,0.158,-0.154,75.29999923706055,-4.650002956390381,8.600001335144043,-23.800004482269287,150,200,56.20000076293945,63.599998474121094,20.299999237060547,24.200000762939453,17.25,100.5500030517578,6.400000095367432,31.450000762939453,,,,8.45,68.85,77.3,8.450004577636719,68.8499984741211,1,18.45,96.6,115.05,19.400005340576172,112.89999771118164,2,8.45,68.85,77.3,8.450004577636719,68.8499984741211,1,18.45,96.6,115.05,18.45000457763672,96.5999984741211,1,0.95,16.3,17.25,,,,,,,2025,763.844934294853,411.577644857559,-3487.5022172927856,-4662.924796445198,93525.00057220459
2025-06-18,20250619,0.25/0.1,24945.15,1.24,25100,24750,25300,24550,0.272,-0.236,0.085,-0.101,54.65000057220459,7.999998807907104,13.100001335144045,-10.499995708465576,200,200,40.54999923706055,39.150001525878906,9.699999809265137,15.350000381469728,12.300000190734863,55.900001525878906,3.299999952316284,18.25,,,,38.9,39.75,78.65,38.900001525878906,39.75,1,10.3,56.6,66.9,11.050003051757812,68.14999866485596,2,38.9,39.75,78.65,38.900001525878906,39.75,1,10.3,56.6,66.9,10.300003051757812,56.599998474121094,1,0.75,11.55,12.3,,,,,,,2025,569.4153406064944,328.1664361563312,5999.9991059303275,5102.4173291675015,109012.49957084656
2025-06-18,20250619,0.25/0.05,24945.15,1.24,25100,24750,25400,24350,0.272,-0.236,0.046,-0.046,67.80000114440918,8.549999475479126,16.250002145767212,-18.099995613098145,300,400,40.54999923706055,39.150001525878906,4.949999809265137,6.949999809265137,12.300000190734863,55.900001525878906,2.049999952316284,6.900000095367432,,,,38.9,39.75,78.65,38.900001525878906,39.75,1,10.3,56.6,66.9,11.050003051757812,68.14999866485596,2,38.9,39.75,78.65,38.900001525878906,39.75,1,10.3,56.6,66.9,10.300003051757812,56.599998474121094,1,0.75,11.55,12.3,,,,,,,2025,562.5405461371919,310.30092943962325,6412.4996066093445,5539.658131032529,249149.99914169312
2025-06-19,20250626,0.35/0.15,24843.05,7.24,25050,24700,25350,24300,0.348,-0.356,0.14,-0.144,147.80000114440918,-5.80000114440918,1.9000015258789065,-6.149991989135742,300,400,100.3000030517578,118.9499969482422,30.399999618530273,41.04999923706055,91.5,140.0500030517578,26.0,51.95000076293945,-6.3,93.4,87.1,8.9,123.6,132.5,2.5999984741210938,217.0,2,-7.25,135.85,128.6,-5.650001525878906,227.70000457763672,2,8.9,123.6,132.5,2.25,225.0999984741211,2,-7.25,135.85,128.6,-7.25,135.85000610351562,1,1.6,91.85,93.45,-6.65,101.5,94.85,,,,2025,445.23052043138097,607.7758665571298,-4350.000858306885,-5403.0072452953955,189149.99914169312
2025-06-19,20250626,0.25/0.1,24843.05,7.24,25150,24550,25450,24150,0.266,-0.257,0.097,-0.102,100.39999961853027,-4.399997711181641,2.9000015258789062,-5.149999618530273,300,400,69.25,79.25,19.600000381469727,28.5,61.599998474121094,96.5,16.850000381469727,36.45000076293945,-7.75,63.45,55.7,5.05,82.6,87.65,-2.700000762939453,146.04999923706055,2,-4.1,91.85,87.75,-2.549999237060547,153.75,2,5.05,82.6,87.65,-3.7499923706054688,153.1999969482422,2,-4.1,91.85,87.75,-4.099998474121094,91.8499984741211,1,1.55,61.9,63.45,-8.8,70.6,61.8,,,,2025,272.52312961634215,473.4423048325577,-3299.9982833862305,-4045.96371783513,224700.0002861023
2025-06-19,20250626,0.25/0.05,24843.05,7.24,25150,24550,25650,23800,0.266,-0.257,0.047,-0.049,126.1500005722046,-7.399997234344482,3.8500027656555176,-7.650000095367432,500,750,69.25,79.25,8.649999618530273,13.699999809265137,61.599998474121094,96.5,7.099999904632568,17.450000762939453,-7.75,63.45,55.7,5.05,82.6,87.65,-2.700000762939453,146.04999923706055,2,-4.1,91.85,87.75,-2.549999237060547,153.75,2,5.05,82.6,87.65,-3.7499923706054688,153.1999969482422,2,-4.1,91.85,87.75,-4.099998474121094,91.8499984741211,1,1.55,61.9,63.45,-8.8,70.6,61.8,,,,2025,249.35233194133818,434.11518925239534,-5549.997925758362,-6233.465446952096,467887.49957084656
2025-06-20,20250626,0.35/0.15,24884.6,6.24,25050,24750,25300,24400,0.362,-0.349,0.155,-0.14,129.9499969482422,-18.549999237060547,6.30000114440918,-26.450000762939453,250,350,93.0999984741211,101.9499969482422,30.25,34.849998474121094,183.5,60.04999923706055,67.05000305175781,28.0,70.7,96.65,167.35,-3.15,66.25,63.1,67.55000305175781,162.9000015258789,2,-3.25,67.1,63.85,-25.350006103515625,251.0999984741211,2,,,,70.70000457763672,96.6500015258789,1,,,,-22.100006103515625,184.0,1,-22.1,184.0,161.9,70.7,96.65,167.35,-22.1,184.0,161.9,2025,340.7493180740115,602.1207657262211,-13912.49942779541,-14855.369511595642,165037.50228881836
2025-06-20,20250626,0.25/0.1,24884.6,6.24,25150,24600,25400,24250,0.267,-0.239,0.103,-0.096,82.9000015258789,-25.100006103515625,6.400001525878906,-34.099998474121094,250,350,60.900001525878906,63.79999923706055,18.399999618530273,23.399999618530273,128.35000610351562,42.0,40.849998474121094,21.5,55.4,62.75,118.15,-2.9,44.9,42.0,52.49999237060547,107.6500015258789,2,-2.0,43.75,41.75,-21.29999542236328,175.6999969482422,2,,,,55.399993896484375,62.75,1,,,,-19.29999542236328,131.9499969482422,1,-19.3,131.95,112.65,55.4,62.75,118.15,-19.3,131.95,112.65,2025,208.6296862111366,459.7388155914039,-18825.00457763672,-19493.37307943926,200324.99885559082
2025-06-20,20250626,0.25/0.05,24884.6,6.24,25150,24600,25600,23950,0.267,-0.239,0.045,-0.05,104.85000038146973,-38.15000629425049,9.1000018119812,-53.25000190734863,450,650,60.900001525878906,63.79999923706055,7.300000190734863,12.550000190734863,128.35000610351562,42.0,13.699999809265137,13.649999618530272,55.4,62.75,118.15,-2.9,44.9,42.0,52.49999237060547,107.6500015258789,2,-2.0,43.75,41.75,-21.29999542236328,175.6999969482422,2,,,,55.399993896484375,62.75,1,,,,-19.29999542236328,131.9499969482422,1,-19.3,131.95,112.65,55.4,62.75,118.15,-19.3,131.95,112.65,2025,202.88858905111834,415.0371547689881,-28612.504720687866,-29230.430464507972,408862.4997138977
2025-06-23,20250626,0.35/0.15,24858.75,3.24,25000,24700,25250,24400,0.362,-0.333,0.143,-0.149,115.5500030517578,-14.899999618530272,3.950000762939453,-32.35000038146973,250,300,85.6500015258789,91.1500015258789,25.25,36.0,147.0500030517578,47.79999923706055,44.29999923706055,20.100000381469727,20.75,84.9,105.65,-6.7,97.8,91.1,14.04999542236328,182.70000457763672,2,0.35,47.45,47.8,-6.400001525878906,158.29999923706055,2,-6.7,97.8,91.1,12.349998474121094,184.4000015258789,2,,,,-6.75,110.8499984741211,1,-6.75,110.85,104.1,19.05,86.6,105.65,-6.75,110.85,104.1,2025,1365.6668505739613,532.2736247679472,-11174.999713897703,-13072.940189239613,138337.49771118164
2025-06-23,20250626,0.25/0.1,24858.75,3.24,25100,24600,25350,24250,0.259,-0.257,0.093,-0.099,81.55000400543213,-9.54999542236328,5.350003242492676,-30.249996185302734,250,350,53.650001525878906,66.55000305175781,15.199999809265137,23.450000762939453,95.75,34.75,25.200000762939453,14.199999809265137,11.4,53.2,64.6,-8.0,71.0,63.0,3.3999977111816406,124.20000076293944,2,0.5,34.25,34.75,-6.0,105.25,2,-8.0,71.0,63.0,-0.2000007629394531,127.79999923706056,2,,,,-6.5,71.0,1,-6.5,71.0,64.5,7.8,56.8,64.6,-6.5,71.0,64.5,2025,975.6823488889405,415.96913880456253,-7162.49656677246,-8554.148054465963,201337.4969959259
2025-06-23,20250626,0.25/0.05,24858.75,3.24,25100,24600,25500,23950,0.259,-0.257,0.049,-0.048,101.40000438690186,-10.149995803833008,8.100003719329834,-39.14999532699585,400,650,53.650001525878906,66.55000305175781,7.5,11.300000190734863,95.75,34.75,10.550000190734863,8.399999618530273,11.4,53.2,64.6,-8.0,71.0,63.0,3.3999977111816406,124.20000076293944,2,0.5,34.25,34.75,-6.0,105.25,2,-8.0,71.0,63.0,-0.2000007629394531,127.79999923706056,2,,,,-6.5,71.0,1,-6.5,71.0,64.5,7.8,56.8,64.6,-6.5,71.0,64.5,2025,879.7715316733468,387.4773952129135,-7612.496852874756,-8879.745779761015,411449.9967098236
2025-06-24,20250626,0.35/0.15,25167.1,2.24,25300,25050,25500,24800,0.343,-0.337,0.146,-0.137,89.69999885559082,-0.8500041961669922,5.0499982833862305,-23.849998474121097,200,250,67.8499984741211,68.75,22.600000381469727,24.299999237060547,32.20000076293945,99.1500015258789,9.75,31.049999237060547,-4.05,90.75,86.7,-4.95,59.35,54.4,-9.0,150.0999984741211,2,20.75,44.25,65.0,24.20000457763672,163.8499984741211,2,-10.0,72.3,62.3,-14.050003051757812,163.0500030517578,2,-18.7,81.1,62.4,-15.249992370605469,200.6999969482422,2,3.45,119.6,123.05,-4.05,90.75,86.7,3.45,119.6,123.05,2025,1016.7948731407672,438.00613728101445,-637.5031471252441,-2092.304157547026,120225.00085830688
2025-06-24,20250626,0.25/0.1,25167.1,2.24,25400,24950,25600,24700,0.23,-0.236,0.088,-0.096,54.64999771118164,0.1999988555908203,4.099996566772461,-23.300004959106445,200,250,39.599998474121094,44.5,12.5,16.950000762939453,17.350000381469727,62.349998474121094,5.75,19.5,2.9,54.5,57.4,-1.25,40.45,39.2,1.6500015258789062,94.95000076293944,2,14.2,29.7,43.9,14.900005340576172,104.14999771118164,2,-6.85,46.05,39.2,-3.949996948242187,100.54999923706056,2,-14.2,55.0,40.8,-13.499996185302734,129.4499969482422,2,0.7,74.45,75.15,2.9,54.5,57.4,0.7,74.45,75.15,2025,767.6325834312355,342.1669949955721,149.99914169311523,-959.8004367336923,146512.50171661377
2025-06-24,20250626,0.25/0.05,25167.1,2.24,25400,24950,25700,24500,0.23,-0.236,0.054,-0.052,67.49999809265137,-0.1500008106231689,5.949996471405029,-28.750003814697266,300,450,39.599998474121094,44.5,7.25,9.350000381469728,17.350000381469727,62.349998474121094,3.799999952316284,8.25,2.9,54.5,57.4,-1.25,40.45,39.2,1.6500015258789062,94.95000076293944,2,14.2,29.7,43.9,14.900005340576172,104.14999771118164,2,-6.85,46.05,39.2,-3.949996948242187,100.54999923706056,2,-14.2,55.0,40.8,-13.499996185302734,129.4499969482422,2,0.7,74.45,75.15,2.9,54.5,57.4,0.7,74.45,75.15,2025,697.6597873649573,323.76364054090317,-112.50060796737667,-1133.9240358732372,286875.0014305115
2025-06-25,20250626,0.35/0.15,25195.15,1.24,25300,25100,25450,24950,0.34,-0.321,0.148,-0.15,62.299997329711914,14.299999237060549,16.749999046325684,-1.0500011444091797,150,150,53.29999923706055,46.04999923706055,17.950000762939453,19.100000381469727,50.349998474121094,25.649999618530273,14.649999618530272,13.350000381469728,-4.25,51.55,47.3,-9.75,51.3,41.55,-14.0,102.8499984741211,2,-13.9,42.75,28.85,-28.04999732971191,95.3499984741211,2,-9.75,51.3,41.55,-19.099998474121097,106.14999771118164,2,,,,-11.650001525878906,59.0,1,-14.15,52.6,38.45,-9.35,54.85,45.5,-11.65,59.0,47.35,2025,882.4607350530521,362.66037331670185,10724.999427795412,9479.87831942566,65775.00200271606
2025-06-25,20250626,0.25/0.1,25195.15,1.24,25350,25050,25500,24850,0.265,-0.251,0.108,-0.092,47.70000171661377,13.350000381469728,14.850001335144045,-1.1499996185302734,150,200,37.650001525878906,34.0,12.449999809265137,11.5,32.900001525878906,20.399999618530273,10.0,8.949999809265137,-5.7,36.4,30.7,-10.0,34.0,24.0,-15.700000762939451,70.4000015258789,2,-9.95,31.85,21.9,-21.299999237060547,68.64999961853027,2,,,,-7.349998474121094,38.79999923706055,1,,,,-8.799999237060547,40.0,1,-11.35,36.8,25.45,-7.35,38.8,31.45,-8.8,40.0,31.2,2025,669.8187364693702,311.4155119195385,10012.500286102297,9031.266037713389,114224.99871253967
2025-06-25,20250626,0.25/0.05,25195.15,1.24,25350,25050,25600,24700,0.265,-0.251,0.054,-0.047,60.20000171661377,16.800000190734863,19.400002002716064,-1.5999999046325684,250,350,37.650001525878906,34.0,5.599999904632568,5.849999904632568,32.900001525878906,20.399999618530273,4.199999809265137,5.699999809265137,-5.7,36.4,30.7,-10.0,34.0,24.0,-15.700000762939451,70.4000015258789,2,-9.95,31.85,21.9,-21.299999237060547,68.64999961853027,2,,,,-7.349998474121094,38.79999923706055,1,,,,-8.799999237060547,40.0,1,-11.35,36.8,25.45,-7.35,38.8,31.45,-8.8,40.0,31.2,2025,591.502190306099,297.5514971913438,12600.000143051147,11710.946455553705,217349.99871253967
2025-06-26,20250703,0.35/0.15,25365.8,7.24,25550,25200,25850,24850,0.368,-0.344,0.154,-0.156,147.35000228881836,-3.849996566772461,1.849996566772461,-16.550006866455078,300,350,109.4000015258789,118.1500015258789,34.5,45.70000076293945,162.9499969482422,66.0,52.099998474121094,25.649999618530273,-8.8,135.8,127.0,-1.05,113.05,112.0,-9.850006103515623,248.8500061035156,2,-13.05,140.25,127.2,-19.099998474121097,262.6999969482422,2,-10.0,121.35,111.35,-18.800003051757812,257.1500015258789,2,-13.05,140.25,127.2,-19.099998474121097,262.6999969482422,2,-6.05,122.45,116.4,-8.8,135.8,127.0,-6.05,122.45,116.4,2025,1113.0550561516675,618.482628920947,-2887.4974250793457,-4619.03511015196,151987.49828338623
2025-06-26,20250703,0.25/0.1,25365.8,7.24,25700,25050,25950,24650,0.248,-0.248,0.108,-0.098,91.5999984741211,1.1999969482421875,6.150003433227539,-10.799999237060549,250,400,63.599998474121094,78.0,22.5,27.5,96.4000015258789,43.150001525878906,32.95000076293945,16.200000762939453,-5.6,78.55,72.95,12.25,76.05,88.3,6.649993896484375,154.60000610351562,2,-7.95,92.0,84.05,-12.300003051757812,164.3000030517578,2,10.0,78.3,88.3,4.399993896484375,156.85000610351562,2,-7.95,92.0,84.05,-12.300003051757812,164.3000030517578,2,-4.35,72.3,67.95,-5.6,78.55,72.95,-4.35,72.3,67.95,2025,639.2095854211658,456.04566368096164,899.9977111816406,-195.2575379204868,231300.00114440918
2025-06-26,20250703,0.25/0.05,25365.8,7.24,25700,25050,26150,24300,0.248,-0.248,0.05,-0.048,118.49999809265135,-0.1500053405761718,7.55000114440918,-18.500000953674316,450,750,63.599998474121094,78.0,9.25,13.850000381469728,96.4000015258789,43.150001525878906,12.25,8.649999618530273,-5.6,78.55,72.95,12.25,76.05,88.3,6.649993896484375,154.60000610351562,2,-7.95,92.0,84.05,-12.300003051757812,164.3000030517578,2,10.0,78.3,88.3,4.399993896484375,156.85000610351562,2,-7.95,92.0,84.05,-12.300003051757812,164.3000030517578,2,-4.35,72.3,67.95,-5.6,78.55,72.95,-4.35,72.3,67.95,2025,570.4262506994222,416.8627104528847,-112.50400543212885,-1099.7929665844358,473625.0014305115
2025-06-27,20250703,0.35/0.15,25533.2,6.24,25700,25400,26000,25100,0.368,-0.348,0.14,-0.158,133.25,8.600000381469727,11.0,-0.5000038146972656,300,300,100.4000015258789,100.0,28.200000762939453,38.95000076293945,122.6500015258789,53.349998474121094,30.100000381469727,21.25,-4.45,108.45,104.0,-8.0,90.2,82.2,-12.449996948242188,198.6499938964844,2,,,,7.700004577636719,107.3499984741211,1,,,,-4.4499969482421875,108.4499969482422,1,,,,7.700004577636719,107.3499984741211,1,7.7,107.35,115.05,-4.45,108.45,104.0,7.7,107.35,115.05,2025,483.2874694836542,539.1379674974279,6450.000286102295,5427.5748491212125,125062.5
2025-06-27,20250703,0.25/0.1,25533.2,6.24,25850,25250,26100,24950,0.236,-0.237,0.094,-0.105,73.3499984741211,10.75,11.999995231628418,0.0,250,300,54.349998474121094,61.900001525878906,17.700000762939453,25.200000762939453,62.79999923706055,32.25,17.600000381469727,14.850000381469728,-6.45,58.8,52.35,-9.3,54.7,45.4,-15.75,113.5,2,,,,1.8500022888183592,57.29999923706055,1,,,,-6.450000762939453,58.79999923706055,1,,,,1.8500022888183592,57.29999923706055,1,1.85,57.3,59.15,-6.45,58.8,52.35,1.85,57.3,59.15,2025,406.5511590467579,393.8169306455193,8062.5,7262.131910307723,169987.50114440918
2025-06-27,20250703,0.25/0.05,25533.2,6.24,25850,25250,26250,24650,0.236,-0.237,0.052,-0.049,95.69999980926514,16.700000762939453,18.349997520446777,0.0,400,600,54.349998474121094,61.900001525878906,8.949999809265137,11.600000381469728,62.79999923706055,32.25,7.800000190734863,8.25,-6.45,58.8,52.35,-9.3,54.7,45.4,-15.75,113.5,2,,,,1.8500022888183592,57.29999923706055,1,,,,-6.450000762939453,58.79999923706055,1,,,,1.8500022888183592,57.29999923706055,1,1.85,57.3,59.15,-6.45,58.8,52.35,1.85,57.3,59.15,2025,365.32912968246245,368.79519145988945,12525.00057220459,11790.876251062238,378225.00014305115
2025-06-30,20250703,0.35/0.15,25581.9,3.24,25750,25450,25950,25200,0.332,-0.33,0.153,-0.144,94.19999885559082,-5.450004577636719,5.899997711181641,-8.150002479553223,200,250,75.19999694824219,73.9000015258789,26.899999618530273,28.0,45.54999923706055,107.3000030517578,17.899999618530273,35.29999923706055,-8.1,76.6,68.5,-10.0,82.35,72.35,-18.099998474121097,158.9499969482422,2,-4.7,77.0,72.3,-11.349998474121094,142.8000030517578,2,-10.0,82.35,72.35,-18.099998474121097,158.9499969482422,2,-4.7,77.0,72.3,-4.6999969482421875,77.0,1,-6.65,65.8,59.15,-8.1,76.6,68.5,,,,2025,209.54848739177393,474.49859407462503,-4087.503433227539,-4771.550514693938,116850.00085830688
2025-06-30,20250703,0.25/0.1,25581.9,3.24,25850,25350,26050,25100,0.232,-0.238,0.098,-0.103,59.80000114440918,-5.600001335144043,5.900003433227539,-8.500000953674316,200,250,45.650001525878906,49.54999923706055,15.850000381469728,19.549999237060547,28.549999237060547,70.55000305175781,11.550000190734863,22.149999618530273,-9.5,46.75,37.25,14.9,51.75,66.65,5.400001525878906,98.5,2,-3.9,50.9,47.0,-8.10000228881836,89.95000076293945,2,14.9,51.75,66.65,5.400001525878906,98.5,2,-3.9,50.9,47.0,-3.9000015258789062,50.900001525878906,1,-4.2,39.05,34.85,-9.5,46.75,37.25,,,,2025,209.7717887682001,371.5579879539352,-4200.001001358032,-4781.330778080168,142649.99914169312
2025-06-30,20250703,0.25/0.05,25581.9,3.24,25850,25350,26200,24850,0.232,-0.238,0.049,-0.047,79.20000076293945,-6.400001525878906,8.450002670288086,-11.650002479553224,350,500,45.650001525878906,49.54999923706055,7.199999809265137,8.800000190734863,28.549999237060547,70.55000305175781,6.300000190734863,7.199999809265137,-9.5,46.75,37.25,14.9,51.75,66.65,5.400001525878906,98.5,2,-3.9,50.9,47.0,-8.10000228881836,89.95000076293945,2,14.9,51.75,66.65,5.400001525878906,98.5,2,-3.9,50.9,47.0,-3.9000015258789062,50.900001525878906,1,-4.2,39.05,34.85,-9.5,46.75,37.25,,,,2025,214.8540773487377,343.48459848600015,-4800.00114440918,-5358.3398202439175,315599.9994277954
2025-07-01,20250703,0.35/0.15,25575.3,2.24,25700,25450,25900,25250,0.34,-0.325,0.141,-0.148,80.54999732971191,18.799999237060547,20.749996185302734,0.0,200,200,61.54999923706055,64.5999984741211,20.600000381469727,25.0,39.29999923706055,47.349998474121094,10.899999618530272,14.0,-8.95,53.2,44.25,-9.15,67.55,58.4,-18.10000228881836,120.75000381469728,2,-8.5,64.1,55.6,-15.299999237060549,106.5999984741211,2,-9.15,67.55,58.4,-9.150001525878906,67.55000305175781,1,,,,0.0,0.0,0,-6.8,42.5,35.7,,,,,,,2025,331.8823476170943,394.394835660923,14099.99942779541,13373.722244517392,89587.50200271606
2025-07-01,20250703,0.25/0.1,25575.3,2.24,25800,25400,26000,25150,0.223,-0.269,0.089,-0.099,57.65000343322754,18.050004959106445,20.150005340576172,0.0,200,250,35.650001525878906,50.650001525878906,12.399999618530272,16.25,20.5,34.099998474121094,6.449999809265137,8.550000190734863,-9.55,29.7,20.15,-9.5,52.4,42.9,-19.05000114440918,82.10000228881836,2,-7.0,48.7,41.7,-11.200000762939451,70.9000015258789,2,-9.5,52.4,42.9,-9.5,52.400001525878906,1,,,,0.0,0.0,0,-4.2,22.2,18.0,,,,,,,2025,360.0079346119921,324.84144863176437,13537.503719329834,12852.654336086076,144262.49742507935
2025-07-01,20250703,0.25/0.05,25575.3,2.24,25800,25400,26100,24950,0.223,-0.269,0.055,-0.047,71.30000305175781,24.70000457763672,27.100003480911255,0.0,300,450,35.650001525878906,50.650001525878906,7.400000095367432,7.599999904632568,20.5,34.099998474121094,3.900000095367432,4.099999904632568,-9.55,29.7,20.15,-9.5,52.4,42.9,-19.05000114440918,82.10000228881836,2,-7.0,48.7,41.7,-11.200000762939451,70.9000015258789,2,-9.5,52.4,42.9,-9.5,52.400001525878906,1,,,,0.0,0.0,0,-4.2,22.2,18.0,,,,,,,2025,342.82581789283876,312.77285218563463,18525.00343322754,17869.40476314907,284024.99771118164
2025-07-02,20250703,0.35/0.15,25533.65,1.24,25600,25450,25750,25300,0.387,-0.322,0.156,-0.133,65.79999923706055,0.9999990463256836,11.849998474121094,-8.599996089935303,150,150,56.20000076293945,41.04999923706055,16.850000381469727,14.600000381469728,24.899999618530273,70.25,8.199999809265137,22.149999618530273,-7.0,34.8,27.8,-0.25,44.1,43.85,-7.25,78.89999771118164,2,-4.7,53.5,48.8,-15.100000381469728,89.54999923706055,2,-0.25,44.1,43.85,-0.25,44.099998474121094,1,-4.7,53.5,48.8,-4.700000762939453,53.5,1,-10.4,36.05,25.65,,,,,,,2025,225.20299032088855,367.50424161928606,749.9992847442627,157.29205280408803,63150.00057220459
2025-07-02,20250703,0.25/0.1,25533.65,1.24,25700,25400,25800,25250,0.218,-0.243,0.111,-0.098,32.64999961853027,-6.200000286102295,2.8999996185302734,-19.5,100,150,25.399999618530273,29.0,11.25,10.5,11.850000381469728,47.79999923706055,5.650000095367432,15.149999618530272,-5.25,17.1,11.85,7.9,31.7,39.6,2.6499977111816406,48.80000114440918,2,-4.45,38.1,33.65,-9.09999656677246,54.599998474121094,2,7.9,31.7,39.6,7.899997711181641,31.700000762939453,1,-4.45,38.1,33.65,-4.4499969482421875,38.099998474121094,1,-4.65,16.5,11.85,,,,,,,2025,165.0868260249548,296.4114724599483,-4650.000214576721,-5111.498513061624,88012.5002861023
2025-07-02,20250703,0.25/0.05,25533.65,1.24,25700,25400,25900,25150,0.218,-0.243,0.055,-0.054,43.549999713897705,-5.75,5.550000190734863,-24.299999952316284,200,250,25.399999618530273,29.0,5.199999809265137,5.650000095367432,11.850000381469728,47.79999923706055,3.0,7.349999904632568,-5.25,17.1,11.85,7.9,31.7,39.6,2.6499977111816406,48.80000114440918,2,-4.45,38.1,33.65,-9.09999656677246,54.599998474121094,2,7.9,31.7,39.6,7.899997711181641,31.700000762939453,1,-4.45,38.1,33.65,-4.4499969482421875,38.099998474121094,1,-4.65,16.5,11.85,,,,,,,2025,155.5269911815017,281.59652320592545,-4312.5,-4749.623514387427,154837.50021457672
2025-07-03,20250710,0.35/0.15,25513.0,7.24,25700,25400,25950,25100,0.347,-0.361,0.156,-0.155,125.59999465942384,-9.000007629394531,2.6999969482421875,-14.25001335144043,250,300,88.75,104.9499969482422,31.700000762939453,36.400001525878906,65.6500015258789,135.5,22.700000762939453,43.849998474121094,-6.65,107.35,100.7,-5.8,94.4,88.6,-12.45000457763672,201.75,2,-3.9,101.55,97.65,-9.20000457763672,200.3500061035156,2,-2.85,107.3,104.45,-9.500007629394531,214.6500015258789,2,-8.25,105.9,97.65,-13.550003051757812,204.70000457763672,2,-5.3,98.8,93.5,-6.65,107.35,100.7,-5.3,98.8,93.5,2025,543.3107123720449,557.0104744748077,-6750.005722045898,-7850.326908892751,130800.00400543213
2025-07-03,20250710,0.25/0.1,25513.0,7.24,25800,25250,26050,24950,0.26,-0.242,0.107,-0.098,80.20000076293945,-3.75,2.9000015258789062,-10.5,250,300,60.20000076293945,62.099998474121094,20.299999237060547,21.799999237060547,43.599998474121094,79.05000305175781,14.5,24.200000762939453,-7.95,74.4,66.45,3.05,55.6,58.65,-4.900001525878906,130.0,2,-3.2,59.8,56.6,-7.099994659423828,127.99999618530272,2,-5.05,63.5,58.45,-13.000007629394531,137.9000015258789,2,-8.2,63.2,55.0,-12.099994659423828,131.39999771118164,2,-3.9,68.2,64.3,-7.95,74.4,66.45,-3.9,68.2,64.3,2025,410.0515111074312,415.974156625,-2812.5,-3638.525667732431,164849.9994277954
2025-07-03,20250710,0.25/0.05,25513.0,7.24,25800,25250,26250,24700,0.26,-0.242,0.047,-0.047,104.14999961853027,-1.9000020027160645,4.09999942779541,-13.200000762939451,450,550,60.20000076293945,62.099998474121094,7.949999809265137,10.199999809265137,43.599998474121094,79.05000305175781,6.099999904632568,10.5,-7.95,74.4,66.45,3.05,55.6,58.65,-4.900001525878906,130.0,2,-3.2,59.8,56.6,-7.099994659423828,127.99999618530272,2,-5.05,63.5,58.45,-13.000007629394531,137.9000015258789,2,-8.2,63.2,55.0,-12.099994659423828,131.39999771118164,2,-3.9,68.2,64.3,-7.95,74.4,66.45,-3.9,68.2,64.3,2025,357.99440763742314,384.3395418222344,-1425.0015020370483,-2167.335451496706,334387.5002861023
2025-07-04,20250710,0.35/0.15,25395.95,6.24,25550,25300,25800,25000,0.368,-0.37,0.155,-0.145,130.20000076293945,13.850000381469728,14.150001525878906,-1.649993896484375,250,300,91.4499969482422,98.5500030517578,29.25,30.549999237060547,98.75,70.4000015258789,31.850000381469727,20.950000762939453,-10.0,97.45,87.45,28.9,91.1,120.0,18.900001525878903,188.54999542236328,2,9.9,92.9,102.8,-6.5,186.95000457763672,2,18.65,101.35,120.0,8.650001525878906,198.79999542236328,2,-1.75,104.55,102.8,-18.150001525878903,198.6000061035156,2,-16.4,94.05,77.65,-10.0,97.45,87.45,-16.4,94.05,77.65,2025,669.8405095405553,524.8061811019087,10387.500286102297,9192.853595459832,127349.99942779541
2025-07-04,20250710,0.25/0.1,25395.95,6.24,25650,25150,25900,24900,0.269,-0.239,0.104,-0.104,74.95000076293945,7.75,10.650001525878906,-2.200000762939453,250,250,58.70000076293945,55.45000076293945,18.200000762939453,21.0,64.25,36.95000076293945,19.399999618530273,14.600000381469728,-10.0,64.05,54.05,16.45,49.45,65.9,6.450000762939453,113.5,2,5.85,50.35,56.2,-5.6999969482421875,111.3499984741211,2,9.25,56.65,65.9,-0.75,120.70000076293944,2,-2.8,59.0,56.2,-14.349998474121094,120.0,2,-11.55,61.0,49.45,-10.0,64.05,54.05,-11.55,61.0,49.45,2025,467.85812905860087,394.0586751660385,5812.5,4950.583195775361,131287.4994277954
2025-07-04,20250710,0.25/0.05,25395.95,6.24,25650,25150,26100,24700,0.269,-0.239,0.046,-0.053,96.55000162124634,10.600000858306885,14.450002670288086,-3.1999993324279785,450,450,58.70000076293945,55.45000076293945,7.400000095367432,10.199999809265137,64.25,36.95000076293945,7.349999904632568,7.900000095367432,-10.0,64.05,54.05,16.45,49.45,65.9,6.450000762939453,113.5,2,5.85,50.35,56.2,-5.6999969482421875,111.3499984741211,2,9.25,56.65,65.9,-0.75,120.70000076293944,2,-2.8,59.0,56.2,-14.349998474121094,120.0,2,-11.55,61.0,49.45,-10.0,64.05,54.05,-11.55,61.0,49.45,2025,387.65785050003353,366.78679095108055,7950.000643730164,7195.55600227905,265087.49878406525
2025-07-07,20250710,0.35/0.15,25449.85,3.24,25600,25350,25800,25150,0.333,-0.349,0.147,-0.163,86.74999809265137,7.4499969482421875,8.400001525878906,-2.0500030517578125,200,200,67.25,71.0999984741211,23.649999618530273,27.950000762939453,60.04999923706055,65.1500015258789,21.049999237060547,24.850000381469727,3.1,63.35,66.45,-5.55,78.7,73.15,-2.4499969482421875,142.04999542236328,2,-10.6,75.6,65.0,-20.64999771118164,146.0999984741211,2,-5.55,78.7,73.15,-7.150001525878906,146.75,2,-10.6,75.6,65.0,-20.64999771118164,146.0999984741211,2,-10.05,70.5,60.45,-1.6,68.05,66.45,-10.05,70.5,60.45,2025,1178.043851262122,444.8137701296635,5587.497711181641,3964.6400897898548,84937.50143051147
2025-07-07,20250710,0.25/0.1,25449.85,3.24,25700,25250,25900,25000,0.226,-0.242,0.093,-0.091,55.5,5.250000953674316,6.0,-1.850004196166992,200,250,40.25,44.45000076293945,14.100000381469728,15.100000381469728,35.79999923706055,40.04999923706055,12.199999809265137,13.399999618530272,-1.9,38.45,36.55,-6.6,49.25,42.65,-8.5,87.70000076293945,2,-6.95,46.75,39.8,-12.650001525878906,88.79999923706055,2,-6.6,49.25,42.65,-11.450000762939451,90.6500015258789,2,-6.95,46.75,39.8,-12.650001525878906,88.79999923706055,2,-5.7,42.05,36.35,-4.85,41.4,36.55,-5.7,42.05,36.35,2025,723.560115193649,341.7939713704543,3937.5007152557373,2872.146628691634,145875.0
2025-07-07,20250710,0.25/0.05,25449.85,3.24,25700,25250,26050,24850,0.226,-0.242,0.047,-0.053,69.4500002861023,7.050001621246338,8.050000667572021,-2.4500021934509277,350,400,40.25,44.45000076293945,6.650000095367432,8.600000381469727,35.79999923706055,40.04999923706055,5.699999809265137,7.75,-1.9,38.45,36.55,-6.6,49.25,42.65,-8.5,87.70000076293945,2,-6.95,46.75,39.8,-12.650001525878906,88.79999923706055,2,-6.6,49.25,42.65,-11.450000762939451,90.6500015258789,2,-6.95,46.75,39.8,-12.650001525878906,88.79999923706055,2,-5.7,42.05,36.35,-4.85,41.4,36.55,-5.7,42.05,36.35,2025,624.233824163786,324.1376011301911,5287.501215934753,4339.129790640776,247912.49978542328
2025-07-08,20250710,0.35/0.15,25473.05,2.24,25600,25400,25750,25200,0.321,-0.367,0.15,-0.146,74.44999885559082,12.04999542236328,14.849998474121094,-2.1500015258789062,150,200,51.599998474121094,63.150001525878906,19.700000762939453,20.600000381469727,49.650001525878906,43.150001525878906,17.149999618530273,13.25,-1.5,36.8,35.3,-7.3,71.25,63.95,-8.800003051757812,108.04999923706056,2,-12.55,67.9,55.35,-2.5500030517578125,107.5500030517578,2,-7.3,71.25,63.95,-7.3000030517578125,71.25,1,-12.55,67.9,55.35,-12.550003051757812,67.9000015258789,1,10.0,39.65,49.65,,,,,,,2025,527.087305433977,388.39657138618276,9037.49656677246,8122.012689952299,94162.50085830688
2025-07-08,20250710,0.25/0.1,25473.05,2.24,25650,25300,25850,25100,0.254,-0.236,0.087,-0.091,50.50000095367432,8.65000057220459,14.400001049041748,-1.0500001907348633,200,200,37.650001525878906,35.79999923706055,10.699999809265137,12.25,35.29999923706055,23.450000762939453,8.75,8.149999618530273,7.95,27.35,35.3,-8.9,41.45,32.55,-0.950002670288086,68.80000114440918,2,-7.9,37.5,29.6,-0.6000003814697266,65.5,2,-8.9,41.45,32.55,-8.900001525878906,41.45000076293945,1,-7.9,37.5,29.6,-7.899999618530273,37.5,1,7.3,28.0,35.3,,,,,,,2025,392.76909493134747,312.6525026169543,6487.500429153442,5782.07883160514,112124.99928474426
2025-07-08,20250710,0.25/0.05,25473.05,2.24,25650,25300,25950,24950,0.254,-0.236,0.051,-0.047,61.100000858306885,11.900001049041748,18.900001049041748,-1.4000005722045898,300,350,37.650001525878906,35.79999923706055,6.0,6.349999904632568,35.29999923706055,23.450000762939453,4.75,4.800000190734863,7.95,27.35,35.3,-8.9,41.45,32.55,-0.950002670288086,68.80000114440918,2,-7.9,37.5,29.6,-0.6000003814697266,65.5,2,-8.9,41.45,32.55,-8.900001525878906,41.45000076293945,1,-7.9,37.5,29.6,-7.899999618530273,37.5,1,7.3,28.0,35.3,,,,,,,2025,375.93488506109736,301.24141053375604,8925.000786781311,8247.824491186459,216674.99935626984
2025-07-09,20250710,0.35/0.15,25485.3,1.24,25550,25450,25700,25300,0.375,-0.401,0.141,-0.15,66.19999980926514,6.899999618530273,7.09999942779541,-4.65000057220459,150,150,47.099998474121094,47.400001525878906,13.75,14.550000190734863,44.150001525878906,44.849998474121094,14.199999809265137,15.5,1.3,64.75,66.05,-0.9,31.8,30.9,0.4000053405761719,96.54999923706056,2,-2.75,33.25,30.5,-15.10000228881836,104.6500015258789,2,2.25,51.55,53.8,3.5500030517578125,116.29999923706056,2,-17.9,62.75,44.85,-30.250003814697266,134.1500015258789,2,-12.35,71.4,59.05,1.3,64.75,66.05,-12.35,71.4,59.05,2025,895.5501927406275,360.7403581112404,5174.999713897705,3918.709163045837,62850.00014305115
2025-07-09,20250710,0.25/0.1,25485.3,1.24,25600,25350,25750,25250,0.277,-0.211,0.1,-0.106,33.10000038146973,3.0,3.5,-9.300000190734863,150,100,31.149999618530273,21.200000762939453,9.399999618530272,9.850000381469728,29.350000381469727,21.75,10.0,11.0,-1.8,45.4,43.6,9.25,15.75,25.0,7.4499969482421875,61.150001525878906,2,-1.2,15.8,14.6,-11.100001335144045,64.45000171661377,2,1.8,23.2,25.0,-3.814697265625e-06,68.60000228881836,2,0.15,21.6,21.75,-9.750001907348633,70.25000190734863,2,-9.9,48.65,38.75,-1.8,45.4,43.6,-9.9,48.65,38.75,2025,469.7071160450186,290.7076498852597,2250.0,1489.5852340697215,87674.9997138977
2025-07-09,20250710,0.25/0.05,25485.3,1.24,25600,25350,25850,25150,0.277,-0.211,0.051,-0.056,42.60000038146973,2.8000001907348633,3.650000095367432,-12.450000286102297,250,200,31.149999618530273,21.200000762939453,4.599999904632568,5.150000095367432,29.350000381469727,21.75,5.150000095367432,6.150000095367432,-1.8,45.4,43.6,9.25,15.75,25.0,7.4499969482421875,61.150001525878906,2,-1.2,15.8,14.6,-11.100001335144045,64.45000171661377,2,1.8,23.2,25.0,-3.814697265625e-06,68.60000228881836,2,0.15,21.6,21.75,-9.750001907348633,70.25000190734863,2,-9.9,48.65,38.75,-1.8,45.4,43.6,-9.9,48.65,38.75,2025,428.8083632784292,277.16465048845436,2100.0001430511475,1394.027129284264,155549.9997138977
2025-07-10,20250717,0.35/0.15,25445.3,7.24,25600,25350,25850,25050,0.37,-0.366,0.158,-0.146,125.899995803833,-1.7499980926513672,5.699993133544922,-10.350006103515623,250,300,90.9499969482422,96.3499984741211,30.100000381469727,31.299999237060547,59.349998474121094,127.6999969482422,19.0,40.400001525878906,-6.7,75.8,69.1,-1.35,115.0,113.65,-8.050003051757812,190.8000030517578,2,-10.1,124.5,114.4,-21.70000457763672,201.5500030517578,2,-1.35,115.0,113.65,-1.3499984741210938,115.0,1,-10.1,124.5,114.4,-10.099998474121094,124.5,1,-11.6,77.05,65.45,,,,,,,2025,318.606436137078,535.5485413985721,-1312.4985694885254,-2166.653547024175,130575.00314712524
2025-07-10,20250717,0.25/0.1,25445.3,7.24,25750,25200,25950,24950,0.229,-0.236,0.106,-0.106,61.75000190734863,-1.899996757507324,4.4000043869018555,-9.25,200,250,47.5,54.900001525878906,18.649999618530273,22.0,30.149999618530273,73.0,12.300000190734863,27.200000762939453,-7.35,39.4,32.05,-5.4,69.4,64.0,-12.750003814697266,108.8000030517578,2,-8.4,74.3,65.9,-15.549999237060549,115.4000015258789,2,-5.4,69.4,64.0,-5.400001525878906,69.4000015258789,1,-8.4,74.3,65.9,-8.400001525878906,74.30000305175781,1,-7.15,41.1,33.95,,,,,,,2025,203.4791597504781,388.5489977337909,-1424.997568130493,-2017.025725614762,141187.49856948853
2025-07-10,20250717,0.25/0.05,25445.3,7.24,25750,25200,26150,24700,0.229,-0.236,0.047,-0.05,84.65000104904175,-0.7999982833862305,7.750001907348633,-13.900000095367432,400,500,47.5,54.900001525878906,7.650000095367432,10.100000381469728,30.149999618530273,73.0,5.599999904632568,12.100000381469728,-7.35,39.4,32.05,-5.4,69.4,64.0,-12.750003814697266,108.8000030517578,2,-8.4,74.3,65.9,-15.549999237060549,115.4000015258789,2,-5.4,69.4,64.0,-5.400001525878906,69.4000015258789,1,-8.4,74.3,65.9,-8.400001525878906,74.30000305175781,1,-7.15,41.1,33.95,,,,,,,2025,193.1568553951903,357.5886974625673,-599.9987125396729,-1150.7442653974304,311512.4992132187
2025-07-11,20250717,0.35/0.15,25300.2,6.24,25450,25200,25650,24950,0.348,-0.342,0.159,-0.136,94.25,-10.249999046325684,1.2500019073486328,-20.299999237060547,200,250,70.94999694824219,73.80000305175781,26.350000381469727,24.149999618530273,39.95000076293945,121.3499984741211,15.550000190734863,41.25,-9.7,47.65,37.95,33.1,80.9,114.0,23.39999771118164,128.5500030517578,2,17.35,104.0,121.35,15.54999542236328,146.4000015258789,2,33.1,80.9,114.0,33.099998474121094,80.9000015258789,1,17.35,104.0,121.35,17.349998474121094,104.0,1,-1.8,42.4,40.6,,,,,,,2025,729.0125699705768,475.06779537045435,-7687.499284744263,-8891.579650085294,116812.5
2025-07-11,20250717,0.25/0.1,25300.2,6.24,25550,25100,25750,24850,0.24,-0.24,0.103,-0.094,57.849998474121094,-8.900003433227539,0.4499988555908203,-20.35000228881836,200,250,43.599998474121094,46.75,16.149999618530273,16.350000381469727,24.75,79.1500015258789,10.0,27.149999618530273,-5.1,29.85,24.75,21.1,51.75,72.85,15.999998092651367,81.60000038146973,2,14.7,67.45,82.15,13.65000343322754,93.64999771118164,2,21.1,51.75,72.85,21.099998474121097,51.75,1,14.7,67.45,82.15,14.70000457763672,67.44999694824219,1,-1.05,26.2,25.15,,,,,,,2025,462.37429668270977,370.70839793353366,-6675.002574920654,-7508.085269536898,144112.50114440918
2025-07-11,20250717,0.25/0.05,25300.2,6.24,25550,25100,25900,24650,0.24,-0.24,0.054,-0.049,73.74999904632568,-11.400002479553224,0.6999988555908203,-27.40000343322754,350,450,43.599998474121094,46.75,7.949999809265137,8.649999618530273,24.75,79.1500015258789,5.300000190734863,13.449999809265137,-5.1,29.85,24.75,21.1,51.75,72.85,15.999998092651367,81.60000038146973,2,14.7,67.45,82.15,13.65000343322754,93.64999771118164,2,21.1,51.75,72.85,21.099998474121097,51.75,1,14.7,67.45,82.15,14.70000457763672,67.44999694824219,1,-1.05,26.2,25.15,,,,,,,2025,445.13390375746246,345.7349834966178,-8550.001859664919,-9340.870746918998,282187.50071525574
2025-07-14,20250717,0.35/0.15,25087.5,3.24,25200,25000,25450,24800,0.37,-0.357,0.138,-0.162,93.90000534057616,7.800010681152344,10.15000343322754,-3.69999885559082,250,200,73.1500015258789,69.30000305175781,22.049999237060547,26.5,77.69999694824219,48.54999923706055,22.950000762939453,17.200000762939453,-9.45,89.05,79.6,-0.4,61.95,61.55,-9.85000228881836,151.0000038146973,2,1.5,70.6,72.1,-11.349998474121094,131.6999969482422,2,-9.5,69.9,60.4,-18.95000457763672,158.95000457763672,2,1.5,70.6,72.1,-1.0,150.79999542236328,2,-12.85,61.1,48.25,-9.45,89.05,79.6,-2.5,80.2,77.7,2025,283.97948571894676,442.3803386557884,5850.008010864258,5123.648186489523,117074.99599456787
2025-07-14,20250717,0.25/0.1,25087.5,3.24,25300,24900,25550,24700,0.254,-0.243,0.091,-0.107,56.54999923706055,5.499998092651367,7.350000381469727,-2.8000011444091797,250,200,44.900001525878906,42.349998474121094,13.850000381469728,16.850000381469727,47.20000076293945,28.75,14.149999618530272,10.75,-9.95,45.7,35.75,4.65,38.0,42.65,-5.299999237060547,83.70000076293945,2,-0.35,43.0,42.65,-7.749996185302734,80.8499984741211,2,-0.35,43.0,42.65,-10.299999237060549,88.70000076293945,2,-0.35,43.0,42.65,-2.3499984741210938,92.20000076293944,2,-7.4,37.85,30.45,-9.95,45.7,35.75,-2.0,49.2,47.2,2025,194.2559151147413,344.30534450909136,4124.998569488525,3586.437309864693,145087.5005722046
2025-07-14,20250717,0.25/0.05,25087.5,3.24,25300,24900,25700,24500,0.254,-0.243,0.049,-0.052,71.69999980926514,8.299999237060547,10.450000286102297,-3.6499996185302734,400,400,44.900001525878906,42.349998474121094,7.25,8.300000190734863,47.20000076293945,28.75,7.050000190734863,5.5,-9.95,45.7,35.75,4.65,38.0,42.65,-5.299999237060547,83.70000076293945,2,-0.35,43.0,42.65,-7.749996185302734,80.8499984741211,2,-0.35,43.0,42.65,-10.299999237060549,88.70000076293945,2,-0.35,43.0,42.65,-2.3499984741210938,92.20000076293944,2,-7.4,37.85,30.45,-9.95,45.7,35.75,-2.0,49.2,47.2,2025,200.06977555006102,326.0305186753702,6224.99942779541,5698.899133569978,246225.00014305115
2025-07-15,20250717,0.35/0.15,25095.7,2.24,25200,25000,25350,24850,0.347,-0.322,0.168,-0.156,60.35000038146973,2.2499990463256836,5.649997711181641,-18.04999542236328,150,150,54.75,48.900001525878906,22.350000381469727,20.950000762939453,68.6500015258789,22.649999618530273,24.399999618530273,8.800000190734863,52.8,61.4,114.2,2.1,20.55,22.65,54.89999580383301,81.95000076293945,2,2.4,20.25,22.65,36.80000114440918,89.3499984741211,2,,,,52.79999542236328,61.400001525878906,1,,,,34.400001525878906,69.0999984741211,1,34.4,69.1,103.5,52.8,61.4,114.2,34.4,69.1,103.5,2025,920.0945174149479,380.06110917058425,1687.4992847442627,387.3436581587306,67237.4997138977
2025-07-15,20250717,0.25/0.1,25095.7,2.24,25250,24950,25450,24750,0.275,-0.256,0.103,-0.092,52.349998474121094,6.349998950958252,6.899999618530273,-20.699999809265137,200,200,40.04999923706055,37.04999923706055,13.100000381469728,11.649999618530272,47.54999923706055,16.5,13.149999618530272,4.900000095367432,41.0,45.0,86.0,-0.7,17.2,16.5,40.29999923706055,62.20000076293945,2,1.35,15.15,16.5,28.80000114440918,65.44999885559082,2,,,,41.0,45.0,1,,,,27.450000762939453,50.29999923706055,1,27.45,50.3,77.75,41.0,45.0,86.0,27.45,50.3,77.75,2025,601.5525039215055,320.1646235369098,4762.499213218689,3840.7820857602737,110737.50114440918
2025-07-15,20250717,0.25/0.05,25095.7,2.24,25250,24950,25600,24650,0.275,-0.256,0.05,-0.054,64.29999876022339,8.999999523162842,9.299999713897703,-28.549999237060547,350,300,40.04999923706055,37.04999923706055,6.199999809265137,6.599999904632568,47.54999923706055,16.5,5.599999904632568,3.1500000953674316,41.0,45.0,86.0,-0.7,17.2,16.5,40.29999923706055,62.20000076293945,2,1.35,15.15,16.5,28.80000114440918,65.44999885559082,2,,,,41.0,45.0,1,,,,27.450000762939453,50.29999923706055,1,27.45,50.3,77.75,41.0,45.0,86.0,27.45,50.3,77.75,2025,540.6012412543239,306.2200818700493,6749.999642372131,5903.178319247758,214275.00092983246
2025-07-16,20250717,0.35/0.15,25151.85,1.24,25200,25100,25350,24950,0.401,-0.363,0.155,-0.136,60.69999980926514,1.1000022888183594,6.650001525878906,-9.40000295639038,150,150,47.70000076293945,41.349998474121094,15.149999618530272,13.199999809265137,68.3499984741211,16.399999618530273,18.950000762939453,6.199999809265137,-9.45,45.6,36.15,-3.5,43.6,40.1,-12.949996948242188,89.19999694824219,2,-16.85,50.1,33.25,-6.849998474121094,96.29999923706056,2,-3.5,43.6,40.1,3.8999977111816406,92.39999771118164,2,-16.85,50.1,33.25,-26.849994659423828,116.29999542236328,2,10.0,46.2,56.2,7.4,48.8,56.2,-10.0,66.2,56.2,2025,611.8306492380066,348.668235109149,825.0017166137695,-135.49716773338605,66975.00014305115
2025-07-16,20250717,0.25/0.1,25151.85,1.24,25300,25050,25400,24900,0.216,-0.266,0.111,-0.096,30.700000762939453,8.000002384185791,8.000002384185791,-1.899998664855957,100,150,22.200000762939453,28.100000381469727,10.550000190734863,9.050000190734863,28.799999237060547,11.399999618530272,12.850000381469728,4.650000095367432,2.2,20.45,22.65,-5.35,30.15,24.8,-3.1499996185302734,50.60000038146973,2,-12.35,34.5,22.15,-8.649999618530273,55.25,2,-5.35,30.15,24.8,-6.549999237060547,54.0,2,-12.35,34.5,22.15,-20.55000114440918,67.1500015258789,2,3.7,20.75,24.45,-1.2,23.85,22.65,-8.2,32.65,24.45,2025,422.4995157763517,281.23103526941463,6000.001788139343,5296.271237093577,89474.99942779541
2025-07-16,20250717,0.25/0.05,25151.85,1.24,25300,25050,25500,24800,0.216,-0.266,0.057,-0.049,40.65000104904175,9.200002193450928,9.200002193450928,-1.7499980926513672,200,250,22.200000762939453,28.100000381469727,5.25,4.400000095367432,28.799999237060547,11.399999618530272,5.900000095367432,2.8499999046325684,2.2,20.45,22.65,-5.35,30.15,24.8,-3.1499996185302734,50.60000038146973,2,-12.35,34.5,22.15,-8.649999618530273,55.25,2,-5.35,30.15,24.8,-6.549999237060547,54.0,2,-12.35,34.5,22.15,-20.55000114440918,67.1500015258789,2,3.7,20.75,24.45,-1.2,23.85,22.65,-8.2,32.65,24.45,2025,388.9401375454843,268.54807281477525,6900.001645088196,6242.513434727936,157012.4992132187
2025-07-17,20250724,0.35/0.15,25186.4,7.24,25350,25100,25550,24850,0.345,-0.364,0.164,-0.162,100.70000267028809,-1.9500007629394531,2.450000762939453,-6.949991226196289,200,250,74.1500015258789,88.0,28.899999618530273,32.54999923706055,55.75,106.4000015258789,20.899999618530273,38.599998474121094,2.05,70.0,72.05,11.0,90.8,101.8,13.050003051757812,160.8000030517578,2,-15.65,103.8,88.15,-19.050003051757812,176.4000015258789,2,11.0,90.8,101.8,8.450004577636719,165.4000015258789,2,-15.65,103.8,88.15,-27.25000762939453,184.6000061035156,2,-3.4,72.6,69.2,-2.55,74.6,72.05,-11.6,80.8,69.2,2025,304.7321464905584,500.46717859748077,-1462.5005722045898,-2267.699897292629,111974.99799728394
2025-07-17,20250724,0.25/0.1,25186.4,7.24,25450,25000,25650,24700,0.241,-0.267,0.108,-0.098,67.80000114440918,-4.400002479553223,2.6000022888183594,-9.749996185302734,200,300,45.95000076293945,58.650001525878906,17.850000381469727,18.950000762939453,34.150001525878906,72.05000305175781,12.800000190734863,21.200000762939453,-4.75,46.3,41.55,7.0,60.8,67.8,2.2500038146972656,107.0999984741211,2,-10.9,70.6,59.7,-13.64999771118164,115.9499969482422,2,7.0,60.8,67.8,2.2500038146972656,107.0999984741211,2,-10.9,70.6,59.7,-18.89999771118164,121.1999969482422,2,-2.75,45.35,42.6,-4.75,46.3,41.55,-8.0,50.6,42.6,2025,276.4199222442998,384.7631661873632,-3300.001859664917,-3961.1849480965802,174149.99914169312
2025-07-17,20250724,0.25/0.05,25186.4,7.24,25450,25000,25850,24450,0.241,-0.267,0.049,-0.047,87.95000171661377,-3.700003147125244,3.800002098083496,-13.099995136260986,400,550,45.95000076293945,58.650001525878906,7.550000190734863,9.100000381469728,34.150001525878906,72.05000305175781,5.650000095367432,8.899999618530273,-4.75,46.3,41.55,7.0,60.8,67.8,2.2500038146972656,107.0999984741211,2,-10.9,70.6,59.7,-13.64999771118164,115.9499969482422,2,7.0,60.8,67.8,2.2500038146972656,107.0999984741211,2,-10.9,70.6,59.7,-18.89999771118164,121.1999969482422,2,-2.75,45.35,42.6,-4.75,46.3,41.55,-8.0,50.6,42.6,2025,252.11591484482182,357.2353998732922,-2775.002360343933,-3384.353675062047,346537.4987125397
2025-07-18,20250724,0.35/0.15,25034.8,6.24,25200,24950,25400,24700,0.34,-0.355,0.157,-0.144,94.75,-0.7999992370605469,0.4500045776367187,-19.599994659423828,200,250,73.1500015258789,74.3499984741211,27.100000381469727,25.649999618530273,52.5,97.4499969482422,20.299999237060547,34.099998474121094,-1.0,53.45,52.45,42.2,79.75,121.95,41.19999694824219,133.20000076293945,2,-11.1,123.45,112.35,-13.450000762939451,177.0999984741211,2,42.2,79.75,121.95,42.19999694824219,79.75,1,-11.1,123.45,112.35,-11.099998474121094,123.4499969482422,1,-2.35,53.65,51.3,,,,,,,2025,562.7523340023627,472.3664438307019,-599.9994277954102,-1635.1182056284747,116437.5
2025-07-18,20250724,0.25/0.1,25034.8,6.24,25300,24850,25500,24600,0.235,-0.25,0.104,-0.099,58.650001525878906,-2.749997138977051,0.3500022888183594,-18.350000381469727,200,250,44.45000076293945,48.150001525878906,16.75,17.200000762939453,32.70000076293945,64.3499984741211,12.949999809265137,22.700000762939453,-2.25,34.95,32.7,29.75,52.45,82.2,27.499996185302734,87.4000015258789,2,-8.95,84.1,75.15,-10.94999885559082,118.0,2,29.75,52.45,82.2,29.749996185302734,52.45000076293945,1,-8.95,84.1,75.15,-8.949996948242188,84.0999984741211,1,-2.0,33.9,31.9,,,,,,,2025,396.0822512757568,369.68313892292065,-2062.497854232788,-2828.2632444314654,143512.49885559082
2025-07-18,20250724,0.25/0.05,25034.8,6.24,25300,24850,25650,24400,0.235,-0.25,0.055,-0.051,75.50000190734863,-3.599997043609619,0.6500015258789062,-25.64999723434448,350,450,44.45000076293945,48.150001525878906,8.350000381469727,8.75,32.70000076293945,64.3499984741211,6.849999904632568,11.100000381469728,-2.25,34.95,32.7,29.75,52.45,82.2,27.499996185302734,87.4000015258789,2,-8.95,84.1,75.15,-10.94999885559082,118.0,2,29.75,52.45,82.2,29.749996185302734,52.45000076293945,1,-8.95,84.1,75.15,-8.949996948242188,84.0999984741211,1,-2.0,33.9,31.9,,,,,,,2025,353.6353176309485,345.13451746425847,-2699.9977827072144,-3398.7676178024212,280874.9985694885
2025-07-21,20250724,0.35/0.15,24952.3,3.24,25100,24850,25300,24650,0.323,-0.33,0.144,-0.136,75.79999732971191,-1.7000017166137695,7.749996185302734,-14.25,200,200,59.849998474121094,58.849998474121094,22.649999618530273,20.25,95.0,24.299999237060547,31.600000381469727,10.199999809265137,-2.65,106.55,103.9,-1.05,33.7,32.65,-3.700000762939453,140.2500038146973,2,-7.55,39.2,31.65,-35.950002670288086,146.45000076293945,2,,,,-2.6500015258789062,106.5500030517578,1,,,,-28.400001525878903,107.25,1,-28.4,107.25,78.85,-2.65,106.55,103.9,-28.4,107.25,78.85,2025,367.264288023906,414.58003541546867,-1275.0012874603271,-2056.8456108997016,93150.00200271606
2025-07-21,20250724,0.25/0.1,24952.3,3.24,25150,24800,25400,24600,0.267,-0.269,0.092,-0.109,62.69999980926514,-2.900003433227539,7.30000114440918,-16.65000343322754,250,200,47.20000076293945,45.04999923706055,13.75,15.800000190734863,73.05000305175781,19.200000762939453,18.100000381469727,8.550000190734863,-5.85,86.05,80.2,-2.95,26.45,23.5,-8.800006866455078,112.50000381469728,2,-5.75,30.2,24.45,-29.04999542236328,114.39999771118164,2,,,,-5.850006103515625,86.05000305175781,1,,,,-23.29999542236328,84.19999694824219,1,-23.3,84.2,60.9,-5.85,86.05,80.2,-23.3,84.2,60.9,2025,262.34485089911834,356.61434981272123,-2175.0025749206543,-2793.9617756324938,140475.00014305115
2025-07-21,20250724,0.25/0.05,24952.3,3.24,25150,24800,25550,24400,0.267,-0.269,0.048,-0.047,78.7999997138977,-1.050004482269287,10.750000953674316,-19.950003147125244,400,400,47.20000076293945,45.04999923706055,6.800000190734863,6.650000095367432,73.05000305175781,19.200000762939453,7.699999809265137,4.699999809265137,-5.85,86.05,80.2,-2.95,26.45,23.5,-8.800006866455078,112.50000381469728,2,-5.75,30.2,24.45,-29.04999542236328,114.39999771118164,2,,,,-5.850006103515625,86.05000305175781,1,,,,-23.29999542236328,84.19999694824219,1,-23.3,84.2,60.9,-5.85,86.05,80.2,-23.3,84.2,60.9,2025,228.83059744513872,335.99446990396524,-787.5033617019653,-1352.3284290510692,240900.00021457672
2025-07-22,20250724,0.35/0.15,25110.65,2.24,25200,25050,25350,24850,0.356,-0.364,0.156,-0.132,67.69999885559082,7.099997520446777,10.200000762939451,-7.750003814697266,150,200,50.900001525878906,51.349998474121094,18.350000381469727,16.200000762939453,28.649999618530273,56.150001525878906,9.449999809265137,14.75,-7.0,50.4,43.4,-7.9,59.9,52.0,-14.900001525878906,110.3000030517578,2,3.95,54.05,58.0,-1.0999984741210938,95.79999923706056,2,-7.9,59.9,52.0,-16.25,111.6500015258789,2,3.95,54.05,58.0,3.950000762939453,54.04999923706055,1,-5.05,41.75,36.7,-8.35,51.75,43.4,,,,2025,428.02122559708073,363.8298834700264,5324.998140335083,4533.147031267976,99225.00085830688
2025-07-22,20250724,0.25/0.1,25110.65,2.24,25250,24950,25450,24800,0.275,-0.219,0.087,-0.103,41.80000019073486,9.800000190734863,11.09999942779541,-1.0000019073486328,200,150,36.0,27.950000762939453,9.600000381469728,12.550000190734863,19.350000381469727,28.549999237060547,5.199999809265137,10.699999809265137,-7.65,35.85,28.2,-9.05,32.65,23.6,-16.69999885559082,68.49999809265137,2,1.3,28.35,29.65,-2.5500011444091797,57.45000076293945,2,-9.05,32.65,23.6,-17.80000114440918,69.60000038146973,2,1.3,28.35,29.65,1.2999992370605469,28.350000381469727,1,-3.85,29.1,25.25,-8.75,36.95,28.2,,,,2025,286.80713584612494,297.53091792082455,7350.0001430511475,6765.662089284198,118649.99985694885
2025-07-22,20250724,0.25/0.05,25110.65,2.24,25250,24950,25550,24650,0.275,-0.219,0.049,-0.051,52.45000076293945,11.900001287460327,14.15000033378601,-2.950000286102295,300,300,36.0,27.950000762939453,5.199999809265137,6.300000190734863,19.350000381469727,28.549999237060547,3.200000047683716,4.150000095367432,-7.65,35.85,28.2,-9.05,32.65,23.6,-16.69999885559082,68.49999809265137,2,1.3,28.35,29.65,-2.5500011444091797,57.45000076293945,2,-9.05,32.65,23.6,-17.80000114440918,69.60000038146973,2,1.3,28.35,29.65,1.2999992370605469,28.350000381469727,1,-3.85,29.1,25.25,-8.75,36.95,28.2,,,,2025,269.1014994850651,284.8245436863047,8925.000965595245,8371.074922423875,185662.4994277954
2025-07-23,20250724,0.35/0.15,25100.35,1.24,25150,25050,25300,24900,0.393,-0.356,0.133,-0.126,58.69999980926514,-19.80000114440918,4.949997901916504,-20.099996089935303,150,150,44.349998474121094,37.150001525878906,11.5,11.300000190734863,97.1500015258789,9.550000190734863,23.950000762939453,4.25,2.95,47.85,50.8,-7.85,26.8,18.95,-4.899997711181641,74.64999771118164,2,,,,12.700000762939451,53.29999923706055,1,,,,2.950000762939453,47.849998474121094,1,,,,12.700000762939451,53.29999923706055,1,12.7,53.3,66.0,2.95,47.85,50.8,12.7,53.3,66.0,2025,366.74695382051294,349.41461105712983,-14850.000858306885,-15566.162423184527,68475.00014305115
2025-07-23,20250724,0.25/0.1,25100.35,1.24,25200,25000,25350,24850,0.283,-0.256,0.089,-0.087,38.69999885559082,-14.900002479553224,3.399998664855957,-14.900002479553224,150,150,28.549999237060547,25.149999618530273,7.349999904632568,7.650000095367432,64.1500015258789,7.099999904632568,14.25,3.4000000953674316,-1.3,31.55,30.25,-9.05,18.4,9.35,-10.349998474121094,49.94999885559082,2,,,,7.350002288818359,34.29999923706055,1,,,,-1.2999992370605469,31.549999237060547,1,,,,7.350002288818359,34.29999923706055,1,7.35,34.3,41.65,-1.3,31.55,30.25,7.35,34.3,41.65,2025,269.1806433031874,293.9484231656923,-11175.001859664919,-11738.130926133797,83475.00085830688
2025-07-23,20250724,0.25/0.05,25100.35,1.24,25200,25000,25450,24750,0.283,-0.256,0.042,-0.042,46.69999885559082,-17.200002670288086,5.149998903274536,-17.200002670288086,250,250,28.549999237060547,25.149999618530273,3.4000000953674316,3.5999999046325684,64.1500015258789,7.099999904632568,4.849999904632568,2.5,-1.3,31.55,30.25,-9.05,18.4,9.35,-10.349998474121094,49.94999885559082,2,,,,7.350002288818359,34.29999923706055,1,,,,-1.2999992370605469,31.549999237060547,1,,,,7.350002288818359,34.29999923706055,1,7.35,34.3,41.65,-1.3,31.55,30.25,7.35,34.3,41.65,2025,253.502433006953,280.2729663124976,-12900.002002716064,-13433.777402035515,152475.00085830688
2025-07-24,20250731,0.35/0.15,25190.25,7.24,25350,25100,25550,24850,0.343,-0.347,0.157,-0.144,92.10000038146973,-10.450003623962402,1.599994659423828,-26.849998474121097,200,250,70.19999694824219,74.30000305175781,26.100000381469727,26.299999237060547,38.150001525878906,121.3000030517578,14.699999809265137,42.20000076293945,-8.15,64.75,56.6,-8.6,86.5,77.9,-16.75,151.25,2,46.8,91.9,138.7,41.29999542236328,137.25,2,-8.6,86.5,77.9,-8.599998474121094,86.5,1,46.8,91.9,138.7,46.79999542236328,91.9000015258789,1,-5.5,45.35,39.85,,,,,,,2025,500.4562550934975,474.9248899021564,-7837.502717971802,-8812.883862967456,118424.9997138977
2025-07-24,20250731,0.25/0.1,25190.25,7.24,25450,25000,25650,24750,0.236,-0.247,0.102,-0.102,57.04999923706055,-9.250001907348633,1.8500003814697263,-27.499998092651367,200,250,42.849998474121094,48.70000076293945,16.0,18.5,23.299999237060547,80.4000015258789,9.399999618530272,28.0,-5.3,28.6,23.3,50.1,57.4,107.5,44.799997329711914,86.00000190734863,2,34.25,61.15,95.4,30.94999885559082,90.10000228881836,2,50.1,57.4,107.5,50.099998474121094,57.400001525878906,1,34.25,61.15,95.4,34.25,61.150001525878906,1,-3.3,28.95,25.65,,,,,,,2025,344.78920721142384,372.86120636357214,-6937.501430511475,-7655.15184408647,144712.5005722046
2025-07-24,20250731,0.25/0.05,25190.25,7.24,25450,25000,25800,24500,0.236,-0.247,0.055,-0.05,73.89999961853027,-12.000001430511476,2.6000003814697266,-40.69999980926514,350,500,42.849998474121094,48.70000076293945,8.149999618530273,9.5,23.299999237060547,80.4000015258789,5.349999904632568,12.449999809265137,-5.3,28.6,23.3,50.1,57.4,107.5,44.799997329711914,86.00000190734863,2,34.25,61.15,95.4,30.94999885559082,90.10000228881836,2,50.1,57.4,107.5,50.099998474121094,57.400001525878906,1,34.25,61.15,95.4,34.25,61.150001525878906,1,-3.3,28.95,25.65,,,,,,,2025,337.96172921358266,346.2884668612993,-9000.001072883608,-9684.25126895849,319575.0002861023
2025-07-25,20250731,0.35/0.15,24923.8,6.24,25050,24800,25300,24600,0.376,-0.324,0.146,-0.16,96.0999984741211,5.750003814697266,6.600004196166992,-4.849998474121094,250,200,79.19999694824219,71.6500015258789,24.299999237060547,30.450000762939453,51.099998474121094,96.4499969482422,17.450000762939453,39.75,-4.55,67.45,62.9,11.35,72.65,84.0,6.8000030517578125,140.0999984741211,2,-6.9,92.0,85.1,-16.25,158.0,2,11.35,72.65,84.0,11.349998474121094,72.6500015258789,1,-6.9,92.0,85.1,-6.900001525878906,92.0,1,-9.35,66.0,56.65,,,,,,,2025,959.8809416938559,478.7830665657787,4312.502861022949,2873.8388527633147,115425.00114440918
2025-07-25,20250731,0.25/0.1,24923.8,6.24,25150,24700,25400,24450,0.265,-0.231,0.097,-0.094,63.80000114440918,2.0000009536743164,3.8500022888183594,-8.649998664855957,250,250,49.650001525878906,46.70000076293945,15.350000381469728,17.200000762939453,33.0,61.75,11.949999809265137,21.0,-6.55,43.25,36.7,14.0,47.35,61.35,7.450000762939453,90.5999984741211,2,-5.35,60.6,55.25,-11.29999542236328,103.1999969482422,2,14.0,47.35,61.35,14.0,47.349998474121094,1,-5.35,60.6,55.25,-5.349998474121094,60.599998474121094,1,-5.95,42.6,36.65,,,,,,,2025,646.6314772846496,369.55177592175244,1500.0007152557373,483.8174620493353,139649.99914169312
2025-07-25,20250731,0.25/0.05,24923.8,6.24,25150,24700,25550,24250,0.265,-0.231,0.053,-0.049,79.30000305175781,2.100003242492676,4.350002765655518,-12.349995613098145,400,450,49.650001525878906,46.70000076293945,8.149999618530273,8.899999618530273,33.0,61.75,7.050000190734863,10.5,-6.55,43.25,36.7,14.0,47.35,61.35,7.450000762939453,90.5999984741211,2,-5.35,60.6,55.25,-11.29999542236328,103.1999969482422,2,14.0,47.35,61.35,14.0,47.349998474121094,1,-5.35,60.6,55.25,-5.349998474121094,60.599998474121094,1,-5.95,42.6,36.65,,,,,,,2025,558.3632080906204,347.9094677337909,1575.0024318695068,668.7297560450954,278024.99771118164
2025-07-28,20250731,0.35/0.15,24793.9,3.24,24950,24700,25150,24500,0.33,-0.339,0.155,-0.147,78.80000114440918,-4.4499969482421875,7.450002670288086,-16.049997329711914,200,200,68.30000305175781,59.599998474121094,26.600000381469727,22.5,35.5,101.0999984741211,15.350000381469728,38.0,15.6,80.4,96.0,16.95,43.1,60.05,32.55000305175781,123.5,2,-12.7,67.0,54.3,-16.150001525878906,105.95000076293944,2,-5.15,64.95,59.8,10.450000762939451,145.35000228881836,2,-12.7,67.0,54.3,-12.700000762939451,67.0,1,-3.45,38.95,35.5,15.6,80.4,96.0,,,,2025,1294.6779019624285,444.6244438703365,-3337.4977111816406,-5076.800057014405,90899.99914169312
2025-07-28,20250731,0.25/0.1,24793.9,3.24,25050,24600,25250,24400,0.229,-0.225,0.103,-0.096,47.50000095367432,-3.8000001907348633,5.000000953674316,-13.34999942779541,200,200,42.400001525878906,36.25,16.700000762939453,14.449999809265137,23.25,61.900001525878906,10.600000381469728,23.25,6.75,51.2,57.95,6.45,27.45,33.9,13.199996948242188,78.6500015258789,2,-8.65,41.1,32.45,-10.949996948242188,66.64999771118164,2,-7.4,40.4,33.0,-0.6500053405761719,91.60000228881836,2,-8.65,41.1,32.45,-8.64999771118164,41.099998474121094,1,-2.3,25.55,23.25,6.75,51.2,57.95,,,,2025,815.2517546205162,347.93822714073326,-2850.0001430511475,-4013.190124812397,114374.99928474426
2025-07-28,20250731,0.25/0.05,24793.9,3.24,25050,24600,25450,24250,0.229,-0.225,0.046,-0.054,63.70000171661377,-4.049999237060547,7.050002574920654,-17.150001049041748,400,350,42.400001525878906,36.25,6.949999809265137,8.0,23.25,61.900001525878906,5.550000190734863,11.850000381469728,6.75,51.2,57.95,6.45,27.45,33.9,13.199996948242188,78.6500015258789,2,-8.65,41.1,32.45,-10.949996948242188,66.64999771118164,2,-7.4,40.4,33.0,-0.6500053405761719,91.60000228881836,2,-8.65,41.1,32.45,-8.64999771118164,41.099998474121094,1,-2.3,25.55,23.25,6.75,51.2,57.95,,,,2025,679.6411058861931,324.9408495111876,-3037.49942779541,-4042.081383192791,252224.99871253967
2025-07-29,20250731,0.35/0.15,24704.8,2.24,24800,24600,25050,24450,0.378,-0.318,0.14,-0.162,76.20000076293945,1.0000009536743164,14.899999618530272,-11.299999237060549,250,150,70.4000015258789,50.849998474121094,21.799999237060547,23.25,83.75,18.649999618530273,19.0,8.199999809265137,2.7,51.65,54.35,16.05,54.55,70.6,18.749996185302734,106.20000076293944,2,-14.8,76.95,62.15,-29.54999542236328,138.8499984741211,2,16.05,54.55,70.6,21.950000762939453,134.14999771118164,2,-14.8,76.95,62.15,-11.79999542236328,156.8499984741211,2,-14.75,61.9,47.15,5.9,79.6,85.5,3.0,79.9,82.9,2025,465.460854816815,396.75993986019466,750.0007152557373,-112.22007942127237,130349.99942779541
2025-07-29,20250731,0.25/0.1,24704.8,2.24,24900,24550,25150,24350,0.257,-0.255,0.094,-0.103,53.650001525878906,11.10000228881836,14.00000286102295,-6.449997901916504,250,200,43.25,38.900001525878906,14.149999618530272,14.350000381469728,44.599998474121094,14.100000381469728,10.899999618530272,5.25,-4.75,33.4,28.65,10.1,41.9,52.0,5.349998474121094,75.30000305175781,2,-12.4,59.05,46.65,-21.599998474121097,96.29999923706056,2,10.1,41.9,52.0,15.599998474121094,88.10000228881836,2,-12.4,59.05,46.65,-13.699996948242188,105.25,2,-9.2,37.25,28.05,5.5,46.2,51.7,-1.3,46.2,44.9,2025,289.161342697312,322.97988108255765,8325.00171661377,7712.8604928339,147262.49885559082
2025-07-29,20250731,0.25/0.05,24704.8,2.24,24900,24550,25300,24200,0.257,-0.255,0.053,-0.054,66.80000162124634,16.450002908706665,19.400002241134644,-8.699998378753662,400,350,43.25,38.900001525878906,7.849999904632568,7.5,44.599998474121094,14.100000381469728,5.050000190734863,3.299999952316284,-4.75,33.4,28.65,10.1,41.9,52.0,5.349998474121094,75.30000305175781,2,-12.4,59.05,46.65,-21.599998474121097,96.29999923706056,2,10.1,41.9,52.0,15.599998474121094,88.10000228881836,2,-12.4,59.05,46.65,-13.699996948242188,105.25,2,-9.2,37.25,28.05,5.5,46.2,51.7,-1.3,46.2,44.9,2025,290.3371265055683,310.22793738412554,12337.502181529999,11736.937117640306,249899.99878406525
2025-07-30,20250731,0.35/0.15,24861.05,1.24,24950,24800,25100,24650,0.327,-0.357,0.131,-0.14,55.949997901916504,13.999996185302734,13.999999046325684,-5.750002861022949,150,150,39.349998474121094,44.54999923706055,13.550000190734863,14.399999618530272,32.70000076293945,29.200000762939453,10.300000190734863,9.649999618530272,-8.2,36.1,27.9,2.85,55.7,58.55,-5.349994659423828,91.79999923706056,2,-2.0,61.0,59.0,-5.799999237060547,104.25,2,2.85,55.7,58.55,4.250003814697266,99.5,2,-2.0,61.0,59.0,-5.799999237060547,104.25,2,-3.8,43.25,39.45,1.4,43.8,45.2,-3.8,43.25,39.45,2025,879.8330832337167,329.78767215951444,10499.99713897705,9290.37638358382,70537.50157356262
2025-07-30,20250731,0.25/0.1,24861.05,1.24,25000,24750,25150,24600,0.245,-0.266,0.096,-0.101,38.69999980926514,11.749999523162842,12.049999237060549,-4.650000095367432,150,150,27.850000381469727,30.5,9.600000381469728,10.050000190734863,21.950000762939453,19.549999237060547,7.349999904632568,7.199999809265137,6.35,23.05,29.4,4.25,38.4,42.65,10.60000228881836,61.45000076293945,2,-1.6,41.45,39.85,-4.600002288818359,72.10000038146973,2,4.25,38.4,42.65,0.6500015258789062,71.4000015258789,2,-1.6,41.45,39.85,-4.600002288818359,72.10000038146973,2,-3.0,30.65,27.65,-3.6,33.0,29.4,-3.0,30.65,27.65,2025,659.567066501907,287.12025856990266,8812.499642372131,7865.812317300321,83475.00014305115
2025-07-30,20250731,0.25/0.05,24861.05,1.24,25000,24750,25250,24500,0.245,-0.266,0.05,-0.056,47.950000286102295,15.050000190734863,15.749999523162842,-5.8999998569488525,250,250,27.850000381469727,30.5,4.800000190734863,5.599999904632568,21.950000762939453,19.549999237060547,4.099999904632568,4.5,6.35,23.05,29.4,4.25,38.4,42.65,10.60000228881836,61.45000076293945,2,-1.6,41.45,39.85,-4.600002288818359,72.10000038146973,2,4.25,38.4,42.65,0.6500015258789062,71.4000015258789,2,-1.6,41.45,39.85,-4.600002288818359,72.10000038146973,2,-3.0,30.65,27.65,-3.6,33.0,29.4,-3.0,30.65,27.65,2025,606.3590742299356,277.65668601200963,11287.500143051147,10403.484382809203,151537.49978542328
2025-07-31,20250807,0.35/0.15,24703.65,7.24,24900,24600,25150,24250,0.341,-0.371,0.159,-0.151,125.29999923706056,1.3999977111816406,1.6000022888183594,-23.14999771118164,250,350,88.0,108.8499984741211,33.75,37.79999923706055,119.0,69.5,41.54999923706055,23.049999237060547,7.1,81.9,89.0,-0.4,117.25,116.85,6.6999969482421875,199.1500015258789,2,-3.1,58.95,55.85,17.89999771118164,150.35000228881836,2,-0.4,117.25,116.85,0.5499954223632812,205.3000030517578,2,,,,21.0,91.4000015258789,1,21.0,91.4,112.4,0.95,88.05,89.0,21.0,91.4,112.4,2025,847.1817981289721,555.1808697411442,1049.9982833862305,-352.36438448388583,168525.0005722046
2025-07-31,20250807,0.25/0.1,24703.65,7.24,25000,24450,25300,24100,0.255,-0.255,0.096,-0.103,83.89999580383301,-2.2500038146972656,1.9499969482421875,-34.500003814697266,300,350,60.0,67.94999694824219,18.850000381469727,25.200000762939453,79.5,42.29999923706055,20.649999618530273,15.0,12.25,56.6,68.85,-4.75,73.55,68.8,7.5,130.1500015258789,2,-2.05,36.85,34.8,12.950000762939451,98.75,2,-4.75,73.55,68.8,-0.4000015258789062,138.0500030517578,2,,,,15.0,61.900001525878906,1,15.0,61.9,76.9,4.35,64.5,68.85,15.0,61.9,76.9,2025,645.8776931854738,419.11560744636535,-1687.5028610229492,-2752.496161654788,199575.00314712524
2025-07-31,20250807,0.25/0.05,24703.65,7.24,25000,24450,25500,23800,0.255,-0.255,0.049,-0.052,105.84999656677246,-0.2000026702880859,2.699997901916504,-43.05000400543213,500,650,60.0,67.94999694824219,9.050000190734863,13.050000190734863,79.5,42.29999923706055,8.449999809265137,7.300000190734863,12.25,56.6,68.85,-4.75,73.55,68.8,7.5,130.1500015258789,2,-2.05,36.85,34.8,12.950000762939451,98.75,2,-4.75,73.55,68.8,-0.4000015258789062,138.0500030517578,2,,,,15.0,61.900001525878906,1,15.0,61.9,76.9,4.35,64.5,68.85,15.0,61.9,76.9,2025,546.3315058353904,390.50036042001443,-150.00200271606442,-1086.8338689714692,408112.50257492065
2025-08-01,20250807,0.35/0.15,24713.35,6.24,24900,24600,25150,24300,0.333,-0.359,0.14,-0.146,118.8499984741211,1.2000045776367188,5.349998474121094,-6.750009536743164,250,300,78.8499984741211,98.5999984741211,26.549999237060547,32.04999923706055,46.79999923706055,131.89999389648438,15.25,45.79999923706055,8.6,83.75,92.35,-5.35,83.6,78.25,3.25,167.3499984741211,2,-2.05,102.75,100.7,-18.800003051757812,204.6999969482422,2,-3.7,99.85,96.15,4.900001525878906,183.5999984741211,2,-2.05,102.75,100.7,-18.800003051757812,204.6999969482422,2,-16.75,101.95,85.2,8.6,83.75,92.35,-16.75,101.95,85.2,2025,1298.044004307352,523.0461160009613,900.0034332275391,-921.0866870807743,135862.50114440918
2025-08-01,20250807,0.25/0.1,24713.35,6.24,25000,24450,25250,24200,0.242,-0.234,0.096,-0.106,68.40000343322754,0.600006103515625,4.100006103515625,-4.549994468688965,250,250,51.900001525878906,56.20000076293945,17.149999618530273,22.549999237060547,29.899999618530273,79.19999694824219,10.149999618530272,31.149999618530273,5.5,56.5,62.0,17.95,46.85,64.8,23.45000457763672,103.3499984741211,2,-1.9,58.75,56.85,-14.45000457763672,127.5500030517578,2,7.3,57.5,64.8,12.800003051757812,114.0,2,-1.9,58.75,56.85,-14.45000457763672,127.5500030517578,2,-12.55,68.8,56.25,5.5,56.5,62.0,-12.55,68.8,56.25,2025,789.9382757523105,398.2280641791152,450.00457763671875,-738.1617622947069,136199.99742507935
2025-08-01,20250807,0.25/0.05,24713.35,6.24,25000,24450,25400,23950,0.242,-0.234,0.053,-0.05,88.85000228881836,-1.1999940872192385,4.650002479553223,-8.59999704360962,400,500,51.900001525878906,56.20000076293945,8.800000190734863,10.449999809265137,29.899999618530273,79.19999694824219,5.699999809265137,13.350000381469728,5.5,56.5,62.0,17.95,46.85,64.8,23.45000457763672,103.3499984741211,2,-1.9,58.75,56.85,-14.45000457763672,127.5500030517578,2,7.3,57.5,64.8,12.800003051757812,114.0,2,-1.9,58.75,56.85,-14.45000457763672,127.5500030517578,2,-12.55,68.8,56.25,5.5,56.5,62.0,-12.55,68.8,56.25,2025,691.4366978730061,367.61604173169945,-899.9955654144288,-1959.0483050191344,308362.49828338623
2025-08-04,20250807,0.35/0.15,24585.75,3.24,24750,24450,24950,24200,0.335,-0.333,0.16,-0.147,95.45000076293944,4.599998474121094,5.950002670288086,-3.599994659423828,200,250,75.5999984741211,78.6500015258789,29.149999618530273,29.649999618530273,107.5500030517578,36.45000076293945,39.900001525878906,13.25,-10.0,95.55,85.55,-8.1,70.2,62.1,-18.099998474121097,165.75,2,-6.8,46.75,39.95,-13.950000762939451,144.8000030517578,2,,,,-10.0,95.5500030517578,1,,,,-7.150001525878906,98.0500030517578,1,-7.15,98.05,90.9,-10.0,95.55,85.55,-7.15,98.05,90.9,2025,240.72884649866157,478.2595227565194,3449.9988555908203,2731.0104863356396,115912.49942779541
2025-08-04,20250807,0.25/0.1,24585.75,3.24,24850,24350,25050,24100,0.237,-0.244,0.106,-0.104,62.75000190734863,3.700002670288086,6.400002479553223,-3.6000003814697266,200,250,47.5,53.150001525878906,17.850000381469727,20.049999237060547,66.8499984741211,23.950000762939453,22.600000381469727,9.149999618530272,-10.0,61.7,51.7,-3.65,42.85,39.2,-13.64999771118164,104.54999923706056,2,-4.25,30.45,26.2,-9.349998474121094,93.20000076293944,2,,,,-10.0,61.70000076293945,1,,,,-5.099998474121094,62.75,1,-5.1,62.75,57.65,-10.0,61.7,51.7,-5.1,62.75,57.65,2025,158.90913801720538,373.3272392889471,2775.0020027160645,2242.765625409912,140437.49856948853
2025-08-04,20250807,0.25/0.05,24585.75,3.24,24850,24350,25250,23900,0.237,-0.244,0.046,-0.052,83.95000171661377,5.600002765655518,9.500001430511476,-5.150000095367432,400,450,47.5,53.150001525878906,7.050000190734863,9.649999618530272,66.8499984741211,23.950000762939453,7.400000095367432,5.050000190734863,-10.0,61.7,51.7,-3.65,42.85,39.2,-13.64999771118164,104.54999923706056,2,-4.25,30.45,26.2,-9.349998474121094,93.20000076293944,2,,,,-10.0,61.70000076293945,1,,,,-5.099998474121094,62.75,1,-5.1,62.75,57.65,-10.0,61.7,51.7,-5.1,62.75,57.65,2025,158.90913801720538,345.6045569081743,4200.002074241638,3695.4883793162585,274537.4987125397
2025-08-05,20250807,0.35/0.15,24622.7,2.24,24750,24500,24950,24300,0.336,-0.322,0.134,-0.143,79.44999885559082,17.249999046325684,19.0,-0.2000045776367187,200,200,60.5,61.349998474121094,19.149999618530273,23.25,40.54999923706055,47.0,10.649999618530272,14.699999809265137,-7.9,61.65,53.75,-9.25,69.45,60.2,-17.150001525878906,131.0999984741211,2,-8.3,55.3,47.0,-12.89999771118164,111.89999771118164,2,-9.25,69.45,60.2,-17.150001525878906,131.0999984741211,2,,,,0.0,0.0,0,-4.6,56.6,52.0,-7.9,61.65,53.75,,,,2025,391.67607443457325,389.51633470324754,12937.499284744263,12156.306875606442,90412.50085830688
2025-08-05,20250807,0.25/0.1,24622.7,2.24,24800,24450,25000,24200,0.273,-0.266,0.105,-0.093,64.80000019073486,17.05000114440918,19.09999942779541,-0.5499973297119141,200,250,45.54999923706055,48.20000076293945,14.399999618530272,14.550000190734863,29.049999237060547,35.0,7.800000190734863,8.5,-8.8,47.3,38.5,-9.5,54.75,45.25,-18.299999237060547,102.04999923706056,2,-6.35,41.35,35.0,-10.699996948242188,83.39999771118164,2,-9.5,54.75,45.25,-18.299999237060547,102.04999923706056,2,,,,0.0,0.0,0,-4.35,42.05,37.7,-8.8,47.3,38.5,,,,2025,285.43656219561285,337.4568426560192,12787.500858306885,12164.607453455252,138899.99985694885
2025-08-05,20250807,0.25/0.05,24622.7,2.24,24800,24450,25150,24050,0.273,-0.266,0.049,-0.05,80.0,23.70000052452087,26.600001096725464,-0.6499977111816406,350,400,45.54999923706055,48.20000076293945,6.199999809265137,7.550000190734863,29.049999237060547,35.0,3.549999952316284,4.199999809265137,-8.8,47.3,38.5,-9.5,54.75,45.25,-18.299999237060547,102.04999923706056,2,-6.35,41.35,35.0,-10.699996948242188,83.39999771118164,2,-9.5,54.75,45.25,-18.299999237060547,102.04999923706056,2,,,,0.0,0.0,0,-4.35,42.05,37.7,-8.8,47.3,38.5,,,,2025,253.21123661448593,323.21336163826624,17775.000393390652,17198.5757951379,240000.0
2025-08-06,20250807,0.35/0.15,24622.0,1.24,24700,24550,24900,24400,0.383,-0.361,0.128,-0.164,82.44999980926514,25.000000953674316,26.199999809265137,-0.5500011444091797,200,150,63.70000076293945,54.349998474121094,15.050000190734863,20.549999237060547,28.399999618530273,52.29999923706055,6.0,17.25,-7.2,56.7,49.5,-3.9,60.9,57.0,-11.10000228881836,117.60000228881836,2,-6.8,62.25,55.45,-12.549999237060549,101.70000076293944,2,-3.9,60.9,57.0,-3.9000015258789062,60.900001525878906,1,-6.8,62.25,55.45,-6.799999237060547,62.25,1,-5.75,39.45,33.7,,,,,,,2025,284.41695065512886,378.61959740730526,18750.000715255737,18086.964167193302,88162.50014305115
2025-08-06,20250807,0.25/0.1,24622.0,1.24,24800,24450,24950,24300,0.235,-0.217,0.092,-0.089,40.60000228881836,16.300002574920654,17.450002670288086,-0.7499971389770508,150,150,32.400001525878906,28.600000381469727,10.199999809265137,10.199999809265137,12.649999618530272,24.899999618530273,4.349999904632568,8.899999618530273,-9.35,28.3,18.95,-10.0,33.5,23.5,-19.349998474121097,61.79999923706055,2,-4.6,31.6,27.0,-7.950000762939453,49.55000114440918,2,-10.0,33.5,23.5,-10.0,33.5,1,-4.6,31.6,27.0,-4.600000381469727,31.600000381469727,1,-3.35,17.95,14.6,,,,,,,2025,179.48358777412494,287.4774072373497,12225.00193119049,11758.040936179017,82049.99828338623
2025-08-06,20250807,0.25/0.05,24622.0,1.24,24800,24450,25050,24200,0.235,-0.217,0.047,-0.049,50.80000162124634,20.900002479553223,22.950002193450928,-1.2999982833862305,250,250,32.400001525878906,28.600000381469727,4.800000190734863,5.400000095367432,12.649999618530272,24.899999618530273,2.5,5.150000095367432,-9.35,28.3,18.95,-10.0,33.5,23.5,-19.349998474121097,61.79999923706055,2,-4.6,31.6,27.0,-7.950000762939453,49.55000114440918,2,-10.0,33.5,23.5,-10.0,33.5,1,-4.6,31.6,27.0,-4.600000381469727,31.600000381469727,1,-3.35,17.95,14.6,,,,,,,2025,188.5071210059275,278.06576517245674,15675.001859664917,15208.428973486534,149399.99878406525
2025-08-07,20250814,0.35/0.15,24502.55,7.24,24700,24400,24900,24100,0.325,-0.357,0.158,-0.143,106.95000457763672,6.850006103515625,7.150003433227539,-20.19999885559082,200,300,75.75,91.0500030517578,29.549999237060547,30.299999237060547,85.5,67.19999694824219,31.799999237060547,20.799999237060547,-8.6,54.9,46.3,32.15,99.55,131.7,23.549991607666016,154.45000457763672,2,12.6,115.8,128.4,6.249988555908203,169.70000457763672,2,32.15,99.55,131.7,41.19999694824219,176.0,2,12.6,115.8,128.4,20.54998779296875,193.3500061035156,2,-6.35,53.9,47.55,9.05,76.45,85.5,7.95,77.55,85.5,2025,270.22255908067814,494.33722480411535,5137.504577636719,4372.944793751925,144787.49656677246
2025-08-07,20250814,0.25/0.1,24502.55,7.24,24800,24300,25000,24000,0.232,-0.267,0.105,-0.105,70.69999885559082,6.600001335144043,6.600001335144043,-19.800002098083496,200,300,48.099998474121094,62.70000076293945,18.149999618530273,21.950000762939453,53.29999923706055,44.599998474121094,18.5,15.300000190734863,8.15,26.95,35.1,22.0,69.65,91.65,30.14999771118164,96.60000228881836,2,10.15,80.75,90.9,5.850002288818359,114.75,2,22.0,69.65,91.65,26.89999771118164,118.0500030517578,2,10.15,80.75,90.9,14.299999237060549,129.9000015258789,2,-4.3,34.0,29.7,4.9,48.4,53.3,4.15,49.15,53.3,2025,216.17944468204334,389.4659850460649,4950.001001358032,4344.355571629924,171975.00085830688
2025-08-07,20250814,0.25/0.05,24502.55,7.24,24800,24300,25150,23750,0.232,-0.267,0.054,-0.05,91.89999961853027,9.550001621246338,9.550001621246338,-26.649999618530273,350,550,48.099998474121094,62.70000076293945,8.649999618530273,10.25,53.29999923706055,44.599998474121094,7.949999809265137,7.599999904632568,8.15,26.95,35.1,22.0,69.65,91.65,30.14999771118164,96.60000228881836,2,10.15,80.75,90.9,5.850002288818359,114.75,2,22.0,69.65,91.65,26.89999771118164,118.0500030517578,2,10.15,80.75,90.9,14.299999237060549,129.9000015258789,2,-4.3,34.0,29.7,4.9,48.4,53.3,4.15,49.15,53.3,2025,182.95851394127402,362.8618933053376,7162.501215934753,6616.680808688142,343575.0002861023
2025-08-08,20250814,0.35/0.15,24496.85,6.24,24650,24400,24900,24150,0.354,-0.357,0.135,-0.155,108.99999809265135,2.25,4.199995040893555,-5.000005722045898,250,250,78.0,84.0999984741211,22.75,30.350000381469727,51.5,109.8499984741211,15.649999618530272,38.95000076293945,-6.15,71.9,65.75,8.6,93.4,102.0,2.4499969482421875,165.3000030517578,2,-8.6,104.25,95.65,-13.299999237060549,170.0,2,8.6,93.4,102.0,8.599998474121094,93.4000015258789,1,-8.6,104.25,95.65,-8.599998474121094,104.25,1,-4.7,65.75,61.05,,,,,,,2025,351.18443526487255,492.1027127192211,1687.5,844.2128520159065,105750.00143051147
2025-08-08,20250814,0.25/0.1,24496.85,6.24,24750,24300,24950,24000,0.25,-0.26,0.108,-0.093,69.4000015258789,-1.950002670288086,3.300004005432129,-8.30000114440918,200,300,48.650001525878906,56.0,17.549999237060547,17.700000762939453,31.950000762939453,73.05000305175781,12.600000381469728,21.049999237060547,-7.65,45.15,37.5,4.35,63.0,67.35,-3.3000030517578125,108.1500015258789,2,-7.45,70.8,63.35,-10.350006103515623,111.45000457763672,2,4.35,63.0,67.35,4.349998474121094,63.0,1,-7.45,70.8,63.35,-7.450004577636719,70.80000305175781,1,-2.9,40.65,37.75,,,,,,,2025,339.4812774947633,383.5145455328703,-1462.5020027160645,-2185.497825743698,172949.99885559082
2025-08-08,20250814,0.25/0.05,24496.85,6.24,24750,24300,25100,23800,0.25,-0.26,0.055,-0.051,86.8000020980835,-1.1500020027160645,4.400003910064697,-9.600001335144045,350,500,48.650001525878906,56.0,8.199999809265137,9.649999618530272,31.950000762939453,73.05000305175781,6.900000095367432,10.149999618530272,-7.65,45.15,37.5,4.35,63.0,67.35,-3.3000030517578125,108.1500015258789,2,-7.45,70.8,63.35,-10.350006103515623,111.45000457763672,2,4.35,63.0,67.35,4.349998474121094,63.0,1,-7.45,70.8,63.35,-7.450004577636719,70.80000305175781,1,-2.9,40.65,37.75,,,,,,,2025,287.97512382873686,359.95197844116234,-862.5015020370483,-1510.4286043069474,309899.9984264374
2025-08-11,20250814,0.35/0.15,24382.8,3.24,24550,24300,24750,24050,0.324,-0.37,0.149,-0.143,95.10000038146973,-5.099998474121094,10.05000114440918,-5.099998474121094,200,250,69.0,76.25,25.75,24.399999618530273,128.0,26.049999237060547,44.25,9.600000381469728,-1.45,74.9,73.45,-5.0,55.8,50.8,-6.450004577636719,130.70000076293945,2,-5.3,59.4,54.1,-15.050003051757812,144.9000015258789,2,,,,-1.4500045776367188,74.9000015258789,1,,,,-9.75,85.5,1,-9.75,85.5,75.75,-1.45,74.9,73.45,-9.75,85.5,75.75,2025,388.17421905824176,469.8902741697788,-3824.9988555908203,-4683.0633488188405,116174.9997138977
2025-08-11,20250814,0.25/0.1,24382.8,3.24,24600,24200,24850,23950,0.272,-0.26,0.096,-0.095,72.85000228881836,-12.599997520446776,7.250003814697266,-12.749999523162842,250,250,54.70000076293945,48.900001525878906,15.300000190734863,15.449999809265137,100.25,16.5,24.25,7.050000190734863,2.3,59.8,62.1,-7.1,35.3,28.2,-4.799999237060547,95.0999984741211,2,-3.65,37.0,33.35,-12.349998474121094,104.8499984741211,2,,,,2.299999237060547,59.79999923706055,1,,,,-8.699996948242188,67.8499984741211,1,-8.7,67.85,59.15,2.3,59.8,62.1,-8.7,67.85,59.15,2025,270.95816269958505,382.3416738415313,-9449.998140335081,-10103.297976876196,132862.49828338623
2025-08-11,20250814,0.25/0.05,24382.8,3.24,24600,24200,25000,23800,0.272,-0.26,0.05,-0.053,87.8500018119812,-14.199998378753662,9.500000476837158,-14.950001239776611,400,400,54.70000076293945,48.900001525878906,7.400000095367432,8.350000381469727,100.25,16.5,9.699999809265137,5.0,2.3,59.8,62.1,-7.1,35.3,28.2,-4.799999237060547,95.0999984741211,2,-3.65,37.0,33.35,-12.349998474121094,104.8499984741211,2,,,,2.299999237060547,59.79999923706055,1,,,,-8.699996948242188,67.8499984741211,1,-8.7,67.85,59.15,2.3,59.8,62.1,-8.7,67.85,59.15,2025,245.59970301313945,359.5898877962296,-10649.998784065247,-11255.188374874617,234112.4986410141
2025-08-12,20250814,0.35/0.15,24655.6,2.24,24750,24550,24900,24400,0.355,-0.313,0.161,-0.156,60.69999694824219,-7.5500054359436035,6.649999618530273,-11.200006484985352,150,150,53.349998474121094,48.849998474121094,19.75,21.75,18.450000762939453,95.5,6.599999904632568,39.099998474121094,-0.65,73.4,72.75,22.0,45.95,67.95,21.349994659423828,119.35000228881836,2,-12.25,87.65,75.4,-12.299999237060549,126.5,2,17.2,50.75,67.95,16.54999542236328,124.1500015258789,2,-12.25,87.65,75.4,-12.25,87.6500015258789,1,-0.05,38.85,38.8,-0.65,73.4,72.75,,,,2025,225.1949660512624,398.8766107044699,-5662.504076957703,-6286.575653713436,66975.00228881836
2025-08-12,20250814,0.25/0.1,24655.6,2.24,24800,24500,25000,24300,0.278,-0.25,0.09,-0.099,51.64999866485596,-7.800004959106445,7.699995994567871,-14.500000953674316,200,200,38.54999923706055,37.0,10.300000190734863,13.600000381469728,13.0,72.30000305175781,4.050000190734863,21.799999237060547,-2.55,54.5,51.95,15.3,35.3,50.6,12.75,89.79999923706055,2,-10.15,67.55,57.4,-11.0,96.10000228881836,2,11.6,39.0,50.6,9.049999237060549,93.5,2,-10.15,67.55,57.4,-10.150001525878906,67.55000305175781,1,-0.85,28.55,27.7,-2.55,54.5,51.95,,,,2025,181.34351220569465,333.71455010190385,-5850.003719329834,-6365.061781637432,111262.50100135803
2025-08-12,20250814,0.25/0.05,24655.6,2.24,24800,24500,25100,24150,0.278,-0.25,0.049,-0.054,62.74999904632568,-10.250004291534424,9.249996900558472,-20.650001287460327,300,350,38.54999923706055,37.0,5.300000190734863,7.5,13.0,72.30000305175781,2.5999999046325684,9.699999809265137,-2.55,54.5,51.95,15.3,35.3,50.6,12.75,89.79999923706055,2,-10.15,67.55,57.4,-11.0,96.10000228881836,2,11.6,39.0,50.6,9.049999237060549,93.5,2,-10.15,67.55,57.4,-10.150001525878906,67.55000305175781,1,-0.85,28.55,27.7,-2.55,54.5,51.95,,,,2025,181.34351220569465,315.52952670282576,-7687.503218650818,-8184.376257559338,215437.50071525574
2025-08-13,20250814,0.35/0.15,24582.2,1.24,24650,24500,24800,24400,0.384,-0.313,0.154,-0.171,57.39999961853027,-0.1000032424926757,9.399999618530272,-8.400003433227539,150,100,55.5,36.70000076293945,16.450000762939453,18.350000381469727,64.80000305175781,16.5,15.100000381469728,8.699999809265137,-10.0,62.0,52.0,-3.4,36.7,33.3,-13.400001525878906,98.70000076293944,2,-6.7,39.6,32.9,1.3000030517578125,89.19999694824219,2,-4.45,37.75,33.3,-14.450000762939451,99.75,2,-6.7,39.6,32.9,-11.849998474121094,102.3499984741211,2,8.0,49.6,57.6,-10.0,62.0,52.0,-5.15,62.75,57.6,2025,355.4319972016965,351.59930098354573,-75.00243186950678,-782.033730054749,69450.0002861023
2025-08-13,20250814,0.25/0.1,24582.2,1.24,24750,24450,24850,24300,0.217,-0.233,0.105,-0.09,31.850001335144043,8.750000476837158,8.750000476837158,-0.0999975204467773,100,150,25.350000381469727,25.950000762939453,10.399999618530272,9.050000190734863,25.600000381469727,11.550000190734863,8.699999809265137,5.349999904632568,3.95,19.75,23.7,-6.05,26.55,20.5,-2.0999984741210938,46.29999923706055,2,-4.75,27.15,22.4,-1.5500011444091797,47.75,2,-6.05,26.55,20.5,-9.39999771118164,53.599998474121094,2,-4.75,27.15,22.4,-8.150001525878906,54.35000038146973,2,3.2,20.6,23.8,-3.35,27.05,23.7,-3.4,27.2,23.8,2025,267.76754512155236,277.5399457682464,6562.500357627869,6017.19286673807,88612.49899864197
2025-08-13,20250814,0.25/0.05,24582.2,1.24,24750,24450,24950,24200,0.217,-0.233,0.051,-0.049,41.75000095367432,11.500000476837158,11.500000476837158,-0.5000004768371582,200,250,25.350000381469727,25.950000762939453,4.650000095367432,4.900000095367432,25.600000381469727,11.550000190734863,3.4000000953674316,3.5,3.95,19.75,23.7,-6.05,26.55,20.5,-2.0999984741210938,46.29999923706055,2,-4.75,27.15,22.4,-1.5500011444091797,47.75,2,-6.05,26.55,20.5,-9.39999771118164,53.599998474121094,2,-4.75,27.15,22.4,-8.150001525878906,54.35000038146973,2,3.2,20.6,23.8,-3.35,27.05,23.7,-3.4,27.2,23.8,2025,227.61623190169635,266.578396528506,8625.000357627869,8130.805729197666,156187.49928474426
2025-08-14,20250821,0.35/0.15,24667.15,7.24,24850,24550,25100,24300,0.34,-0.337,0.135,-0.156,104.600004196167,4.549997329711914,6.000005722045898,-1.7499942779541016,250,250,80.30000305175781,81.75,24.399999618530273,33.04999923706055,66.30000305175781,87.30000305175781,20.049999237060547,33.5,-2.95,73.6,70.65,-5.0,94.0,89.0,-7.9499969482421875,167.5999984741211,2,-6.8,98.9,92.1,-21.80000686645508,173.20000457763672,2,-5.0,94.0,89.0,-5.0,94.0,1,-6.8,98.9,92.1,-6.8000030517578125,98.9000015258789,1,-15.0,74.3,59.3,,,,,,,2025,153.05079128361731,489.78225368864923,3412.4979972839355,2769.664952311669,109049.99685287476
2025-08-14,20250821,0.25/0.1,24667.15,7.24,24950,24450,25150,24150,0.244,-0.251,0.11,-0.099,68.24999809265137,3.1999969482421875,4.499998092651367,-3.3000030517578125,200,300,50.849998474121094,56.95000076293945,19.100000381469727,20.450000762939453,41.45000076293945,59.25,15.649999618530272,20.0,-6.0,48.15,42.15,-6.85,65.5,58.65,-12.849998474121094,113.6500015258789,2,-5.2,68.55,63.35,-15.100006103515623,115.45000457763672,2,-6.85,65.5,58.65,-6.849998474121094,65.5,1,-5.2,68.55,63.35,-5.200004577636719,68.55000305175781,1,-9.9,46.9,37.0,,,,,,,2025,150.0,389.00096877518274,2399.9977111816406,1860.996742406458,173812.50143051147
2025-08-14,20250821,0.25/0.05,24667.15,7.24,24950,24450,25350,23900,0.244,-0.251,0.047,-0.051,89.7999997138977,5.349998474121094,7.200000286102295,-3.69999885559082,400,550,50.849998474121094,56.95000076293945,7.349999904632568,10.649999618530272,41.45000076293945,59.25,6.099999904632568,10.149999618530272,-6.0,48.15,42.15,-6.85,65.5,58.65,-12.849998474121094,113.6500015258789,2,-5.2,68.55,63.35,-15.100006103515623,115.45000457763672,2,-6.85,65.5,58.65,-6.849998474121094,65.5,1,-5.2,68.55,63.35,-5.200004577636719,68.55000305175781,1,-9.9,46.9,37.0,,,,,,,2025,150.0,361.053513900887,4012.4988555908203,3501.4453416899332,345150.0002145767
2025-08-18,20250821,0.35/0.15,25005.2,3.24,25150,24900,25400,24650,0.356,-0.351,0.136,-0.142,110.14999771118164,14.749994277954102,17.299994468688965,-4.149999618530273,250,250,82.69999694824219,76.25,23.299999237060547,25.5,37.95000076293945,91.5500030517578,8.75,25.350000381469727,-10.0,73.55,63.55,-10.0,85.7,75.7,-20.0,159.25,2,18.3,84.25,102.55,12.550003051757812,130.5,2,-10.0,85.7,75.7,-10.0,85.69999694824219,1,18.3,84.25,102.55,18.300003051757812,84.25,1,-5.75,46.25,40.5,,,,,,,2025,304.7431397687033,454.6953726112356,11062.495708465576,10303.057196085638,104887.50171661377
2025-08-18,20250821,0.25/0.1,25005.2,3.24,25250,24800,25450,24550,0.253,-0.249,0.108,-0.097,66.10000228881836,11.300002098083496,13.550003051757812,-4.599997043609619,200,250,51.400001525878906,49.20000076293945,17.75,16.75,21.450000762939453,55.5,6.550000190734863,15.600000381469728,-10.0,45.6,35.6,19.15,56.3,75.45,9.14999771118164,101.89999771118164,2,12.0,52.6,64.6,8.30000114440918,78.89999771118164,2,19.15,56.3,75.45,19.14999771118164,56.29999923706055,1,12.0,52.6,64.6,12.0,52.599998474121094,1,-3.7,26.3,22.6,,,,,,,2025,214.05882246246205,357.2193604056611,8475.001573562622,7903.723390694498,137924.99828338623
2025-08-18,20250821,0.25/0.05,25005.2,3.24,25250,24800,25600,24350,0.253,-0.249,0.053,-0.048,84.75000190734863,17.750000953674316,20.25000286102295,-5.549999237060547,350,450,51.400001525878906,49.20000076293945,7.75,8.100000381469727,21.450000762939453,55.5,3.0999999046325684,6.849999904632568,-10.0,45.6,35.6,19.15,56.3,75.45,9.14999771118164,101.89999771118164,2,12.0,52.6,64.6,8.30000114440918,78.89999771118164,2,19.15,56.3,75.45,19.14999771118164,56.29999923706055,1,12.0,52.6,64.6,12.0,52.599998474121094,1,-3.7,26.3,22.6,,,,,,,2025,222.62797075508422,337.9219430467524,13312.500715255737,12751.9508014539,273937.4985694885
2025-08-19,20250821,0.35/0.15,24877.05,2.24,25000,24800,25150,24650,0.314,-0.343,0.137,-0.155,60.85000038146973,-2.8500003814697266,4.7999982833862305,-12.599997520446776,150,150,46.54999923706055,50.0,16.549999237060547,19.149999618530273,78.0,19.200000762939453,25.75,7.75,-6.65,58.8,52.15,-9.15,27.7,18.55,-15.799999237060549,86.5,2,-2.4,25.0,22.6,31.750001907348633,83.4000015258789,2,,,,-6.649997711181641,58.79999923706055,1,,,,34.150001525878906,58.400001525878906,1,34.15,58.4,92.55,-6.65,58.8,52.15,34.15,58.4,92.55,2025,308.8827682549412,372.242589283351,-2137.500286102295,-2818.6256436405874,66862.4997138977
2025-08-19,20250821,0.25/0.1,24877.05,2.24,25050,24750,25200,24550,0.243,-0.267,0.102,-0.089,47.34999942779541,1.0999984741210938,7.749999046325684,-10.999996662139893,150,200,33.20000076293945,36.349998474121094,11.75,10.449999809265137,54.95000076293945,13.649999618530272,17.299999237060547,5.050000190734863,28.85,42.35,71.2,,,,28.849998474121097,42.349998474121094,1,-1.8,17.9,16.1,24.39999771118164,59.14999961853027,2,,,,28.849998474121097,42.349998474121094,1,,,,26.199996948242188,41.25,1,26.2,41.25,67.45,28.85,42.35,71.2,26.2,41.25,67.45,2025,242.49750115954623,317.3779674920721,824.9988555908203,265.12338693920196,114487.50042915344
2025-08-19,20250821,0.25/0.05,24877.05,2.24,25050,24750,25300,24450,0.243,-0.267,0.055,-0.053,57.39999961853027,-0.4500007629394531,8.949999332427979,-18.549996852874756,250,300,33.20000076293945,36.349998474121094,5.949999809265137,6.199999809265137,54.95000076293945,13.649999618530272,7.150000095367432,3.5999999046325684,28.85,42.35,71.2,,,,28.849998474121097,42.349998474121094,1,-1.8,17.9,16.1,24.39999771118164,59.14999961853027,2,,,,28.849998474121097,42.349998474121094,1,,,,26.199996948242188,41.25,1,26.2,41.25,67.45,28.85,42.35,71.2,26.2,41.25,67.45,2025,236.12764847060242,301.6250459622212,-337.50057220458984,-875.2532666374135,181950.0002861023
2025-08-20,20250821,0.35/0.15,24972.0,1.24,25050,24900,25150,24800,0.332,-0.338,0.161,-0.176,45.39999961853027,0.4999995231628418,2.6999998092651367,-4.7000017166137695,100,100,36.20000076293945,42.04999923706055,14.649999618530272,18.200000762939453,61.04999923706055,15.050000190734863,23.799999237060547,7.400000095367432,0.9,45.35,46.25,,,,0.9000015258789062,45.349998474121094,1,,,,12.5,46.25,1,,,,0.9000015258789062,45.349998474121094,1,,,,12.5,46.25,1,12.5,46.25,58.75,0.9,45.35,46.25,12.5,46.25,58.75,2025,152.56131118925208,342.2059634243834,374.99964237213135,-119.76763224150415,40950.000286102295
2025-08-20,20250821,0.25/0.1,24972.0,1.24,25100,24850,25200,24700,0.236,-0.247,0.107,-0.085,33.90000104904175,3.450002670288086,4.7000017166137695,-2.749998092651367,100,150,23.200000762939453,27.75,9.149999618530272,7.900000095367432,38.849998474121094,10.399999618530272,14.399999618530272,4.400000095367432,-2.15,30.1,27.95,,,,-2.1499996185302734,30.100000381469727,1,,,,6.850000381469727,30.649999618530273,1,,,,-2.1499996185302734,30.100000381469727,1,,,,6.850000381469727,30.649999618530273,1,6.85,30.65,37.5,-2.15,30.1,27.95,6.85,30.65,37.5,2025,156.63297475856302,285.5042840419831,2587.5020027160645,2145.364743915518,87074.99921321869
2025-08-20,20250821,0.25/0.05,24972.0,1.24,25100,24850,25300,24600,0.236,-0.247,0.046,-0.043,43.40000081062317,1.9000027179718015,3.749999761581421,-7.649998903274536,200,250,23.200000762939453,27.75,3.5999999046325684,3.950000047683716,38.849998474121094,10.399999618530272,4.650000095367432,3.0999999046325684,-2.15,30.1,27.95,,,,-2.1499996185302734,30.100000381469727,1,,,,6.850000381469727,30.649999618530273,1,,,,-2.1499996185302734,30.100000381469727,1,,,,6.850000381469727,30.649999618530273,1,6.85,30.65,37.5,-2.15,30.1,27.95,6.85,30.65,37.5,2025,150.0,270.5230954023191,1425.002038478851,1004.478943076532,154949.99939203262
2025-08-21,20250828,0.35/0.15,25061.1,7.24,25200,24950,25450,24700,0.376,-0.334,0.147,-0.146,107.60000038146973,4.6999969482421875,4.6999969482421875,-5.899999618530273,250,250,85.6500015258789,75.5999984741211,25.100000381469727,28.549999237060547,90.9000015258789,54.150001525878906,23.549999237060547,18.600000381469727,2.9,104.0,106.9,-4.3,58.65,54.35,-1.4000015258789062,162.6500015258789,2,-1.2,55.7,54.5,-10.999996185302734,161.54999923706055,2,,,,2.9000015258789062,104.0,1,,,,-9.79999542236328,105.8499984741211,1,-9.8,105.85,96.05,2.9,104.0,106.9,-9.8,105.85,96.05,2025,262.4360678202378,472.61313404570194,3524.9977111816406,2789.948509315701,106799.9997138977
2025-08-21,20250828,0.25/0.1,25061.1,7.24,25300,24850,25550,24600,0.269,-0.242,0.095,-0.103,69.9000015258789,5.400002479553223,5.450003623962402,-5.499999046325684,250,250,53.900001525878906,50.75,15.100000381469728,19.649999618530273,55.349998474121094,34.95000076293945,12.800000190734863,13.0,0.25,66.65,66.9,-6.7,41.4,34.7,-6.450000762939453,108.0500030517578,2,-1.65,37.1,35.45,-8.449996948242188,102.9499969482422,2,,,,0.25,66.6500015258789,1,,,,-6.799999237060547,65.8499984741211,1,-6.8,65.85,59.05,0.25,66.65,66.9,-6.8,65.85,59.05,2025,182.9208173343186,370.016791821012,4050.001859664917,3497.0642505095866,135074.99885559082
2025-08-21,20250828,0.25/0.05,25061.1,7.24,25300,24850,25700,24350,0.269,-0.242,0.048,-0.049,88.20000171661377,9.500002384185793,9.650003910064695,-6.399998664855957,400,500,53.900001525878906,50.75,7.050000190734863,9.399999618530272,55.349998474121094,34.95000076293945,5.25,6.349999904632568,0.25,66.65,66.9,-6.7,41.4,34.7,-6.450000762939453,108.0500030517578,2,-1.65,37.1,35.45,-8.449996948242188,102.9499969482422,2,,,,0.25,66.6500015258789,1,,,,-6.799999237060547,65.8499984741211,1,-6.8,65.85,59.05,0.25,66.65,66.9,-6.8,65.85,59.05,2025,150.0,348.70696270178485,7125.001788139344,6626.29482543756,308849.9987125397
2025-08-22,20250828,0.35/0.15,24978.7,6.24,25100,24900,25300,24650,0.373,-0.368,0.162,-0.146,103.44999885559082,-2.1999969482421875,9.39999771118164,-2.1999969482421875,200,250,72.25,82.0,24.850000381469727,25.950000762939453,42.20000076293945,114.4499969482422,14.600000381469728,36.400001525878906,-5.0,52.2,47.2,-1.4,94.0,92.6,-6.400001525878906,146.20000076293945,2,-9.95,97.9,87.95,-15.100006103515623,153.85000228881836,2,-1.4,94.0,92.6,-1.4000015258789062,94.0,1,-9.95,97.9,87.95,-9.95000457763672,97.9000015258789,1,-5.15,55.95,50.8,,,,,,,2025,278.90216273507076,477.5399604953365,-1649.9977111816406,-2406.4398344120477,109912.50085830688
2025-08-22,20250828,0.25/0.1,24978.7,6.24,25200,24800,25400,24550,0.252,-0.261,0.101,-0.098,63.60000419616699,-2.249998092651367,8.250003814697266,-3.2999982833862305,200,250,42.650001525878906,51.900001525878906,14.399999618530272,16.549999237060547,24.649999618530273,73.05000305175781,8.649999618530273,23.200000762939453,,,,0.9,60.1,61.0,0.9000015258789062,60.099998474121094,1,-7.2,61.95,54.75,-10.30000114440918,94.9000015258789,2,0.9,60.1,61.0,0.9000015258789062,60.099998474121094,1,-7.2,61.95,54.75,-7.200000762939453,61.95000076293945,1,-3.1,32.95,29.85,,,,,,,2025,270.3292575284912,366.9183979479856,-1687.4985694885254,-2324.7462249650025,139799.99685287476
2025-08-22,20250828,0.25/0.05,24978.7,6.24,25200,24800,25550,24350,0.252,-0.261,0.05,-0.046,80.15000295639038,-2.4499993324279785,11.600002765655518,-3.450000286102295,350,450,42.650001525878906,51.900001525878906,6.75,7.650000095367432,24.649999618530273,73.05000305175781,4.75,10.350000381469728,,,,0.9,60.1,61.0,0.9000015258789062,60.099998474121094,1,-7.2,61.95,54.75,-10.30000114440918,94.9000015258789,2,0.9,60.1,61.0,0.9000015258789062,60.099998474121094,1,-7.2,61.95,54.75,-7.200000762939453,61.95000076293945,1,-3.1,32.95,29.85,,,,,,,2025,252.52257797341213,343.4831842168138,-1837.499499320984,-2433.5052615112095,277387.4977827072
2025-08-25,20250828,0.35/0.15,24962.75,3.24,25050,24900,25250,24750,0.379,-0.362,0.134,-0.167,78.64999771118164,10.84999942779541,12.29999828338623,-0.400003433227539,200,150,61.04999923706055,55.29999923706055,16.5,21.200000762939453,53.75,40.349998474121094,12.449999809265137,13.850000381469728,11.1,47.9,59.0,-0.4,72.5,72.1,10.699996948242188,120.4000015258789,2,-6.0,42.65,36.65,-4.0,96.25,2,-0.4,72.5,72.1,-7.150001525878906,138.25,2,,,,-7.700000762939453,63.29999923706055,1,2.0,53.6,55.6,-6.75,65.75,59.0,-7.7,63.3,55.6,2025,802.3875683932183,385.2940817948966,8137.499570846558,6949.817920658443,91012.50171661377
2025-08-25,20250828,0.25/0.1,24962.75,3.24,25150,24800,25300,24650,0.234,-0.219,0.102,-0.096,37.75000095367432,8.200000762939453,9.600000858306885,-2.699997901916504,150,150,32.150001525878906,29.149999618530273,12.050000190734863,11.5,26.0,19.899999618530273,8.899999618530273,7.449999809265137,-2.7,28.6,25.9,-4.9,40.5,35.6,-7.600000381469727,69.10000038146973,2,-3.3,21.25,17.95,-4.099998474121094,48.5,2,-4.9,40.5,35.6,-13.0,74.5,2,,,,-8.64999771118164,35.099998474121094,1,-0.8,27.25,26.45,-8.1,34.0,25.9,-8.65,35.1,26.45,2025,453.2012612542878,294.984506595149,6150.00057220459,5401.814804355154,84187.49928474426
2025-08-25,20250828,0.25/0.05,24962.75,3.24,25150,24800,25450,24500,0.234,-0.219,0.046,-0.047,50.45000123977661,12.600001573562622,14.699999570846558,-4.249997615814209,300,300,32.150001525878906,29.149999618530273,5.199999809265137,5.650000095367432,26.0,19.899999618530273,3.799999952316284,4.25,-2.7,28.6,25.9,-4.9,40.5,35.6,-7.600000381469727,69.10000038146973,2,-3.3,21.25,17.95,-4.099998474121094,48.5,2,-4.9,40.5,35.6,-13.0,74.5,2,,,,-8.64999771118164,35.099998474121094,1,-0.8,27.25,26.45,-8.1,34.0,25.9,-8.65,35.1,26.45,2025,409.64004782980453,281.85192155728186,9450.001180171967,8758.509210784881,187162.49907016754
2025-08-26,20250828,0.35/0.15,24764.0,2.24,24850,24700,25000,24550,0.348,-0.351,0.148,-0.147,58.64999961853027,13.19999885559082,16.200000762939453,-0.6499996185302734,150,150,45.0,46.29999923706055,16.25,16.399999618530273,32.900001525878906,40.04999923706055,14.550000190734863,12.949999809265137,-7.1,50.95,43.85,-4.9,37.0,32.1,-12.000003814697266,87.95000076293945,2,-7.3,32.1,24.8,-13.599998474121094,80.04999923706055,2,,,,-7.100002288818359,50.95000076293945,1,,,,-6.299999237060547,47.95000076293945,1,-6.3,47.95,41.65,-7.1,50.95,43.85,-6.3,47.95,41.65,2025,1025.8068995024425,351.0350415160913,9899.999141693115,8523.157200674581,68512.5002861023
2025-08-26,20250828,0.25/0.1,24764.0,2.24,24900,24650,25050,24500,0.263,-0.265,0.111,-0.113,39.14999961853027,10.100000381469728,12.350000381469728,-0.6999988555908203,150,150,31.350000381469727,32.29999923706055,12.0,12.5,24.049999237060547,26.350000381469727,11.300000190734863,10.050000190734863,-3.9,35.5,31.6,-6.55,25.9,19.35,-10.44999885559082,61.39999961853027,2,-5.1,21.6,16.5,-10.150001525878906,54.75000190734863,2,,,,-3.8999996185302734,35.5,1,,,,-5.05000114440918,33.150001525878906,1,-5.05,33.15,28.1,-3.9,35.5,31.6,-5.05,33.15,28.1,2025,710.8874077158497,304.65579732112974,7575.000286102296,6559.457081065317,83137.5002861023
2025-08-26,20250828,0.25/0.05,24764.0,2.24,24900,24650,25200,24350,0.263,-0.265,0.052,-0.053,52.09999942779541,11.999999523162842,16.40000009536743,-0.7999992370605469,300,300,31.350000381469727,32.29999923706055,5.650000095367432,5.900000095367432,24.049999237060547,26.350000381469727,5.599999904632568,4.699999809265137,-3.9,35.5,31.6,-6.55,25.9,19.35,-10.44999885559082,61.39999961853027,2,-5.1,21.6,16.5,-10.150001525878906,54.75000190734863,2,,,,-3.8999996185302734,35.5,1,,,,-5.05000114440918,33.150001525878906,1,-5.05,33.15,28.1,-3.9,35.5,31.6,-5.05,33.15,28.1,2025,614.4908746056776,288.5091096743834,8999.999642372131,8096.999658092071,185925.00042915344
2025-08-28,20250902,0.35/0.15,24578.2,5.24,24750,24500,24950,24250,0.329,-0.363,0.163,-0.15,87.6500015258789,-3.5999975204467773,3.8500003814697266,-6.600002288818359,200,250,70.8499984741211,73.80000305175781,30.0,27.0,42.150001525878906,90.4499969482422,13.449999809265137,27.899999618530273,4.85,69.25,74.1,-4.55,75.4,70.85,0.2999954223632812,144.6500015258789,2,5.85,63.5,69.35,12.79999542236328,136.0500030517578,2,-4.55,75.4,70.85,-2.850006103515625,147.8000030517578,2,-5.5,74.85,69.35,1.4499969482421875,147.4000015258789,2,6.95,72.55,79.5,1.7,72.4,74.1,6.95,72.55,79.5,2025,690.1551726751522,451.00225830049277,-2699.998140335083,-3841.155571310728,121762.49885559082
2025-08-28,20250902,0.25/0.1,24578.2,5.24,24850,24400,25100,24100,0.233,-0.255,0.095,-0.097,58.60000038146973,-2.1999993324279785,3.6999998092651367,-7.2000017166137695,250,300,45.29999923706055,47.70000076293945,16.5,17.899999618530273,24.0,56.79999923706055,5.599999904632568,14.399999618530272,-0.4,43.75,43.35,-6.4,48.15,41.75,-6.8000030517578125,91.9000015258789,2,2.4,39.8,42.2,6.049999237060547,85.0,2,-6.4,48.15,41.75,-8.800003051757812,93.9000015258789,2,-9.05,51.25,42.2,-15.0,106.04999923706056,2,3.65,45.2,48.85,-2.4,45.75,43.35,-5.95,54.8,48.85,2025,471.46337406060735,348.0992782054026,-1649.999499320984,-2469.562151586994,181049.9997138977
2025-08-28,20250902,0.25/0.05,24578.2,5.24,24850,24400,25300,23850,0.233,-0.255,0.05,-0.052,73.94999980926514,1.9500007629394531,7.350001573562622,-8.700002193450928,450,550,45.29999923706055,47.70000076293945,8.75,10.300000190734863,24.0,56.79999923706055,2.75,6.050000190734863,-0.4,43.75,43.35,-6.4,48.15,41.75,-6.8000030517578125,91.9000015258789,2,2.4,39.8,42.2,6.049999237060547,85.0,2,-6.4,48.15,41.75,-8.800003051757812,93.9000015258789,2,-9.05,51.25,42.2,-15.0,106.04999923706056,2,3.65,45.2,48.85,-2.4,45.75,43.35,-5.95,54.8,48.85,2025,423.49464541574855,330.98201208488945,1462.5005722045898,708.023914703952,357037.50014305115
2025-08-29,20250902,0.35/0.15,24499.9,4.24,24600,24400,24800,24250,0.382,-0.318,0.15,-0.157,80.44999694824219,18.349998474121097,19.84999942779541,-4.350004196166992,200,150,70.94999694824219,52.54999923706055,20.75,22.299999237060547,43.45000076293945,49.349998474121094,11.850000381469728,18.850000381469727,12.3,68.25,80.55,-7.75,38.45,30.7,4.5500030517578125,106.70000076293944,2,2.1,33.85,35.95,-14.85000228881836,121.4000015258789,2,-7.55,52.7,45.15,-0.7999992370605469,126.50000381469728,2,-10.25,53.35,43.1,-27.20000457763672,140.9000015258789,2,-16.95,87.55,70.6,6.75,73.8,80.55,-16.95,87.55,70.6,2025,487.4294795177312,398.96678250840375,13762.498855590822,12876.102593564687,89662.50228881836
2025-08-29,20250902,0.25/0.1,24499.9,4.24,24700,24350,24900,24150,0.248,-0.255,0.089,-0.096,53.89999771118164,12.349997997283936,15.449997425079346,-1.850001335144043,200,200,38.54999923706055,39.599998474121094,11.399999618530272,12.850000381469728,22.299999237060547,35.95000076293945,6.400000095367432,10.300000190734863,1.05,38.3,39.35,-8.65,28.85,20.2,-7.600000381469727,67.14999961853027,2,1.35,24.65,26.0,-9.80000114440918,71.39999961853027,2,,,,-2.8000030517578125,42.150001525878906,1,,,,-11.150001525878906,46.75,1,-11.15,46.75,35.6,-2.8,42.15,39.35,-11.15,46.75,35.6,2025,338.5627497919243,317.7167252914555,9262.498497962952,8606.219022879572,109575.00171661377
2025-08-29,20250902,0.25/0.05,24499.9,4.24,24700,24350,25000,24000,0.248,-0.255,0.054,-0.048,65.19999742507935,15.999997615814207,20.29999732971191,-2.4500012397766113,300,350,38.54999923706055,39.599998474121094,6.650000095367432,6.300000190734863,22.299999237060547,35.95000076293945,4.050000190734863,5.0,1.05,38.3,39.35,-8.65,28.85,20.2,-7.600000381469727,67.14999961853027,2,1.35,24.65,26.0,-9.80000114440918,71.39999961853027,2,,,,-2.8000030517578125,42.150001525878906,1,,,,-11.150001525878906,46.75,1,-11.15,46.75,35.6,-2.8,42.15,39.35,-11.15,46.75,35.6,2025,282.7266933561408,305.7495570615108,11999.998211860655,11411.521961443004,213600.0019311905
2025-09-01,20250902,0.35/0.15,24543.35,1.24,24600,24500,24750,24350,0.391,-0.368,0.134,-0.122,64.70000076293945,-6.34999942779541,9.200001239776611,-8.700001239776611,150,150,50.400001525878906,36.849998474121094,12.149999618530272,10.399999618530272,75.4000015258789,17.299999237060547,16.100000381469727,5.550000190734863,-6.6,43.9,37.3,-1.9,42.95,41.05,-8.500003814697266,86.85000228881836,2,,,,33.0,42.400001525878906,1,-1.9,42.95,41.05,-7.25,95.29999923706056,2,,,,20.550003051757812,54.849998474121094,1,33.0,42.4,75.4,-5.35,52.35,47.0,20.55,54.85,75.4,2025,492.2128718387866,343.74833643458413,-4762.499570846558,-5598.460779119929,63974.99942779541
2025-09-01,20250902,0.25/0.1,24543.35,1.24,24650,24450,24800,24300,0.288,-0.26,0.088,-0.083,42.250001430511475,-3.09999942779541,9.250000953674316,-6.24999737739563,150,150,32.150001525878906,24.399999618530273,7.449999809265137,6.849999904632568,46.95000076293945,11.550000190734863,9.0,4.150000095367432,19.95,27.0,46.95,-3.65,28.65,25.0,16.30000114440918,55.64999961853027,2,,,,21.5,25.450000762939453,1,-3.65,28.65,25.0,10.350000381469728,61.60000038146973,2,,,,12.700000762939451,34.25,1,21.5,25.45,46.95,14.0,32.95,46.95,12.7,34.25,46.95,2025,363.5307510433131,287.6468852962885,-2324.9995708465576,-2976.177207186159,80812.4989271164
2025-09-01,20250902,0.25/0.05,24543.35,1.24,24650,24450,24850,24200,0.288,-0.26,0.058,-0.043,48.350001096725464,-2.299999713897705,11.30000066757202,-5.699997901916504,200,250,32.150001525878906,24.399999618530273,4.650000095367432,3.549999952316284,46.95000076293945,11.550000190734863,5.050000190734863,2.799999952316284,19.95,27.0,46.95,-3.65,28.65,25.0,16.30000114440918,55.64999961853027,2,,,,21.5,25.450000762939453,1,-3.65,28.65,25.0,10.350000381469728,61.60000038146973,2,,,,12.700000762939451,34.25,1,21.5,25.45,46.95,14.0,32.95,46.95,12.7,34.25,46.95,2025,339.0721669927359,279.93992475984857,-1724.9997854232788,-2344.0118771758634,151237.4991774559
2025-09-02,20250909,0.35/0.15,24695.2,7.24,24850,24600,25050,24350,0.356,-0.347,0.162,-0.149,99.80000114440918,-7.549997329711914,1.6499996185302734,-14.949991226196287,200,250,78.25,77.5,27.399999618530273,28.549999237060547,47.25,127.0,16.700000762939453,50.20000076293945,-2.45,93.9,91.45,-9.1,66.0,56.9,-11.550003051757812,159.9000015258789,2,-8.95,65.85,56.9,-14.5,161.4000015258789,2,-7.3,78.75,71.45,-9.750007629394531,172.6500015258789,2,40.85,79.3,120.15,35.29999542236328,174.85000610351562,2,-5.55,95.55,90.0,-2.45,93.9,91.45,-5.55,95.55,90.0,2025,327.99410053391813,503.76215391394715,-5662.497997283936,-6494.254251731801,112649.99914169312
2025-09-02,20250909,0.25/0.1,24695.2,7.24,24950,24500,25150,24250,0.248,-0.251,0.101,-0.106,63.499996185302734,-8.600008010864258,1.3999958038330078,-15.45000457763672,200,250,47.099998474121094,51.849998474121094,15.600000381469728,19.850000381469727,28.25,88.55000305175781,10.100000381469728,34.599998474121094,-4.35,59.0,54.65,50.35,41.65,92.0,46.0,100.6500015258789,2,-6.1,43.15,37.05,-9.95000457763672,103.0500030517578,2,38.05,53.95,92.0,33.70000076293945,112.95000076293944,2,29.05,53.7,82.75,25.199996948242188,113.60000228881836,2,-3.85,59.9,56.05,-4.35,59.0,54.65,-3.85,59.9,56.05,2025,342.6850010061114,393.26793726841834,-6450.006008148193,-7185.958946422723,139875.00286102295
2025-09-02,20250909,0.25/0.05,24695.2,7.24,24950,24500,25300,24000,0.248,-0.251,0.048,-0.051,82.54999732971191,-14.450005531311035,2.0499954223632812,-24.400003910064697,350,500,47.099998474121094,51.849998474121094,6.75,9.649999618530272,28.25,88.55000305175781,4.800000190734863,15.0,-4.35,59.0,54.65,50.35,41.65,92.0,46.0,100.6500015258789,2,-6.1,43.15,37.05,-9.95000457763672,103.0500030517578,2,38.05,53.95,92.0,33.70000076293945,112.95000076293944,2,29.05,53.7,82.75,25.199996948242188,113.60000228881836,2,-3.85,59.9,56.05,-4.35,59.0,54.65,-3.85,59.9,56.05,2025,342.6850010061114,360.3057575791707,-10837.504148483276,-11540.494907068558,313087.50200271606
2025-09-03,20250909,0.35/0.15,24557.1,6.24,24700,24450,24900,24250,0.352,-0.33,0.152,-0.155,87.60000038146973,-6.299995422363281,4.249996185302734,-7.25,200,200,70.75,67.75,23.850000381469727,27.049999237060547,110.6999969482422,34.95000076293945,37.150001525878906,14.600000381469728,-2.25,81.25,79.0,-0.95,60.2,59.25,-3.200000762939453,141.45000076293945,2,,,,-0.25,83.75,1,-10.0,68.2,58.2,-12.25,149.4499969482422,2,,,,-0.25,83.75,1,-0.25,83.75,83.5,-2.25,81.25,79.0,-0.25,83.75,83.5,2025,1227.8024053428906,457.8777795298558,-4724.996566772461,-6410.676751645207,84299.9997138977
2025-09-03,20250909,0.25/0.1,24557.1,6.24,24800,24350,25000,24150,0.238,-0.229,0.095,-0.103,53.00000190734863,-4.399998664855957,4.650001525878906,-5.7000017166137695,200,200,41.400001525878906,42.79999923706055,13.899999618530272,17.299999237060547,66.25,22.0,20.549999237060547,10.300000190734863,-5.6,48.9,43.3,-5.5,38.85,33.35,-11.10000228881836,87.75,2,,,,-0.1499977111816406,48.54999923706055,1,-10.0,43.05,33.05,-15.60000228881836,91.95000076293944,2,,,,-0.1499977111816406,48.54999923706055,1,-0.15,48.55,48.4,-5.6,48.9,43.3,-0.15,48.55,48.4,2025,787.7770435011437,351.7189545665841,-3299.998998641968,-4439.494996709695,110249.99856948853
2025-09-03,20250909,0.25/0.05,24557.1,6.24,24800,24350,25150,23950,0.238,-0.229,0.047,-0.05,69.45000076293945,-4.59999942779541,6.749997615814209,-6.500002384185791,350,400,41.400001525878906,42.79999923706055,6.5,8.25,66.25,22.0,8.199999809265137,6.0,-5.6,48.9,43.3,-5.5,38.85,33.35,-11.10000228881836,87.75,2,,,,-0.1499977111816406,48.54999923706055,1,-10.0,43.05,33.05,-15.60000228881836,91.95000076293944,2,,,,-0.1499977111816406,48.54999923706055,1,-0.15,48.55,48.4,-5.6,48.9,43.3,-0.15,48.55,48.4,2025,676.1138311424379,328.42405630958416,-3449.9995708465576,-4454.5374582985805,247912.4994277954
2025-09-04,20250909,0.35/0.15,24895.25,5.24,25000,24800,25200,24600,0.375,-0.329,0.142,-0.148,81.35000419616699,-14.199992179870604,2.5000057220458984,-17.599990844726562,200,200,65.05000305175781,58.70000076293945,18.799999237060547,23.600000381469727,28.100000381469727,119.1999969482422,8.800000190734863,42.95000076293945,-8.45,52.0,43.55,19.25,57.25,76.5,10.799999237060549,109.25,2,-3.5,91.8,88.3,-11.849998474121094,140.10000228881836,2,17.65,58.85,76.5,17.650001525878906,58.849998474121094,1,-3.5,91.8,88.3,-3.5,91.8000030517578,1,-8.35,48.3,39.95,,,,,,,2025,1125.058511359441,439.85012664890627,-10649.994134902952,-12214.902772911299,88987.49685287476
2025-09-04,20250909,0.25/0.1,24895.25,5.24,25100,24750,25250,24500,0.239,-0.27,0.108,-0.102,51.45000076293945,-25.2999963760376,3.299999237060547,-30.699999809265137,150,250,35.25,46.0,13.649999618530272,16.149999618530273,15.550000190734863,93.9499969482422,6.75,26.0,-9.05,29.0,19.95,13.7,44.75,58.45,4.649997711181641,73.75,2,-2.8,71.75,68.95,-7.600002288818359,98.0,2,5.35,53.1,58.45,5.349998474121094,53.099998474121094,1,-2.8,71.75,68.95,-2.8000030517578125,71.75,1,-4.8,26.25,21.45,,,,,,,2025,755.0025107596788,357.30619792573316,-18974.997282028202,-20087.305990713612,148912.4994277954
2025-09-04,20250909,0.25/0.05,24895.25,5.24,25100,24750,25400,24300,0.239,-0.27,0.051,-0.052,66.65000009536743,-29.199996948242188,3.9499993324279785,-36.70000123977661,300,450,35.25,46.0,6.150000095367432,8.449999809265137,15.550000190734863,93.9499969482422,3.5999999046325684,10.050000190734863,-9.05,29.0,19.95,13.7,44.75,58.45,4.649997711181641,73.75,2,-2.8,71.75,68.95,-7.600002288818359,98.0,2,5.35,53.1,58.45,5.349998474121094,53.099998474121094,1,-2.8,71.75,68.95,-2.8000030517578125,71.75,1,-4.8,26.25,21.45,,,,,,,2025,637.374948052855,331.82353360285333,-21899.99771118164,-22869.19619283735,287512.4999284744
2025-09-05,20250909,0.35/0.15,24774.2,4.24,24900,24700,25000,24550,0.306,-0.325,0.172,-0.147,46.900001525878906,-6.25,1.0000019073486328,-30.899999618530273,100,150,40.650001525878906,44.04999923706055,20.0,17.799999237060547,35.400001525878906,58.0,17.399999618530273,22.850000381469727,-6.5,34.8,28.3,57.45,45.95,103.4,50.95000076293945,80.75,2,-5.15,98.95,93.8,7.500005722045898,123.84999656677246,2,57.45,45.95,103.4,47.45000076293945,91.0,2,-5.15,98.95,93.8,-12.849994659423828,144.1999969482422,2,12.65,24.9,37.55,-10.0,45.05,35.05,-7.7,45.25,37.55,2025,284.8022449678027,366.2351278955193,-4687.5,-5338.537372863322,77324.99885559082
2025-09-05,20250909,0.25/0.1,24774.2,4.24,24950,24650,25100,24500,0.232,-0.251,0.09,-0.113,37.949997901916504,-5.100001811981201,0.0,-27.600001335144043,150,150,28.549999237060547,32.349998474121094,9.5,13.449999809265137,25.100000381469727,42.79999923706055,7.849999904632568,17.0,-8.2,26.0,17.8,56.7,35.95,92.65,48.5,61.95000076293945,2,-5.65,76.05,70.4,2.8999996185302734,93.95000267028809,2,56.7,35.95,92.65,51.5,64.75,2,-5.65,76.05,70.4,-11.05000114440918,107.90000343322754,2,8.55,17.9,26.45,-5.2,28.8,23.6,-5.4,31.85,26.45,2025,214.0770383300763,310.8431055667608,-3825.001358985901,-4349.921502882738,84037.50157356262
2025-09-05,20250909,0.25/0.05,24774.2,4.24,24950,24650,25200,24350,0.232,-0.251,0.049,-0.052,49.79999780654907,-7.000001430511475,0.149998664855957,-45.499998569488525,250,300,28.549999237060547,32.349998474121094,5.0,6.099999904632568,25.100000381469727,42.79999923706055,4.050000190734863,7.050000190734863,-8.2,26.0,17.8,56.7,35.95,92.65,48.5,61.95000076293945,2,-5.65,76.05,70.4,2.8999996185302734,93.95000267028809,2,56.7,35.95,92.65,51.5,64.75,2,-5.65,76.05,70.4,-11.05000114440918,107.90000343322754,2,8.55,17.9,26.45,-5.2,28.8,23.6,-5.4,31.85,26.45,2025,205.8496209382674,292.19164830696513,-5250.001072883606,-5748.042342128839,187650.0016450882
2025-09-08,20250909,0.35/0.15,24832.75,1.24,24900,24800,25050,24650,0.365,-0.402,0.121,-0.147,64.99999904632568,12.199999809265137,15.949998378753662,-2.250000476837158,150,150,44.099998474121094,45.25,10.699999809265137,13.649999618530272,24.700000762939453,49.349998474121094,5.949999809265137,15.300000190734863,19.45,30.15,49.6,-5.15,56.15,51.0,14.299997329711914,86.30000114440918,2,-7.0,29.35,22.35,-13.549999237060549,69.55000114440918,2,-5.15,56.15,51.0,-1.6500015258789062,102.25,2,0.9,48.45,49.35,-15.549999237060549,98.54999923706056,2,-6.55,40.2,33.65,3.5,46.1,49.6,-16.45,50.1,33.65,2025,315.4703092526129,339.86702742339656,9149.999856948853,8494.662520272843,63750.00071525574
2025-09-08,20250909,0.25/0.1,24832.75,1.24,24950,24750,25050,24600,0.265,-0.291,0.121,-0.105,37.69999980926514,6.849998474121094,11.349999904632568,-5.049997806549072,100,150,28.350000381469727,29.649999618530273,10.699999809265137,9.600000381469728,15.050000190734863,32.70000076293945,5.949999809265137,10.949999809265137,9.45,19.5,28.95,0.0,37.6,37.6,9.450000762939451,57.099998474121094,2,-4.2,19.05,14.85,-9.39999771118164,44.44999885559082,2,0.0,37.6,37.6,-0.75,67.29999923706055,2,,,,-11.5,31.700000762939453,1,-5.2,25.4,20.2,-0.75,29.7,28.95,-11.5,31.7,20.2,2025,272.6213652288066,291.58190520522123,5137.49885559082,4573.295585156792,84225.00014305115
2025-09-08,20250909,0.25/0.05,24832.75,1.24,24950,24750,25150,24450,0.265,-0.291,0.049,-0.045,49.84999990463257,9.399999141693115,14.649999618530272,-5.30000114440918,200,300,28.350000381469727,29.649999618530273,3.849999904632568,4.300000190734863,15.050000190734863,32.70000076293945,2.75,4.550000190734863,9.45,19.5,28.95,0.0,37.6,37.6,9.450000762939451,57.099998474121094,2,-4.2,19.05,14.85,-9.39999771118164,44.44999885559082,2,0.0,37.6,37.6,-0.75,67.29999923706055,2,,,,-11.5,31.700000762939453,1,-5.2,25.4,20.2,-0.75,29.7,28.95,-11.5,31.7,20.2,2025,252.3780318153759,277.25020115758775,7049.999356269836,6520.371123296873,187612.50007152557
2025-09-09,20250916,0.35/0.15,24856.6,7.24,25000,24750,25250,24500,0.375,-0.337,0.144,-0.15,108.64999961853027,3.149995803833008,5.199995040893555,-1.0,250,250,87.3499984741211,75.75,24.649999618530273,29.799999237060547,77.9000015258789,72.6500015258789,19.399999618530273,25.649999618530273,-3.65,80.15,76.5,0.2,82.8,83.0,-3.4500045776367188,162.95000457763672,2,-10.85,88.5,77.65,-16.949996948242188,173.4000015258789,2,0.2,82.8,83.0,-7.750007629394531,170.45000457763672,2,-10.85,88.5,77.65,-20.29999542236328,176.75,2,-6.1,84.9,78.8,-7.95,87.65,79.7,-9.45,88.25,78.8,2025,188.25400927436675,479.80172853101453,2362.496852874756,1694.4411150693747,106012.5002861023
2025-09-09,20250916,0.25/0.1,24856.6,7.24,25100,24650,25350,24350,0.267,-0.246,0.093,-0.093,73.25000286102295,4.4000043869018555,5.350003242492676,-2.0999975204467773,250,300,54.150001525878906,51.900001525878906,14.699999809265137,18.100000381469727,46.04999923706055,47.79999923706055,10.699999809265137,14.300000190734863,-4.8,50.75,45.95,-2.75,57.0,54.25,-7.549999237060547,107.75,2,-7.6,60.8,53.2,-12.599998474121094,113.54999923706056,2,-2.75,57.0,54.25,-11.299999237060549,111.5,2,-7.6,60.8,53.2,-14.75,115.70000076293944,2,-5.0,52.75,47.75,-8.55,54.5,45.95,-7.15,54.9,47.75,2025,162.84514173751697,371.19650915006974,3300.0032901763916,2765.961639288805,170062.4978542328
2025-09-09,20250916,0.25/0.05,24856.6,7.24,25100,24650,25500,24100,0.267,-0.246,0.049,-0.047,89.20000267028809,7.250003814697266,7.80000114440918,-2.999997615814209,400,550,54.150001525878906,51.900001525878906,7.300000190734863,9.550000190734863,46.04999923706055,47.79999923706055,5.199999809265137,6.699999809265137,-4.8,50.75,45.95,-2.75,57.0,54.25,-7.549999237060547,107.75,2,-7.6,60.8,53.2,-12.599998474121094,113.54999923706056,2,-2.75,57.0,54.25,-11.299999237060549,111.5,2,-7.6,60.8,53.2,-14.75,115.70000076293944,2,-5.0,52.75,47.75,-8.55,54.5,45.95,-7.15,54.9,47.75,2025,162.84514173751697,351.8524280331153,5437.502861022949,4922.805291252316,345599.99799728394
2025-09-10,20250916,0.35/0.15,25013.9,6.24,25150,24900,25350,24700,0.363,-0.324,0.158,-0.156,88.10000228881836,12.350006103515623,13.450000762939451,-3.6499977111816406,200,200,74.5,66.80000305175781,25.100000381469727,28.100000381469727,49.5,68.19999694824219,15.600000381469728,26.350000381469727,3.15,75.25,78.4,-5.2,66.2,61.0,-2.0499954223632812,141.4499969482422,2,-3.45,69.3,65.85,-16.800010681152344,147.85000610351562,2,-7.7,68.7,61.0,-4.549995422363281,143.9499969482422,2,-3.45,69.3,65.85,-16.800010681152344,147.85000610351562,2,-13.35,78.55,65.2,3.15,75.25,78.4,-13.35,78.55,65.2,2025,710.6954277428564,441.75527911567303,9262.504577636717,8110.053870778188,83924.99828338623
2025-09-10,20250916,0.25/0.1,25013.9,6.24,25250,24850,25450,24600,0.248,-0.271,0.098,-0.108,64.3499984741211,9.749999046325684,10.599998474121094,-2.4000015258789062,200,250,44.04999923706055,53.5,14.25,18.950000762939453,27.600000381469727,53.29999923706055,9.199999809265137,17.100000381469727,-0.85,44.4,43.55,-5.5,55.1,49.6,-6.350002288818359,99.5,2,-3.3,55.05,51.75,-12.299999237060549,101.64999771118164,2,-5.5,55.1,49.6,-6.350002288818359,99.5,2,-3.3,55.05,51.75,-12.299999237060549,101.64999771118164,2,-9.0,46.6,37.6,-0.85,44.4,43.55,-9.0,46.6,37.6,2025,480.0682267314577,359.28645224428607,7312.499284744263,6473.144605768519,139237.50114440918
2025-09-10,20250916,0.25/0.05,25013.9,6.24,25250,24850,25600,24350,0.248,-0.271,0.047,-0.049,82.49999904632568,13.94999933242798,15.099998474121094,-3.1000022888183594,350,500,44.04999923706055,53.5,6.300000190734863,8.75,27.600000381469727,53.29999923706055,4.650000095367432,7.699999809265137,-0.85,44.4,43.55,-5.5,55.1,49.6,-6.350002288818359,99.5,2,-3.3,55.05,51.75,-12.299999237060549,101.64999771118164,2,-5.5,55.1,49.6,-6.350002288818359,99.5,2,-3.3,55.05,51.75,-12.299999237060549,101.64999771118164,2,-9.0,46.6,37.6,-0.85,44.4,43.55,-9.0,46.6,37.6,2025,395.1568951834039,338.2936281961887,10462.499499320986,9729.048975941394,313125.00071525574
2025-09-11,20250916,0.35/0.15,24977.4,5.24,25100,24900,25300,24700,0.357,-0.339,0.134,-0.141,82.14999771118164,4.949995994567871,7.0,-0.7000064849853516,200,200,64.44999694824219,55.900001525878906,17.850000381469727,20.350000381469727,67.05000305175781,41.29999923706055,16.200000762939453,14.949999809265137,-7.7,63.85,56.15,-7.1,59.1,52.0,-14.79999542236328,122.9499969482422,2,-8.5,55.5,47.0,-8.950004577636719,121.6500015258789,2,-7.1,59.1,52.0,-15.849998474121094,124.0,2,,,,-0.4500045776367187,66.1500015258789,1,-0.45,66.15,65.7,-8.75,64.9,56.15,-0.45,66.15,65.7,2025,878.9740384952096,399.70514028998804,3712.4969959259033,2433.8178171407058,88387.50171661377
2025-09-11,20250916,0.25/0.1,24977.4,5.24,25200,24850,25350,24600,0.228,-0.275,0.102,-0.092,51.74999713897705,7.649996757507324,9.149996757507324,-0.7000017166137695,150,250,34.599998474121094,43.29999923706055,13.050000190734863,13.100000381469728,33.70000076293945,31.649999618530273,11.399999618530272,9.850000381469728,1.05,32.65,33.7,-7.95,45.8,37.85,-6.899999618530273,78.44999885559082,2,-6.5,42.5,36.0,-7.900001525878906,76.9000015258789,2,-7.95,45.8,37.85,-10.049999237060549,81.5999984741211,2,,,,-3.4000015258789062,36.400001525878906,1,-1.4,34.4,33.0,-2.1,35.8,33.7,-3.4,36.4,33.0,2025,599.2646984528465,325.338054458839,5737.497568130493,4812.894815218808,148687.5021457672
2025-09-11,20250916,0.25/0.05,24977.4,5.24,25200,24850,25500,24450,0.228,-0.275,0.048,-0.052,64.49999761581421,9.84999704360962,12.04999828338623,-0.5000042915344238,300,400,34.599998474121094,43.29999923706055,5.849999904632568,7.550000190734863,33.70000076293945,31.649999618530273,4.449999809265137,6.25,1.05,32.65,33.7,-7.95,45.8,37.85,-6.899999618530273,78.44999885559082,2,-6.5,42.5,36.0,-7.900001525878906,76.9000015258789,2,-7.95,45.8,37.85,-10.049999237060549,81.5999984741211,2,,,,-3.4000015258789062,36.400001525878906,1,-1.4,34.4,33.0,-2.1,35.8,33.7,-3.4,36.4,33.0,2025,520.9038585482695,309.7915949445565,7387.497782707214,6556.802329214388,251625.00178813934
2025-09-12,20250916,0.35/0.15,25050.3,4.24,25150,25000,25300,24850,0.348,-0.362,0.13,-0.157,65.39999771118164,0.6499996185302734,1.049997329711914,-8.700004577636719,150,150,47.349998474121094,49.25,13.100000381469728,18.100000381469727,65.0999984741211,29.649999618530273,17.600000381469727,12.399999618530272,20.75,53.05,73.8,,,,20.750003814697266,53.04999923706055,1,-3.75,33.4,29.65,-4.750001907348633,96.35000228881836,2,,,,20.750003814697266,53.04999923706055,1,,,,-1.0,62.95000076293945,1,-1.0,62.95,61.95,20.75,53.05,73.8,-1.0,62.95,61.95,2025,295.49807286208875,366.21932801283174,487.4997138977051,-174.2176869772154,63450.00171661377
2025-09-12,20250916,0.25/0.1,25050.3,4.24,25200,24950,25350,24750,0.26,-0.279,0.09,-0.088,48.60000133514404,1.700000286102295,2.4000024795532227,-7.200000762939453,150,200,31.600000381469727,35.45000076293945,8.699999809265137,9.75,43.95000076293945,21.75,10.949999809265137,7.849999904632568,13.65,36.3,49.95,,,,13.650001525878906,36.29999923706055,1,-2.6,24.35,21.75,-3.6000003814697266,67.25000190734863,2,,,,13.650001525878906,36.29999923706055,1,,,,-1.0,42.900001525878906,1,-1.0,42.9,41.9,13.65,36.3,49.95,-1.0,42.9,41.9,2025,216.0005753020144,308.6862111076815,1275.0002145767212,750.3134281670253,113549.99899864197
2025-09-12,20250916,0.25/0.05,25050.3,4.24,25200,24950,25450,24650,0.26,-0.279,0.045,-0.052,57.100000858306885,1.4499998092651367,2.250001907348633,-11.20000171661377,250,300,31.600000381469727,35.45000076293945,4.150000095367432,5.800000190734863,43.95000076293945,21.75,4.349999904632568,5.699999809265137,13.65,36.3,49.95,,,,13.650001525878906,36.29999923706055,1,-2.6,24.35,21.75,-3.6000003814697266,67.25000190734863,2,,,,13.650001525878906,36.29999923706055,1,,,,-1.0,42.900001525878906,1,-1.0,42.9,41.9,13.65,36.3,49.95,-1.0,42.9,41.9,2025,216.0005753020144,296.49309639376924,1087.4998569488525,575.0061852530689,182174.99935626984
2025-09-15,20250916,0.35/0.15,25092.0,1.24,25150,25050,25250,24900,0.368,-0.373,0.162,-0.128,53.20000076293945,15.95000171661377,15.95000171661377,-0.6500005722045898,100,150,38.900001525878906,38.54999923706055,13.050000190734863,11.199999809265137,26.649999618530273,27.5,8.550000190734863,8.350000381469727,-9.0,38.4,29.4,-6.95,41.45,34.5,-15.950000762939451,79.85000228881836,2,-9.45,40.5,31.05,-15.60000228881836,77.1500015258789,2,-6.95,41.45,34.5,-15.60000228881836,82.4000015258789,2,-9.45,40.5,31.05,-18.450000762939453,80.0,2,-6.15,36.65,30.5,-8.65,40.95,32.3,-9.0,39.5,30.5,2025,167.93332092460724,315.7989814184929,11962.501287460327,11478.768985117227,72599.99942779541
2025-09-15,20250916,0.25/0.1,25092.0,1.24,25200,25000,25300,24850,0.253,-0.266,0.1,-0.089,33.70000076293945,11.45000171661377,11.55000114440918,-0.5999994277954102,100,150,23.200000762939453,25.5,7.400000095367432,7.599999904632568,15.399999618530272,18.049999237060547,5.25,5.949999809265137,-7.5,22.9,15.4,-7.85,27.65,19.8,-15.350000381469728,50.54999923706055,2,-6.5,26.55,20.05,-10.049999237060549,47.599998474121094,2,-7.85,27.65,19.8,-17.450000762939453,52.25,2,-6.5,26.55,20.05,-6.5,26.549999237060547,1,-3.55,21.05,17.5,-9.6,24.6,15.0,,,,2025,189.06075766487336,268.9806431479735,8587.501287460327,8129.459886647481,87224.99942779541
2025-09-15,20250916,0.25/0.05,25092.0,1.24,25200,25000,25400,24750,0.253,-0.266,0.042,-0.046,41.850000619888306,14.650001764297484,14.750000953674316,-0.4999983310699463,200,250,23.200000762939453,25.5,2.950000047683716,3.900000095367432,15.399999618530272,18.049999237060547,2.700000047683716,3.549999952316284,-7.5,22.9,15.4,-7.85,27.65,19.8,-15.350000381469728,50.54999923706055,2,-6.5,26.55,20.05,-10.049999237060549,47.599998474121094,2,-7.85,27.65,19.8,-17.450000762939453,52.25,2,-6.5,26.55,20.05,-6.5,26.549999237060547,1,-3.55,21.05,17.5,-9.6,24.6,15.0,,,,2025,184.50547746284354,260.95400434949454,10987.501323223112,10542.041841410773,156112.49953508377
2025-09-16,20250923,0.35/0.15,25134.3,7.24,25300,25050,25500,24800,0.348,-0.355,0.162,-0.148,98.79999923706056,-3.5500030517578125,0.7499980926513672,-3.9000015258789062,200,250,77.5,77.0,28.350000381469727,27.350000381469727,113.6500015258789,47.95000076293945,41.79999923706055,17.450000762939453,-1.2,92.0,90.8,-6.8,58.2,51.4,-7.999996185302734,150.20000076293945,2,-3.85,58.15,54.3,-6.650005340576172,155.20000457763672,2,,,,-1.1999969482421875,92.0,1,,,,-2.8000030517578125,97.0500030517578,1,-2.8,97.05,94.25,-1.2,92.0,90.8,-2.8,97.05,94.25,2025,156.0027282691339,489.92280780596155,-2662.5022888183594,-3308.4278248934547,113400.00057220459
2025-09-16,20250923,0.25/0.1,25134.3,7.24,25400,24950,25600,24700,0.244,-0.254,0.102,-0.103,63.64999580383301,-3.0000038146972656,1.3999948501586914,-3.7500057220458984,200,250,47.599998474121094,50.849998474121094,16.200000762939453,18.600000381469727,71.0,31.299999237060547,23.149999618530273,12.5,0.6,57.85,58.45,,,,0.5999984741210938,57.849998474121094,1,-3.1,38.6,35.5,-5.399997711181641,98.9499969482422,2,,,,0.5999984741210938,57.849998474121094,1,,,,-2.299999237060547,60.349998474121094,1,-2.3,60.35,58.05,0.6,57.85,58.45,-2.3,60.35,58.05,2025,150.0,377.9760220713654,-2250.002861022949,-2777.9788830943144,139762.50314712524
2025-09-16,20250923,0.25/0.05,25134.3,7.24,25400,24950,25750,24450,0.244,-0.254,0.051,-0.048,82.14999675750732,-4.350002765655518,2.099994659423828,-5.700003623962402,350,500,47.599998474121094,50.849998474121094,7.449999809265137,8.850000381469727,71.0,31.299999237060547,9.199999809265137,6.599999904632568,0.6,57.85,58.45,,,,0.5999984741210938,57.849998474121094,1,-3.1,38.6,35.5,-5.399997711181641,98.9499969482422,2,,,,0.5999984741210938,57.849998474121094,1,,,,-2.299999237060547,60.349998474121094,1,-2.3,60.35,58.05,0.6,57.85,58.45,-2.3,60.35,58.05,2025,150.0,350.5795389257873,-3262.502074241638,-3763.0816131674255,313387.5024318695
2025-09-17,20250923,0.35/0.15,25319.45,6.24,25450,25250,25650,25050,0.364,-0.351,0.149,-0.155,86.59999465942383,4.099996566772461,5.599992752075195,-0.9500083923339844,200,200,71.44999694824219,61.29999923706055,21.950000762939453,24.200000762939453,73.0999984741211,51.599998474121094,22.149999618530273,20.049999237060547,-10.0,74.3,64.3,-9.65,64.4,54.75,-19.650001525878903,138.70000457763672,2,2.55,51.7,54.25,-4.100002288818359,125.25000381469728,2,-9.65,64.4,54.75,-19.650001525878903,138.70000457763672,2,,,,-6.650001525878906,73.55000305175781,1,-6.65,73.55,66.9,-10.0,74.3,64.3,-6.65,73.55,66.9,2025,619.8431262963023,432.8961771014566,3074.9974250793457,2022.258121681587,85050.00400543213
2025-09-17,20250923,0.25/0.1,25319.45,6.24,25550,25150,25750,24950,0.241,-0.235,0.089,-0.105,50.049997329711914,3.84999942779541,5.149995803833008,-0.5500020980834961,200,200,40.29999923706055,38.04999923706055,12.100000381469728,16.200000762939453,40.79999923706055,31.549999237060547,12.300000190734863,13.850000381469728,-7.5,40.1,32.6,-0.9,32.45,31.55,-8.400001525878906,72.54999923706055,2,1.75,31.35,33.1,-1.8000011444091797,71.14999961853027,2,-7.15,38.7,31.55,-16.500003814697266,80.6500015258789,2,,,,-5.849998474121094,42.099998474121094,1,-3.55,39.8,36.25,-9.35,41.95,32.6,-5.85,42.1,36.25,2025,411.9708678959753,334.1286501801562,2887.4995708465576,2141.4000527704266,112462.50200271606
2025-09-17,20250923,0.25/0.05,25319.45,6.24,25550,25150,25850,24700,0.241,-0.235,0.054,-0.048,63.249998569488525,5.700000286102295,8.299997806549072,-0.600001335144043,300,450,40.29999923706055,38.04999923706055,7.099999904632568,8.0,40.79999923706055,31.549999237060547,7.300000190734863,7.5,-7.5,40.1,32.6,-0.9,32.45,31.55,-8.400001525878906,72.54999923706055,2,1.75,31.35,33.1,-1.8000011444091797,71.14999961853027,2,-7.15,38.7,31.55,-16.500003814697266,80.6500015258789,2,,,,-5.849998474121094,42.099998474121094,1,-3.55,39.8,36.25,-9.35,41.95,32.6,-5.85,42.1,36.25,2025,380.668761656493,317.5779083299386,4275.000214576721,3576.7535445902895,290062.5010728836
2025-09-18,20250923,0.35/0.15,25418.45,5.24,25550,25350,25700,25200,0.324,-0.329,0.138,-0.158,58.150001525878906,4.150002479553223,4.850000381469727,-3.3999996185302734,150,150,48.95000076293945,45.70000076293945,16.25,20.25,40.54999923706055,43.45000076293945,12.300000190734863,17.700000762939453,-6.1,49.65,43.55,-9.7,50.2,40.5,-15.800003051757812,99.85000228881836,2,11.2,43.8,55.0,2.049999237060547,94.5,2,-9.7,50.2,40.5,-15.800003051757812,99.85000228881836,2,6.65,48.35,55.0,-2.5,99.04999923706056,2,-9.15,50.7,41.55,-6.1,49.65,43.55,-9.15,50.7,41.55,2025,503.6763483389265,362.30079896653126,3112.501859664917,2246.5247123594595,68887.49885559082
2025-09-18,20250923,0.25/0.1,25418.45,5.24,25600,25300,25750,25100,0.249,-0.258,0.1,-0.1,44.34999942779541,5.049999237060547,5.049999237060547,-5.1500020027160645,150,200,34.099998474121094,34.45000076293945,11.300000190734863,12.899999618530272,27.200000762939453,31.549999237060547,8.149999618530273,11.300000190734863,4.25,22.95,27.2,7.0,38.0,45.0,11.25,60.95000076293945,2,7.85,32.6,40.45,1.200002670288086,67.39999771118164,2,7.0,38.0,45.0,7.0,38.0,1,4.6,35.85,40.45,-2.049997329711914,70.64999771118164,2,-6.65,34.8,28.15,,,,-6.65,34.8,28.15,2025,386.0192899979469,310.5712681445913,3787.49942779541,3090.908869652872,116737.50042915344
2025-09-18,20250923,0.25/0.05,25418.45,5.24,25600,25300,25850,24900,0.249,-0.258,0.055,-0.048,55.99999904632568,7.349998950958252,7.349998950958252,-7.000002861022949,250,400,34.099998474121094,34.45000076293945,5.900000095367432,6.650000095367432,27.200000762939453,31.549999237060547,4.400000095367432,5.699999809265137,4.25,22.95,27.2,7.0,38.0,45.0,11.25,60.95000076293945,2,7.85,32.6,40.45,1.200002670288086,67.39999771118164,2,7.0,38.0,45.0,7.0,38.0,1,4.6,35.85,40.45,-2.049997329711914,70.64999771118164,2,-6.65,34.8,28.15,,,,-6.65,34.8,28.15,2025,343.7008256011203,296.6748078750589,5512.499213218689,4872.12357974251,258000.00071525574
2025-09-19,20250923,0.35/0.15,25334.4,4.24,25450,25250,25550,25100,0.312,-0.315,0.166,-0.143,47.99999809265137,7.40000057220459,8.500000953674316,-4.150001525878906,100,150,39.04999923706055,44.29999923706055,17.700000762939453,17.649999618530273,35.099998474121094,32.04999923706055,15.0,11.550000190734863,-10.0,40.5,30.5,-5.4,53.0,47.6,-15.400001525878906,93.5,2,-9.55,45.9,36.35,-11.95000457763672,83.4000015258789,2,-5.4,53.0,47.6,-15.400001525878906,93.5,2,-9.55,45.9,36.35,-13.600006103515623,85.05000305175781,2,-2.4,37.5,35.1,-10.0,40.5,30.5,-4.05,39.15,35.1,2025,316.6018639929774,340.5063841332861,5550.000429153442,4892.8921810271795,76500.00143051147
2025-09-19,20250923,0.25/0.1,25334.4,4.24,25500,25200,25600,25050,0.232,-0.244,0.116,-0.111,33.79999828338623,6.749998092651367,7.499999046325684,-3.650002479553222,100,150,26.649999618530273,32.29999923706055,11.600000381469728,13.550000190734863,23.5,22.5,9.949999809265137,9.0,-4.25,27.75,23.5,-6.2,38.45,32.25,-10.450000762939451,66.20000076293945,2,-7.35,32.7,25.35,-9.149999618530272,58.0,2,-6.2,38.45,32.25,-10.450000762939451,66.20000076293945,2,-7.35,32.7,25.35,-7.350000381469727,32.70000076293945,1,-1.8,25.3,23.5,-4.25,27.75,23.5,,,,2025,255.29586174056976,295.82513954594236,5062.498569488525,4511.377568202014,87150.00128746033
2025-09-19,20250923,0.25/0.05,25334.4,4.24,25500,25200,25750,24850,0.232,-0.244,0.045,-0.047,48.84999895095825,10.19999885559082,11.650000095367432,-5.600001811981201,250,350,26.649999618530273,32.29999923706055,4.199999809265137,5.900000095367432,23.5,22.5,3.5999999046325684,3.75,-4.25,27.75,23.5,-6.2,38.45,32.25,-10.450000762939451,66.20000076293945,2,-7.35,32.7,25.35,-9.149999618530272,58.0,2,-6.2,38.45,32.25,-10.450000762939451,66.20000076293945,2,-7.35,32.7,25.35,-7.350000381469727,32.70000076293945,1,-1.8,25.3,23.5,-4.25,27.75,23.5,,,,2025,228.90303345843444,278.38308984701683,7649.999141693115,7142.713018387664,225862.5007867813
2025-09-22,20250923,0.35/0.15,25324.75,1.24,25400,25300,25500,25150,0.339,-0.411,0.162,-0.137,51.69999980926514,-20.550000190734863,7.750000476837158,-33.349998474121094,100,150,37.400001525878906,40.349998474121094,14.5,11.550000190734863,11.949999809265137,90.75,5.800000190734863,24.649999618530273,-5.2,22.75,17.55,4.05,44.5,48.55,-1.1500015258789062,67.25,2,-4.95,45.25,40.3,-9.900001525878906,69.85000038146973,2,4.05,44.5,48.55,4.049999237060547,44.5,1,-4.95,45.25,40.3,-4.950000762939453,45.25,1,-4.95,24.6,19.65,,,,,,,2025,283.60699008131445,347.5632520218053,-15412.500143051147,-16043.670385154268,73725.00014305115
2025-09-22,20250923,0.25/0.1,25324.75,1.24,25450,25250,25550,25100,0.238,-0.288,0.105,-0.096,32.44999885559082,-14.000001430511476,6.799999713897705,-26.799999713897705,100,150,23.25,26.049999237060547,8.75,8.100000381469727,7.949999809265137,59.20000076293945,4.349999904632568,16.350000381469727,-5.75,13.7,7.95,-1.75,30.6,28.85,-7.500001907348633,44.30000019073486,2,-5.1,29.9,24.8,-8.700000762939453,44.75,2,-1.75,30.6,28.85,-1.7500019073486328,30.600000381469727,1,-5.1,29.9,24.8,-5.100000381469727,29.899999618530273,1,-3.6,14.85,11.25,,,,,,,2025,193.62833433071657,291.7501268141887,-10500.001072883608,-10985.379534028514,88162.50085830688
2025-09-22,20250923,0.25/0.05,25324.75,1.24,25450,25250,25650,25000,0.238,-0.288,0.045,-0.054,41.04999923706055,-15.500001430511476,10.25000023841858,-32.24999952316284,200,250,23.25,26.049999237060547,3.5,4.75,7.949999809265137,59.20000076293945,2.5999999046325684,8.0,-5.75,13.7,7.95,-1.75,30.6,28.85,-7.500001907348633,44.30000019073486,2,-5.1,29.9,24.8,-8.700000762939453,44.75,2,-1.75,30.6,28.85,-1.7500019073486328,30.600000381469727,1,-5.1,29.9,24.8,-5.100000381469727,29.899999618530273,1,-3.6,14.85,11.25,,,,,,,2025,176.21839099601925,278.08503942892906,-11625.001072883608,-12079.304503308555,156712.5005722046
2025-09-25,20250930,0.35/0.15,25039.55,5.24,25150,24950,25350,24800,0.369,-0.318,0.142,-0.159,73.85000228881836,4.150003433227539,6.250003814697266,-0.3499927520751953,200,150,64.9000015258789,50.25,19.049999237060547,22.25,38.20000076293945,79.0999984741211,13.899999618530272,33.70000076293945,-10.1,67.0,56.9,2.7,52.0,54.7,-7.400001525878906,119.0,2,-10.7,58.55,47.85,-17.75,112.14999771118164,2,2.7,52.0,54.7,-7.400001525878906,119.0,2,-10.7,58.55,47.85,-10.700000762939451,58.54999923706055,1,-7.05,53.6,46.55,-10.1,67.0,56.9,,,,2025,365.90059890144187,415.7608509414664,3112.5025749206543,2330.8411250777463,94612.49828338623
2025-09-25,20250930,0.25/0.1,25039.55,5.24,25250,24900,25400,24700,0.235,-0.254,0.11,-0.1,45.199997901916504,-7.200000762939453,1.9999971389770508,-7.399999618530273,150,200,35.04999923706055,38.099998474121094,14.399999618530272,13.550000190734863,22.350000381469727,60.349998474121094,11.300000190734863,19.0,-7.3,33.6,26.3,-0.45,39.75,39.3,-7.75,73.3499984741211,2,-8.4,44.3,35.9,-11.64999771118164,73.29999923706055,2,-0.45,39.75,39.3,-0.4500007629394531,39.75,1,-8.4,44.3,35.9,-8.39999771118164,44.29999923706055,1,-3.25,29.0,25.75,,,,,,,2025,313.74905072655963,336.3883118638125,-5400.00057220459,-6050.137934794961,116100.00157356262
2025-09-25,20250930,0.25/0.05,25039.55,5.24,25250,24900,25600,24550,0.235,-0.254,0.046,-0.054,59.79999780654907,-8.250001430511475,3.449995994567871,-8.849999904632568,350,350,35.04999923706055,38.099998474121094,5.900000095367432,7.449999809265137,22.350000381469727,60.349998474121094,5.699999809265137,8.949999809265137,-7.3,33.6,26.3,-0.45,39.75,39.3,-7.75,73.3499984741211,2,-8.4,44.3,35.9,-11.64999771118164,73.29999923706055,2,-0.45,39.75,39.3,-0.4500007629394531,39.75,1,-8.4,44.3,35.9,-8.39999771118164,44.29999923706055,1,-3.25,29.0,25.75,,,,,,,2025,281.6584858245301,314.7837149114459,-6187.501072883606,-6783.943273619581,217650.0016450882
2025-09-26,20250930,0.35/0.15,24779.25,4.24,24900,24700,25100,24550,0.349,-0.311,0.132,-0.141,66.45000076293945,-7.199999809265137,11.250003814697266,-10.699999809265137,200,150,60.650001525878906,40.29999923706055,17.75,16.75,26.399999618530273,105.1500015258789,10.949999809265137,46.95000076293945,-6.4,64.4,58.0,0.85,39.25,40.1,-5.5500030517578125,103.6500015258789,2,-2.1,42.0,39.9,-15.200000762939451,95.1500015258789,2,-2.5,42.6,40.1,-8.900001525878906,107.0,2,-2.1,42.0,39.9,-2.0999984741210938,42.0,1,-13.1,53.15,40.05,-6.4,64.4,58.0,,,,2025,150.0,414.1228817589737,-5399.9998569488525,-5964.122738707826,100162.49942779541
2025-09-26,20250930,0.25/0.1,24779.25,4.24,24950,24650,25150,24500,0.279,-0.239,0.103,-0.109,47.599998474121094,-9.950002670288086,9.249998092651367,-13.500003814697266,200,150,44.04999923706055,29.799999237060547,13.350000381469728,12.899999618530272,20.799999237060547,81.5,9.149999618530272,35.599998474121094,-7.65,47.1,39.45,-2.2,29.1,26.9,-9.84999656677246,76.19999885559082,2,-1.55,30.7,29.15,-10.950002670288086,68.9000015258789,2,-7.7,34.6,26.9,-15.349994659423828,81.69999694824219,2,-1.55,30.7,29.15,-1.5500011444091797,30.700000762939453,1,-9.4,38.2,28.8,-7.65,47.1,39.45,,,,2025,150.0,358.57506840975475,-7462.502002716064,-7971.077071125819,114300.00114440918
2025-09-26,20250930,0.25/0.05,24779.25,4.24,24950,24650,25300,24350,0.279,-0.239,0.051,-0.054,60.89999866485596,-19.500001430511475,11.599998474121094,-25.20000267028809,350,300,44.04999923706055,29.799999237060547,6.5,6.449999809265137,20.799999237060547,81.5,5.849999904632568,16.049999237060547,-7.65,47.1,39.45,-2.2,29.1,26.9,-9.84999656677246,76.19999885559082,2,-1.55,30.7,29.15,-10.950002670288086,68.9000015258789,2,-7.7,34.6,26.9,-15.349994659423828,81.69999694824219,2,-1.55,30.7,29.15,-1.5500011444091797,30.700000762939453,1,-9.4,38.2,28.8,-7.65,47.1,39.45,,,,2025,150.0,329.7393026378906,-14625.001072883606,-15104.740375521496,216825.00100135803
2025-09-29,20250930,0.35/0.15,24753.6,1.24,24850,24700,24950,24550,0.326,-0.338,0.164,-0.126,45.950002670288086,-6.399994850158691,7.5500030517578125,-22.749995231628414,100,150,42.150001525878906,32.20000076293945,16.799999237060547,11.600000381469728,12.550000190734863,69.69999694824219,6.5,23.399999618530273,4.2,47.0,51.2,0.2,31.15,31.35,4.399999618530273,78.14999961853027,2,38.65,32.5,71.15,35.300002098083496,50.54999923706055,2,-1.4,32.75,31.35,2.799999237060547,79.75,2,38.65,32.5,71.15,38.650001525878906,32.5,1,-3.35,18.05,14.7,4.2,47.0,51.2,,,,2025,306.71026032319253,337.2405758865504,-4799.996137619019,-5443.946973828762,78037.49799728394
2025-09-29,20250930,0.25/0.1,24753.6,1.24,24900,24650,25000,24500,0.236,-0.243,0.115,-0.094,29.550000190734863,-7.09999942779541,5.200000286102295,-21.399995803833008,100,150,26.649999618530273,22.700000762939453,11.050000190734863,8.75,8.800000190734863,49.349998474121094,5.199999809265137,16.299999237060547,-0.2,29.4,29.2,-2.85,22.55,19.7,-3.049997329711914,51.94999885559082,2,26.8,23.2,50.0,24.59999942779541,35.250000953674316,2,-5.65,25.35,19.7,-5.849998474121094,54.75,2,26.8,23.2,50.0,26.799999237060547,23.200000762939453,1,-2.2,12.05,9.85,-0.2,29.4,29.2,,,,2025,225.439427260616,290.61180840380524,-5324.999570846558,-5841.050806510979,90337.49985694885
2025-09-29,20250930,0.25/0.05,24753.6,1.24,24900,24650,25150,24400,0.236,-0.243,0.045,-0.056,39.80000019073486,-6.999998569488525,8.25,-25.499996423721313,250,250,26.649999618530273,22.700000762939453,4.150000095367432,5.400000095367432,8.800000190734863,49.349998474121094,3.5,7.849999904632568,-0.2,29.4,29.2,-2.85,22.55,19.7,-3.049997329711914,51.94999885559082,2,26.8,23.2,50.0,24.59999942779541,35.250000953674316,2,-5.65,25.35,19.7,-5.849998474121094,54.75,2,26.8,23.2,50.0,26.799999237060547,23.200000762939453,1,-2.2,12.05,9.85,-0.2,29.4,29.2,,,,2025,225.439427260616,276.33604411818146,-5249.998927116394,-5751.774398495191,157649.99985694885
2025-09-30,20251007,0.35/0.15,24641.8,7.24,24850,24550,25100,24250,0.331,-0.361,0.144,-0.15,111.90000343322754,8.899999618530273,9.350006103515623,-1.8499889373779297,250,300,85.55000305175781,87.9000015258789,29.100000381469727,32.45000076293945,66.9000015258789,75.4000015258789,17.799999237060547,21.5,-7.55,93.25,85.7,10.85,88.3,99.15,3.2999954223632812,181.5500030517578,2,-14.55,106.1,91.55,-17.49999237060547,185.4499969482422,2,10.85,88.3,99.15,3.2999954223632812,181.5500030517578,2,-14.55,106.1,91.55,-14.54999542236328,106.0999984741211,1,-2.95,79.35,76.4,-7.55,93.25,85.7,,,,2025,505.44003729128895,484.3137337814665,6674.999713897705,5685.245942824949,141074.99742507935
2025-09-30,20251007,0.25/0.1,24641.8,7.24,24950,24400,25200,24100,0.243,-0.234,0.101,-0.096,69.0,12.149999618530272,12.149999618530272,-1.3500022888183594,250,300,55.75,52.70000076293945,19.200000762939453,20.25,39.599998474121094,40.150001525878906,10.649999618530272,12.25,-9.05,61.5,52.45,3.1,53.2,56.3,-5.9499969482421875,114.70000076293944,2,-9.35,64.15,54.8,-10.85000228881836,115.20000076293944,2,3.1,53.2,56.3,-5.9499969482421875,114.70000076293944,2,-9.35,64.15,54.8,-9.35000228881836,64.1500015258789,1,-1.5,51.05,49.55,-9.05,61.5,52.45,,,,2025,339.4674544805005,368.9993046891299,9112.499713897703,8404.032954728073,173250.0
2025-09-30,20251007,0.25/0.05,24641.8,7.24,24950,24400,25400,23850,0.243,-0.234,0.052,-0.05,88.10000133514404,18.300001621246334,18.300001621246334,-2.8500003814697266,450,550,55.75,52.70000076293945,9.449999809265137,10.899999618530272,39.599998474121094,40.150001525878906,4.400000095367432,5.550000190734863,-9.05,61.5,52.45,3.1,53.2,56.3,-5.9499969482421875,114.70000076293944,2,-9.35,64.15,54.8,-10.85000228881836,115.20000076293944,2,3.1,53.2,56.3,-5.9499969482421875,114.70000076293944,2,-9.35,64.15,54.8,-9.35000228881836,64.1500015258789,1,-1.5,51.05,49.55,-9.05,61.5,52.45,,,,2025,318.5232144483275,348.7508726742657,13725.001215934752,13057.72712881216,346424.99899864197
2025-10-01,20251007,0.35/0.15,24682.3,6.24,24850,24600,25000,24350,0.321,-0.357,0.167,-0.141,84.99999809265137,1.9499998092651367,11.649999618530272,-2.500002861022949,150,250,61.79999923706055,74.0999984741211,26.25,24.649999618530273,109.75,25.899999618530273,43.650001525878906,8.949999809265137,-1.15,49.05,47.9,-0.25,82.05,81.8,-1.3999977111816406,131.10000228881836,2,,,,46.29999923706055,49.54999923706055,1,-0.25,82.05,81.8,39.29999542236328,146.70000457763672,2,,,,33.0,62.849998474121094,1,46.3,49.55,95.85,39.55,64.65,104.2,33.0,62.85,95.85,2025,418.3075179593884,452.6352025012861,1462.4998569488525,591.557136488178,123750.00143051147
2025-10-01,20251007,0.25/0.1,24682.3,6.24,24900,24500,25100,24250,0.263,-0.252,0.103,-0.097,63.59999752044678,-7.799997806549072,9.599998474121094,-12.250003814697266,200,250,46.79999923706055,48.04999923706055,14.800000190734863,16.450000762939453,82.69999694824219,16.299999237060547,21.200000762939453,6.400000095367432,-3.75,36.6,32.85,-5.15,53.55,48.4,-8.89999771118164,90.14999771118164,2,,,,36.04999923706055,36.70000076293945,1,-5.15,53.55,48.4,24.500003814697266,102.89999771118164,2,,,,16.349998474121094,56.400001525878906,1,36.05,36.7,72.75,29.65,49.35,79.0,16.35,56.4,72.75,2025,325.89906195610206,363.250877172292,-5849.998354911804,-6539.148294040198,139800.00185966492
2025-10-01,20251007,0.25/0.05,24682.3,6.24,24900,24500,25250,24050,0.263,-0.252,0.051,-0.05,79.39999866485596,-8.099997520446777,13.249999523162842,-16.650002479553223,350,450,46.79999923706055,48.04999923706055,6.949999809265137,8.5,82.69999694824219,16.299999237060547,7.199999809265137,4.300000190734863,-3.75,36.6,32.85,-5.15,53.55,48.4,-8.89999771118164,90.14999771118164,2,,,,36.04999923706055,36.70000076293945,1,-5.15,53.55,48.4,24.500003814697266,102.89999771118164,2,,,,16.349998474121094,56.400001525878906,1,36.05,36.7,72.75,29.65,49.35,79.0,16.35,56.4,72.75,2025,283.17932385950195,340.76149242130515,-6074.998140335083,-6698.93895661589,277950.00100135803
2025-10-03,20251007,0.35/0.15,24787.2,4.24,24900,24750,25050,24550,0.334,-0.391,0.132,-0.144,71.84999656677246,1.899998664855957,10.999996185302734,-1.3500032424926758,150,200,47.599998474121094,56.54999923706055,14.350000381469728,17.950000762939453,74.3499984741211,25.549999237060547,20.5,9.449999809265137,-6.05,50.75,44.7,-3.9,53.6,49.7,-9.949996948242188,104.3499984741211,2,-11.4,48.05,36.65,-17.25,101.70000076293944,2,-8.2,57.9,49.7,-14.25,108.6500015258789,2,,,,-5.850002288818359,53.650001525878906,1,-5.85,53.65,47.8,-6.05,50.75,44.7,-5.85,53.65,47.8,2025,150.0,376.3206776218582,1424.9989986419678,898.6783210201096,96112.50257492065
2025-10-03,20251007,0.25/0.1,24787.2,4.24,24950,24650,25100,24500,0.253,-0.241,0.094,-0.111,41.10000038146973,-4.149999618530273,7.19999885559082,-5.250001430511475,150,150,32.5,31.950000762939453,9.75,13.600000381469728,50.25,15.199999809265137,12.699999809265137,7.5,-7.5,35.15,27.65,-3.85,30.0,26.15,-11.349998474121094,65.1500015258789,2,-5.6,25.5,19.9,-10.150001525878906,61.900001525878906,2,-6.75,32.9,26.15,-14.249998092651367,68.05000114440918,2,,,,-4.55000114440918,36.400001525878906,1,-4.55,36.4,31.85,-7.5,35.15,27.65,-4.55,36.4,31.85,2025,152.66461718817644,308.97870864901927,-3112.499713897705,-3574.143039734901,81674.9997138977
2025-10-03,20251007,0.25/0.05,24787.2,4.24,24950,24650,25200,24350,0.253,-0.241,0.049,-0.054,53.10000038146973,-2.6499996185302734,11.349999189376833,-4.000001430511475,250,300,32.5,31.950000762939453,4.800000190734863,6.550000190734863,50.25,15.199999809265137,4.949999809265137,4.75,-7.5,35.15,27.65,-3.85,30.0,26.15,-11.349998474121094,65.1500015258789,2,-5.6,25.5,19.9,-10.150001525878906,61.900001525878906,2,-6.75,32.9,26.15,-14.249998092651367,68.05000114440918,2,,,,-4.55000114440918,36.400001525878906,1,-4.55,36.4,31.85,-7.5,35.15,27.65,-4.55,36.4,31.85,2025,154.63637978836044,293.73888489901924,-1987.499713897705,-2435.874978585085,185174.9997138977
2025-10-06,20251007,0.35/0.15,24953.45,1.24,25000,24900,25100,24800,0.381,-0.344,0.161,-0.165,43.40000057220459,-30.55000066757202,0.7000026702880859,-33.39999866485596,100,100,35.54999923706055,34.20000076293945,11.949999809265137,14.399999618530272,116.3000030517578,10.649999618530272,47.150001525878906,5.849999904632568,2.0,42.85,44.85,-4.85,15.5,10.65,-2.8500003814697266,58.349998474121094,2,,,,60.54999923706055,50.20000076293945,1,,,,2.0,42.849998474121094,1,,,,60.54999923706055,50.20000076293945,1,60.55,50.2,110.75,2.0,42.85,44.85,60.55,50.2,110.75,2025,252.74881680433765,371.35735650774643,-22912.500500679016,-23536.6066739911,42449.99957084656
2025-10-06,20251007,0.25/0.1,24953.45,1.24,25050,24850,25150,24750,0.256,-0.239,0.096,-0.115,26.59999942779541,-27.550004482269287,0.4500012397766113,-33.39999771118164,100,100,21.25,21.75,6.550000190734863,9.850000381469728,77.80000305175781,7.550000190734863,26.549999237060547,4.650000095367432,10.55,25.45,36.0,,,,10.549999237060549,25.450000762939453,1,,,,45.599998474121094,30.25,1,,,,10.549999237060549,25.450000762939453,1,,,,45.599998474121094,30.25,1,45.6,30.25,75.85,10.55,25.45,36.0,45.6,30.25,75.85,2025,216.62121150836992,302.2208973025205,-20662.503361701965,-21181.345470512853,55050.00042915344
2025-10-06,20251007,0.25/0.05,24953.45,1.24,25050,24850,25200,24600,0.256,-0.239,0.059,-0.049,34.65000009536743,-32.25000309944153,0.0,-43.14999675750733,150,250,21.25,21.75,3.849999904632568,4.5,77.80000305175781,7.550000190734863,15.0,3.450000047683716,10.55,25.45,36.0,,,,10.549999237060549,25.450000762939453,1,,,,45.599998474121094,30.25,1,,,,10.549999237060549,25.450000762939453,1,,,,45.599998474121094,30.25,1,45.6,30.25,75.85,10.55,25.45,36.0,45.6,30.25,75.85,2025,202.0970793908786,285.91850243897784,-24187.502324581146,-24675.517906411,161512.49992847443
2025-10-07,20251014,0.35/0.15,25145.7,7.24,25300,25050,25500,24800,0.351,-0.338,0.156,-0.142,92.15000343322754,11.500001907348633,11.500001907348633,-4.249990463256836,200,250,73.5,70.05000305175781,25.399999618530273,26.0,61.45000076293945,56.95000076293945,19.5,18.25,0.4,71.25,71.65,8.7,65.3,74.0,9.099998474121094,136.5500030517578,2,-1.4,69.35,67.95,-1.8000030517578125,146.25,2,3.25,70.75,74.0,0.9500045776367188,144.6999969482422,2,-12.5,80.45,67.95,-12.900001525878906,157.3499984741211,2,-0.4,76.9,76.5,-2.3,73.95,71.65,-0.4,76.9,76.5,2025,700.2189301798597,439.306286687726,8625.001430511475,7485.4762136438885,118387.49742507935
2025-10-07,20251014,0.25/0.1,25145.7,7.24,25400,24950,25600,24700,0.241,-0.24,0.098,-0.101,57.250003814697266,10.10000228881836,10.10000228881836,-3.149995803833008,200,250,44.150001525878906,46.400001525878906,14.899999618530272,18.399999618530273,34.900001525878906,35.25,10.75,12.25,2.8,42.7,45.5,1.05,44.4,45.45,3.8499984741210938,87.10000228881836,2,-1.6,45.7,44.1,-3.1500015258789062,91.70000076293944,2,-1.65,47.1,45.45,-0.7499961853027344,91.6999969482422,2,-9.0,53.1,44.1,-10.549999237060549,99.0999984741211,2,-1.55,46.0,44.45,0.9,44.6,45.5,-1.55,46.0,44.45,2025,415.8827512604555,344.7157620088558,7575.0017166137695,6814.403203344458,144562.49713897705
2025-10-07,20251014,0.25/0.05,25145.7,7.24,25400,24950,25750,24450,0.241,-0.24,0.049,-0.051,73.95000314712524,14.900001525878906,14.900001525878906,-4.849996089935303,350,500,44.150001525878906,46.400001525878906,6.900000095367432,9.699999809265137,34.900001525878906,35.25,4.849999904632568,6.25,2.8,42.7,45.5,1.05,44.4,45.45,3.8499984741210938,87.10000228881836,2,-1.6,45.7,44.1,-3.1500015258789062,91.70000076293944,2,-1.65,47.1,45.45,-0.7499961853027344,91.6999969482422,2,-9.0,53.1,44.1,-10.549999237060549,99.0999984741211,2,-1.55,46.0,44.45,0.9,44.6,45.5,-1.55,46.0,44.45,2025,375.2860285634865,326.39670283278133,11175.00114440918,10473.318413012912,319537.49763965607
2025-10-08,20251014,0.35/0.15,25171.05,6.24,25300,25100,25500,24900,0.359,-0.353,0.144,-0.155,86.09999656677246,-10.050002098083496,4.6999969482421875,-19.100000381469727,200,200,66.8499984741211,64.0999984741211,20.5,24.350000381469727,26.850000381469727,123.25,9.800000190734863,44.150001525878906,5.05,33.8,38.85,4.3,71.65,75.95,9.349994659423828,105.45000076293944,2,32.25,80.75,113.0,31.300003051757812,117.5999984741211,2,4.3,71.65,75.95,4.299995422363281,71.6500015258789,1,32.25,80.75,113.0,32.25,80.75,1,-0.95,36.85,35.9,,,,,,,2025,288.2290042800147,451.63776501037745,-7537.501573562622,-8277.368342853015,85425.00257492065
2025-10-08,20251014,0.25/0.1,25171.05,6.24,25400,25000,25550,24800,0.234,-0.237,0.111,-0.102,45.650001525878906,-11.750000476837158,2.050002098083496,-21.000000953674316,150,200,37.20000076293945,39.150001525878906,15.100000381469728,15.600000381469728,15.75,75.4000015258789,7.849999904632568,25.899999618530273,-8.55,25.85,17.3,38.3,43.95,82.25,29.749998092651367,69.80000114440918,2,21.85,48.8,70.65,20.55000114440918,70.0,2,38.3,43.95,82.25,38.29999923706055,43.95000076293945,1,21.85,48.8,70.65,21.85000228881836,48.79999923706055,1,-1.3,21.2,19.9,,,,,,,2025,260.288585146606,347.256377428571,-8812.500357627869,-9420.045320203046,115762.49885559082
2025-10-08,20251014,0.25/0.05,25171.05,6.24,25400,25000,25700,24600,0.234,-0.237,0.052,-0.051,61.75000190734863,-14.59999942779541,3.550002098083496,-30.050002098083496,300,400,37.20000076293945,39.150001525878906,6.550000190734863,8.050000190734863,15.75,75.4000015258789,4.449999809265137,10.350000381469728,-8.55,25.85,17.3,38.3,43.95,82.25,29.749998092651367,69.80000114440918,2,21.85,48.8,70.65,20.55000114440918,70.0,2,38.3,43.95,82.25,38.29999923706055,43.95000076293945,1,21.85,48.8,70.65,21.85000228881836,48.79999923706055,1,-1.3,21.2,19.9,,,,,,,2025,260.5087763593564,321.62946923588225,-10949.999570846558,-11532.137816441797,253687.49856948853
2025-10-09,20251014,0.35/0.15,25062.5,5.24,25200,25000,25350,24800,0.326,-0.366,0.155,-0.151,74.54999732971191,0.0999975204467773,8.950000762939453,-4.600001335144043,150,200,53.0,64.19999694824219,20.600000381469727,22.049999237060547,89.3499984741211,25.950000762939453,31.149999618530273,9.699999809265137,6.15,55.5,61.65,-9.9,72.95,63.05,-3.7499923706054688,128.4499969482422,2,-6.1,33.9,27.8,8.999996185302734,107.0,2,-9.9,72.95,63.05,-3.7499923706054688,128.4499969482422,2,,,,15.099998474121094,73.0999984741211,1,15.1,73.1,88.2,6.15,55.5,61.65,15.1,73.1,88.2,2025,583.4315817893099,410.53422875268984,74.99814033508298,-918.9676702069168,94087.50200271606
2025-10-09,20251014,0.25/0.1,25062.5,5.24,25250,24900,25450,24700,0.259,-0.238,0.093,-0.095,51.0,-7.349997997283936,4.65000057220459,-15.5,200,200,38.849998474121094,37.150001525878906,11.699999809265137,13.300000190734863,64.5999984741211,15.149999618530272,14.550000190734863,6.849999904632568,1.2,41.4,42.6,-6.2,21.35,15.15,-5.000003814697266,62.75000190734863,2,-3.5,20.1,16.6,8.450000762939453,73.64999961853027,2,,,,1.1999969482421875,41.400001525878906,1,,,,11.950000762939451,53.54999923706055,1,11.95,53.55,65.5,1.2,41.4,42.6,11.95,53.55,65.5,2025,408.1109518962042,327.94992428224634,-5512.498497962953,-6248.559374141403,111750.0
2025-10-09,20251014,0.25/0.05,25062.5,5.24,25250,24900,25600,24550,0.259,-0.238,0.045,-0.051,63.25,-6.649998188018799,7.700000762939453,-19.200000286102295,350,350,38.849998474121094,37.150001525878906,5.550000190734863,7.199999809265137,64.5999984741211,15.149999618530272,4.949999809265137,4.900000095367432,1.2,41.4,42.6,-6.2,21.35,15.15,-5.000003814697266,62.75000190734863,2,-3.5,20.1,16.6,8.450000762939453,73.64999961853027,2,,,,1.1999969482421875,41.400001525878906,1,,,,11.950000762939451,53.54999923706055,1,11.95,53.55,65.5,1.2,41.4,42.6,11.95,53.55,65.5,2025,372.6507501078552,311.50705217905164,-4987.498641014099,-5671.656443301005,215062.5
2025-10-10,20251014,0.35/0.15,25276.75,4.24,25400,25200,25550,25050,0.33,-0.32,0.134,-0.148,59.99999713897705,5.749998092651367,6.34999942779541,-6.5500078201293945,150,150,50.349998474121094,43.04999923706055,15.199999809265137,18.200000762939453,49.349998474121094,29.0,11.699999809265137,12.399999618530272,-1.25,51.7,50.45,-10.0,48.5,38.5,-11.25,100.20000076293944,2,-0.05,29.05,29.0,0.5500030517578125,89.0999984741211,2,-10.0,48.5,38.5,-11.25,100.20000076293944,2,,,,0.6000022888183594,60.04999923706055,1,0.6,60.05,60.65,-1.25,51.7,50.45,0.6,60.05,60.65,2025,420.6276732815316,351.7277425049038,4312.498569488525,3540.14315370209,67500.00214576721
2025-10-10,20251014,0.25/0.1,25276.75,4.24,25450,25150,25600,24950,0.252,-0.247,0.097,-0.091,44.40000057220459,7.249999523162842,7.249999523162842,-5.5499982833862305,150,200,34.20000076293945,31.75,10.5,11.050000190734863,30.850000381469727,21.450000762939453,7.150000095367432,8.0,-3.75,35.2,31.45,-9.15,33.05,23.9,-12.89999771118164,68.25,2,-0.05,21.5,21.45,0.6000022888183594,61.849998474121094,2,-9.15,33.05,23.9,-12.89999771118164,68.25,2,,,,0.6500015258789062,40.349998474121094,1,0.65,40.35,41.0,-3.75,35.2,31.45,0.65,40.35,41.0,2025,305.87928315940655,300.14631259042187,5437.499642372131,4831.474046622303,116699.99957084656
2025-10-10,20251014,0.25/0.05,25276.75,4.24,25450,25150,25700,24800,0.252,-0.247,0.05,-0.049,54.75000095367432,10.700000047683716,10.700000047683716,-5.799997329711914,250,350,34.20000076293945,31.75,5.0,6.199999809265137,30.850000381469727,21.450000762939453,2.950000047683716,5.300000190734863,-3.75,35.2,31.45,-9.15,33.05,23.9,-12.89999771118164,68.25,2,-0.05,21.5,21.45,0.6000022888183594,61.849998474121094,2,-9.15,33.05,23.9,-12.89999771118164,68.25,2,,,,0.6500015258789062,40.349998474121094,1,0.65,40.35,41.0,-3.75,35.2,31.45,0.65,40.35,41.0,2025,285.44345443719953,289.29907273894776,8025.000035762787,7450.257508586639,221437.49928474426
2025-10-13,20251014,0.35/0.15,25215.45,1.24,25300,25150,25400,25000,0.336,-0.359,0.168,-0.158,54.69999694824219,18.29999542236328,18.29999542236328,-0.5500030517578125,100,150,40.849998474121094,48.79999923706055,16.450000762939453,18.5,32.650001525878906,24.649999618530273,12.649999618530272,8.25,-6.65,37.65,31.0,-8.1,55.65,47.55,-14.750003814697266,93.3000030517578,2,-15.45,64.0,48.55,-18.100000381469727,92.10000038146973,2,-8.1,55.65,47.55,-14.85000228881836,100.60000228881836,2,-15.45,64.0,48.55,-24.450000762939453,105.6500015258789,2,-2.65,28.1,25.45,-6.75,44.95,38.2,-9.0,41.65,32.65,2025,855.6589352953138,337.73613419962504,13724.996566772461,12531.601497277521,71475.00228881836
2025-10-13,20251014,0.25/0.1,25215.45,1.24,25350,25100,25450,24900,0.244,-0.276,0.113,-0.09,40.950002670288086,17.450003147125244,17.450003147125244,-1.6499981880187988,100,200,26.450000762939453,34.900001525878906,10.199999809265137,10.199999809265137,20.649999618530273,16.149999618530273,8.149999618530273,5.150000095367432,-8.95,25.55,16.6,-6.95,39.95,33.0,-15.899999618530272,65.5,2,-12.35,45.75,33.4,-14.249998092651367,63.25,2,-6.95,39.95,33.0,-16.450000762939453,69.85000038146973,2,-12.35,45.75,33.4,-12.349998474121094,45.75,1,-1.9,17.5,15.6,-9.5,29.9,20.4,,,,2025,541.10339401392,287.6501689219339,13087.502360343933,12258.74879740808,119287.49799728394
2025-10-13,20251014,0.25/0.05,25215.45,1.24,25350,25100,25550,24750,0.244,-0.276,0.051,-0.045,51.90000247955322,21.950003385543823,21.950003385543823,-1.25,200,350,26.450000762939453,34.900001525878906,4.199999809265137,5.25,20.649999618530273,16.149999618530273,3.450000047683716,3.4000000953674316,-8.95,25.55,16.6,-6.95,39.95,33.0,-15.899999618530272,65.5,2,-12.35,45.75,33.4,-14.249998092651367,63.25,2,-6.95,39.95,33.0,-16.450000762939453,69.85000038146973,2,-12.35,45.75,33.4,-12.349998474121094,45.75,1,-1.9,17.5,15.6,-9.5,29.9,20.4,,,,2025,497.28705167705584,277.0796307435571,16462.502539157867,15688.135856737254,223574.99814033508
2025-10-14,20251020,0.35/0.15,25236.6,6.24,25400,25150,25650,24850,0.357,-0.361,0.139,-0.139,116.64999771118164,-3.6000022888183594,0.8500003814697266,-23.30000114440918,250,300,87.0,81.8499984741211,24.600000381469727,27.600000381469727,56.849998474121094,112.25,14.75,34.099998474121094,-9.45,85.6,76.15,7.85,95.95,103.8,-1.5999908447265625,181.54999542236328,2,12.2,113.3,125.5,9.099998474121094,165.0500030517578,2,7.85,95.95,103.8,7.850006103515625,95.9499969482422,1,12.2,113.3,125.5,12.199996948242188,113.3000030517578,1,-3.1,51.75,48.65,,,,,,,2025,425.3517381153993,495.4821409911442,-2700.0017166137695,-3620.835595720313,137512.50171661377
2025-10-14,20251020,0.25/0.1,25236.6,6.24,25500,25050,25750,24750,0.256,-0.266,0.09,-0.102,75.95000267028809,-3.849997520446778,0.1999998092651367,-24.29999542236328,250,300,54.20000076293945,56.900001525878906,14.899999618530272,20.25,33.95000076293945,77.0,8.199999809265137,22.950000762939453,-1.0,34.95,33.95,4.5,68.5,73.0,3.5,103.45000076293944,2,7.7,80.5,88.2,4.849996566772461,113.25,2,4.5,68.5,73.0,4.5,68.5,1,7.7,80.5,88.2,7.6999969482421875,80.5,1,-2.85,32.75,29.9,,,,,,,2025,295.90480315153917,389.6988611017909,-2887.4981403350835,-3573.1018045884134,168037.49799728394
2025-10-14,20251020,0.25/0.05,25236.6,6.24,25500,25050,25900,24500,0.256,-0.266,0.047,-0.05,93.90000200271606,-3.799999237060547,0.8499984741210938,-34.94999647140503,400,550,54.20000076293945,56.900001525878906,7.099999904632568,10.100000381469728,33.95000076293945,77.0,3.849999904632568,9.399999618530272,-1.0,34.95,33.95,4.5,68.5,73.0,3.5,103.45000076293944,2,7.7,80.5,88.2,4.849996566772461,113.25,2,4.5,68.5,73.0,4.5,68.5,1,7.7,80.5,88.2,7.6999969482421875,80.5,1,-2.85,32.75,29.9,,,,,,,2025,271.4152304548731,364.56556603474286,-2849.99942779541,-3485.980224285026,342074.99849796295
2025-10-15,20251020,0.35/0.15,25236.85,5.24,25400,25150,25600,24950,0.33,-0.338,0.133,-0.156,82.2500057220459,-2.499998092651367,2.0000076293945312,-20.74999713897705,200,200,67.30000305175781,60.400001525878906,20.049999237060547,25.399999618530273,84.80000305175781,37.650001525878906,20.950000762939453,16.75,16.65,66.05,82.7,-9.35,42.05,32.7,7.299995422363281,108.10000228881836,2,-5.4,41.15,35.75,-5.75,130.0,2,,,,12.29999542236328,70.4000015258789,1,,,,-0.3499984741210937,88.8499984741211,1,-0.35,88.85,88.5,12.3,70.4,82.7,-0.35,88.85,88.5,2025,857.1195721100961,421.7257459992838,-1874.9985694885254,-3153.8438875979055,88312.49570846558
2025-10-15,20251020,0.25/0.1,25236.85,5.24,25450,25050,25650,24850,0.271,-0.231,0.102,-0.106,58.0,-2.6000022888183594,2.750002861022949,-21.64999771118164,200,200,50.70000076293945,39.0,14.600000381469728,17.100000381469727,62.400001525878906,24.450000762939453,14.100000381469728,12.149999618530272,22.0,49.55,71.55,0.25,24.2,24.45,22.250003814697266,73.75,2,-2.75,25.8,23.05,-3.3000030517578125,93.20000076293944,2,,,,18.45000457763672,53.099998474121094,1,,,,-0.5500030517578125,67.4000015258789,1,-0.55,67.4,66.85,18.45,53.1,71.55,-0.55,67.4,66.85,2025,581.909117554344,352.3737065937405,-1950.0017166137695,-2884.2845407618543,106500.0
2025-10-15,20251020,0.25/0.05,25236.85,5.24,25450,25050,25800,24600,0.271,-0.231,0.047,-0.047,75.70000076293945,0.2999987602233886,3.950000286102295,-25.399996757507324,350,450,50.70000076293945,39.0,6.199999809265137,7.800000190734863,62.400001525878906,24.450000762939453,4.800000190734863,6.650000095367432,22.0,49.55,71.55,0.25,24.2,24.45,22.250003814697266,73.75,2,-2.75,25.8,23.05,-3.3000030517578125,93.20000076293944,2,,,,18.45000457763672,53.099998474121094,1,,,,-0.5500030517578125,67.4000015258789,1,-0.55,67.4,66.85,18.45,53.1,71.55,-0.55,67.4,66.85,2025,506.0637033469625,330.6273778907921,224.99907016754148,-611.6920110702131,280724.9994277954
2025-10-16,20251020,0.35/0.15,25433.6,4.24,25550,25350,25700,25150,0.351,-0.329,0.151,-0.144,69.75,-29.600006103515625,3.4000015258789062,-29.600006103515625,150,200,58.54999923706055,50.95000076293945,18.450000762939453,21.299999237060547,150.85000610351562,25.149999618530273,62.75,13.899999618530272,-0.65,63.15,62.5,-6.1,51.2,45.1,-6.750003814697266,114.35000228881836,2,-7.9,44.6,36.7,65.24999618530273,108.5999984741211,2,-6.1,51.2,45.1,-6.750003814697266,114.35000228881836,2,,,,73.14999389648438,64.0,1,73.15,64.0,137.15,-0.65,63.15,62.5,73.15,64.0,137.15,2025,561.7372220553934,459.99619497666356,-22200.00457763672,-23221.737994668776,97687.5
2025-10-16,20251020,0.25/0.1,25433.6,4.24,25600,25300,25750,25050,0.275,-0.267,0.108,-0.098,54.99999904632568,-27.900001525878903,4.100000381469727,-27.900001525878903,150,250,41.099998474121094,40.70000076293945,12.25,14.550000190734863,116.5,21.5,44.04999923706055,11.050000190734863,-2.9,44.2,41.3,-7.7,40.75,33.05,-10.60000228881836,84.95000076293945,2,-5.9,35.2,29.3,54.39999771118164,79.9000015258789,2,-7.7,40.75,33.05,-10.60000228881836,84.95000076293945,2,,,,60.29999923706055,44.70000076293945,1,60.3,44.7,105.0,-2.9,44.2,41.3,60.3,44.7,105.0,2025,402.46271621755227,390.3167019920721,-20925.001144409176,-21717.780562618802,146250.00071525574
2025-10-16,20251020,0.25/0.05,25433.6,4.24,25600,25300,25850,24850,0.275,-0.267,0.055,-0.052,67.74999904632568,-42.400001525878906,5.650000095367432,-43.04999923706055,250,450,41.099998474121094,40.70000076293945,5.75,8.300000190734863,116.5,21.5,20.049999237060547,7.800000190734863,-2.9,44.2,41.3,-7.7,40.75,33.05,-10.60000228881836,84.95000076293945,2,-5.9,35.2,29.3,54.39999771118164,79.9000015258789,2,-7.7,40.75,33.05,-10.60000228881836,84.95000076293945,2,,,,60.29999923706055,44.70000076293945,1,60.3,44.7,105.0,-2.9,44.2,41.3,60.3,44.7,105.0,2025,373.130060490009,356.9793069920721,-31800.00114440918,-32530.11051189126,286687.50071525574
2025-10-17,20251020,0.35/0.15,25609.6,3.24,25700,25550,25850,25350,0.371,-0.366,0.153,-0.138,78.0999984741211,-7.049999237060547,1.1999988555908203,-27.9500036239624,150,200,57.849998474121094,55.5,17.299999237060547,17.950000762939453,98.9499969482422,26.350000381469727,31.049999237060547,9.100000381469728,27.45,58.3,85.75,8.0,28.15,36.15,35.450002670288086,86.44999885559082,2,-3.25,41.75,38.5,23.349998474121097,145.4000015258789,2,-10.0,63.6,53.6,17.450000762939453,121.89999771118164,2,,,,26.599998474121097,103.6500015258789,1,26.6,103.65,130.25,27.45,58.3,85.75,26.6,103.65,130.25,2025,424.02883045415376,406.56534534096147,-5287.49942779541,-6118.093603590525,91425.00114440918
2025-10-17,20251020,0.25/0.1,25609.6,3.24,25800,25450,25900,25300,0.214,-0.227,0.107,-0.109,32.5,-4.5,0.4000005722045898,-22.09999942779541,100,150,26.600000381469727,31.149999618530273,11.199999809265137,14.050000190734863,48.75,15.199999809265137,19.25,7.699999809265137,54.6,27.0,81.6,2.95,19.6,22.55,57.549997329711914,46.60000038146973,2,-2.65,25.45,22.8,14.900001525878906,81.45000076293945,2,-4.4,32.8,28.4,50.20000076293945,59.79999923706055,2,-1.9,31.3,29.4,15.65000343322754,87.29999923706055,2,17.55,56.0,73.55,54.6,27.0,81.6,17.55,56.0,73.55,2025,223.54230746535592,309.16710418237017,-3375.0,-3907.709411647726,88125.0
2025-10-17,20251020,0.25/0.05,25609.6,3.24,25800,25450,26000,25100,0.214,-0.227,0.055,-0.051,45.450000286102295,-5.549999237060547,0.2000007629394531,-40.64999961853027,200,350,26.600000381469727,31.149999618530273,5.349999904632568,6.949999809265137,48.75,15.199999809265137,8.300000190734863,4.650000095367432,54.6,27.0,81.6,2.95,19.6,22.55,57.549997329711914,46.60000038146973,2,-2.65,25.45,22.8,14.900001525878906,81.45000076293945,2,-4.4,32.8,28.4,50.20000076293945,59.79999923706055,2,-1.9,31.3,29.4,15.65000343322754,87.29999923706055,2,17.55,56.0,73.55,54.6,27.0,81.6,17.55,56.0,73.55,2025,210.5693080254159,289.8777073687043,-4162.49942779541,-4662.94644318953,228412.49978542328
2025-10-20,20251028,0.35/0.15,25837.65,8.24,26050,25700,26300,25400,0.332,-0.328,0.14,-0.149,109.3499927520752,7.449991226196289,9.09999656677246,-5.650003433227539,250,300,85.44999694824219,87.19999694824219,27.350000381469727,35.95000076293945,74.44999694824219,72.80000305175781,21.049999237060547,24.299999237060547,-8.05,90.15,82.1,-6.0,97.5,91.5,-14.050003051757812,187.6500015258789,2,-2.45,71.15,68.7,-13.250007629394531,169.6500015258789,2,-6.0,97.5,91.5,-14.050003051757812,187.6500015258789,2,,,,-10.800003051757812,98.5,1,-10.8,98.5,87.7,-8.05,90.15,82.1,-10.8,98.5,87.7,2025,958.1862510158577,492.17011028382205,5587.493419647217,4137.137058347536,142987.5054359436
2025-10-20,20251028,0.25/0.1,25837.65,8.24,26150,25600,26400,25250,0.244,-0.253,0.094,-0.103,77.79999923706055,9.100000381469728,10.299999237060549,-6.1999969482421875,250,350,55.5,64.0999984741211,17.049999237060547,24.75,45.599998474121094,50.20000076293945,12.350000381469728,14.75,-3.5,59.85,56.35,-7.1,71.8,64.7,-10.600006103515623,131.6500015258789,2,-1.85,50.35,48.5,-9.399993896484377,114.79999542236328,2,-7.1,71.8,64.7,-10.600006103515623,131.6500015258789,2,,,,-7.549995422363281,64.44999694824219,1,-7.55,64.45,56.9,-3.5,59.85,56.35,-7.55,64.45,56.9,2025,507.71663194941647,391.5680379153509,6825.000286102296,5925.715616237529,204150.0005722046
2025-10-20,20251028,0.25/0.05,25837.65,8.24,26150,25600,26550,24900,0.244,-0.253,0.049,-0.05,98.69999885559082,16.5,17.69999885559082,-8.599997520446777,400,700,55.5,64.0999984741211,8.149999618530273,12.75,45.599998474121094,50.20000076293945,6.050000190734863,7.550000190734863,-3.5,59.85,56.35,-7.1,71.8,64.7,-10.600006103515623,131.6500015258789,2,-1.85,50.35,48.5,-9.399993896484377,114.79999542236328,2,-7.1,71.8,64.7,-10.600006103515623,131.6500015258789,2,,,,-7.549995422363281,64.44999694824219,1,-7.55,64.45,56.9,-3.5,59.85,56.35,-7.55,64.45,56.9,2025,463.1136677938839,370.1255908442211,12375.0,11541.760741361893,450975.0008583069
2025-10-23,20251028,0.35/0.15,26082.3,5.24,26250,26000,26450,25750,0.347,-0.356,0.161,-0.153,96.39999771118164,7.249998092651367,18.799999237060547,-0.4000015258789062,200,250,82.44999694824219,70.9000015258789,28.850000381469727,28.100000381469727,30.799999237060547,98.25,9.899999618530272,30.0,-7.45,82.65,75.2,-4.6,70.65,66.05,-12.050003051757812,153.3000030517578,2,-12.95,71.05,58.1,-24.750003814697266,145.0500030517578,2,-5.75,71.8,66.05,-13.20000457763672,154.45000457763672,2,-12.95,71.05,58.1,-12.95000457763672,71.05000305175781,1,-11.8,74.0,62.2,-7.45,82.65,75.2,,,,2025,457.0574913639532,457.5096938430529,5437.498569488525,4522.931384281519,115200.00171661377
2025-10-23,20251028,0.25/0.1,26082.3,5.24,26350,25900,26550,25600,0.245,-0.253,0.102,-0.095,63.70000076293945,7.9500017166137695,17.450002670288086,-0.5999984741210938,200,300,49.95000076293945,47.95000076293945,16.5,17.700000762939453,16.850000381469727,61.54999923706055,6.199999809265137,16.450000762939453,-10.0,51.4,41.4,-9.7,48.8,39.1,-19.700000762939453,100.20000076293944,2,-8.2,45.45,37.25,-15.35000228881836,87.6500015258789,2,-9.7,48.8,39.1,-19.700000762939453,100.20000076293944,2,-7.1,54.75,47.65,-7.099998474121094,54.75,1,-7.15,42.2,35.05,-10.0,51.4,41.4,,,,2025,331.70540408043735,355.26414268901203,5962.501287460327,5275.531740690877,177224.9994277954
2025-10-23,20251028,0.25/0.05,26082.3,5.24,26350,25900,26700,25350,0.245,-0.253,0.05,-0.052,80.25000095367432,13.650001287460327,24.19999933242798,-0.749997615814209,350,550,49.95000076293945,47.95000076293945,7.300000190734863,10.350000381469728,16.850000381469727,61.54999923706055,3.549999952316284,8.25,-10.0,51.4,41.4,-9.7,48.8,39.1,-19.700000762939453,100.20000076293944,2,-8.2,45.45,37.25,-15.35000228881836,87.6500015258789,2,-9.7,48.8,39.1,-19.700000762939453,100.20000076293944,2,-7.1,54.75,47.65,-7.099998474121094,54.75,1,-7.15,42.2,35.05,-10.0,51.4,41.4,,,,2025,331.70540408043735,338.1143482641941,10237.500965595245,9567.681213250613,352312.49928474426
2025-10-24,20251028,0.35/0.15,25884.95,4.24,26050,25800,26200,25600,0.324,-0.333,0.167,-0.141,73.10000610351562,-9.649994850158691,11.000003814697266,-20.54999732971191,150,200,65.80000305175781,54.400001525878906,26.549999237060547,20.549999237060547,21.299999237060547,106.1500015258789,10.699999809265137,34.0,2.2,37.9,40.1,17.3,56.45,73.75,19.499996185302734,94.35000228881836,2,-7.95,74.75,66.8,-9.39999771118164,114.25,2,17.3,56.45,73.75,17.299999237060547,56.45000076293945,1,-7.95,74.75,66.8,-7.9499969482421875,74.75,1,-1.45,39.5,38.05,,,,,,,2025,1013.9378459508494,423.439620390738,-7237.496137619019,-8674.873603960606,95174.99542236328
2025-10-24,20251028,0.25/0.1,25884.95,4.24,26100,25750,26300,25500,0.265,-0.27,0.1,-0.092,64.20000076293945,-8.500003814697266,12.349998474121094,-22.200000762939453,200,250,49.400001525878906,42.5,14.350000381469728,13.350000381469728,16.450000762939453,82.05000305175781,7.25,18.549999237060547,-4.25,31.95,27.7,10.7,45.3,56.0,6.450000762939453,77.25,2,-7.45,58.85,51.4,-8.699996948242188,88.39999771118164,2,10.7,45.3,56.0,10.700000762939451,45.29999923706055,1,-7.45,58.85,51.4,-7.4499969482421875,58.849998474121094,1,-1.25,29.55,28.3,,,,,,,2025,736.3820149438438,356.8223918092213,-6375.002861022949,-7468.207267776014,139349.9994277954
2025-10-24,20251028,0.25/0.05,25884.95,4.24,26100,25750,26450,25300,0.265,-0.27,0.048,-0.049,77.9000015258789,-8.500002384185791,15.800002098083496,-28.949996948242188,350,450,49.400001525878906,42.5,6.449999809265137,7.550000190734863,16.450000762939453,82.05000305175781,5.0,7.099999904632568,-4.25,31.95,27.7,10.7,45.3,56.0,6.450000762939453,77.25,2,-7.45,58.85,51.4,-8.699996948242188,88.39999771118164,2,10.7,45.3,56.0,10.700000762939451,45.29999923706055,1,-7.45,58.85,51.4,-7.4499969482421875,58.849998474121094,1,-1.25,29.55,28.3,,,,,,,2025,686.266610312323,337.5992235626623,-6375.001788139343,-7398.867622014329,279074.9988555908
2025-10-27,20251028,0.35/0.15,25939.45,1.24,26050,25900,26200,25700,0.355,-0.393,0.167,-0.132,74.90000057220459,16.65000057220459,17.44999885559082,-6.799994468688965,150,200,66.0,46.70000076293945,23.100000381469727,14.699999809265137,48.70000076293945,32.5,13.850000381469728,9.100000381469728,8.05,66.95,75.0,-10.05,52.05,42.0,-1.9999961853027344,118.99999618530272,2,-14.2,47.3,33.1,-29.250003814697266,120.70000076293944,2,-10.05,52.05,42.0,-1.9999961853027344,118.99999618530272,2,-14.2,47.3,33.1,-29.250003814697266,120.70000076293944,2,-15.05,73.4,58.35,8.05,66.95,75.0,-15.05,73.4,58.35,2025,282.01198118292706,373.5126405227332,12487.500429153442,11831.975807447783,93824.99957084656
2025-10-27,20251028,0.25/0.1,25939.45,1.24,26150,25800,26300,25650,0.222,-0.227,0.095,-0.102,35.84999942779541,13.049999237060549,13.19999933242798,-5.500001907348633,150,150,33.5,25.649999618530273,11.800000190734863,11.5,20.399999618530273,16.350000381469727,6.699999809265137,7.25,2.2,33.7,35.9,-4.7,21.6,16.9,-2.5,55.30000114440918,2,-7.7,23.7,16.0,-16.650001525878906,59.95000076293945,2,,,,2.200000762939453,33.70000076293945,1,,,,-8.950000762939453,36.25,1,-8.95,36.25,27.3,2.2,33.7,35.9,-8.95,36.25,27.3,2025,225.70242935387836,286.961714779851,9787.499427795412,9274.835283661683,85612.50042915344
2025-10-27,20251028,0.25/0.05,25939.45,1.24,26150,25800,26400,25450,0.222,-0.227,0.053,-0.046,47.25,18.449999809265137,18.549999952316284,-5.850000858306885,250,350,33.5,25.649999618530273,6.199999809265137,5.699999809265137,20.399999618530273,16.350000381469727,3.75,4.199999809265137,2.2,33.7,35.9,-4.7,21.6,16.9,-2.5,55.30000114440918,2,-7.7,23.7,16.0,-16.650001525878906,59.95000076293945,2,,,,2.200000762939453,33.70000076293945,1,,,,-8.950000762939453,36.25,1,-8.95,36.25,27.3,2.2,33.7,35.9,-8.95,36.25,27.3,2025,183.6225023673557,276.7185508865457,13837.499856948853,13377.15880369495,227062.5
2025-10-28,20251104,0.35/0.15,26020.75,7.24,26250,25900,26600,25600,0.356,-0.353,0.139,-0.159,150.25,13.900007247924805,13.900007247924805,-4.899993896484375,350,300,122.9000015258789,100.8499984741211,34.45000076293945,39.04999923706055,62.79999923706055,132.89999389648438,14.850000381469728,44.5,-5.9,79.75,73.85,15.95,125.0,140.95,10.04999542236328,204.75,2,-10.5,160.95,150.45,-13.300003051757812,241.8499984741211,2,15.95,125.0,140.95,15.949996948242188,125.0,1,-10.5,160.95,150.45,-10.5,160.9499969482422,1,-2.8,80.9,78.1,,,,,,,2025,191.48699533378738,581.3362717367256,10425.005435943604,9652.18216887309,149812.5
2025-10-28,20251104,0.25/0.1,26020.75,7.24,26400,25750,26700,25450,0.25,-0.241,0.099,-0.105,89.50000190734863,10.149998664855955,10.149998664855955,-9.699996948242188,300,300,74.1500015258789,63.0,22.899999618530273,24.75,33.900001525878906,79.4000015258789,9.449999809265137,24.5,-8.8,49.5,40.7,18.55,80.35,98.9,9.750003814697266,129.8499984741211,2,-8.0,103.8,95.8,-11.10000228881836,152.0000038146973,2,18.55,80.35,98.9,18.550003051757812,80.3499984741211,1,-8.0,103.8,95.8,-8.0,103.8000030517578,1,-3.1,48.2,45.1,,,,,,,2025,213.05284553279924,425.4502095994544,7612.498998641967,6973.9959435097135,157874.99856948853
2025-10-28,20251104,0.25/0.05,26020.75,7.24,26400,25750,26900,25150,0.25,-0.241,0.047,-0.051,115.50000190734865,15.09999942779541,15.09999942779541,-17.54999876022339,500,600,74.1500015258789,63.0,9.449999809265137,12.199999809265137,33.900001525878906,79.4000015258789,4.300000190734863,8.600000381469727,-8.8,49.5,40.7,18.55,80.35,98.9,9.750003814697266,129.8499984741211,2,-8.0,103.8,95.8,-11.10000228881836,152.0000038146973,2,18.55,80.35,98.9,18.550003051757812,80.3499984741211,1,-8.0,103.8,95.8,-8.0,103.8000030517578,1,-3.1,48.2,45.1,,,,,,,2025,215.94727934380393,394.2416456372332,11324.999570846558,10714.81064586552,363374.9985694885
2025-10-29,20251104,0.35/0.15,25987.25,6.24,26200,25900,26450,25600,0.333,-0.367,0.149,-0.139,120.3499984741211,5.149999618530273,10.250001907348633,-4.250005722045898,250,300,90.8499984741211,88.8499984741211,31.549999237060547,27.799999237060547,103.9499969482422,64.4000015258789,33.04999923706055,20.100000381469727,-4.3,95.15,90.85,-6.4,71.0,64.6,-10.70000457763672,166.1500015258789,2,-4.25,62.7,58.45,-22.849998474121097,189.04999923706055,2,,,,-4.3000030517578125,95.1500015258789,1,,,,-18.599998474121097,126.3499984741211,1,-18.6,126.35,107.75,-4.3,95.15,90.85,-18.6,126.35,107.75,2025,246.5505031723278,513.7839043365335,3862.499713897705,3102.165306388844,134737.50114440918
2025-10-29,20251104,0.25/0.1,25987.25,6.24,26300,25750,26550,25500,0.25,-0.231,0.103,-0.098,71.45000076293945,2.90000057220459,7.200002670288086,-7.94999885559082,250,250,61.0,49.650001525878906,20.25,18.950000762939453,67.75,35.25,20.149999618530273,14.300000190734863,15.1,63.9,79.0,3.15,32.1,35.25,18.249998092651367,96.00000190734865,2,-2.0,34.6,32.6,-15.899993896484377,121.04999542236328,2,,,,15.099998474121094,63.900001525878906,1,,,,-13.899993896484377,86.44999694824219,1,-13.9,86.45,72.55,15.1,63.9,79.0,-13.9,86.45,72.55,2025,217.96836257131375,391.4175178301034,2175.0004291534424,1565.6145487520253,133912.4994277954
2025-10-29,20251104,0.25/0.05,25987.25,6.24,26300,25750,26750,25300,0.25,-0.231,0.046,-0.051,93.05000114440918,5.600001335144043,11.45000171661377,-11.499998092651367,450,450,61.0,49.650001525878906,8.050000190734863,9.550000190734863,67.75,35.25,7.300000190734863,8.25,15.1,63.9,79.0,3.15,32.1,35.25,18.249998092651367,96.00000190734865,2,-2.0,34.6,32.6,-15.899993896484377,121.04999542236328,2,,,,15.099998474121094,63.900001525878906,1,,,,-13.899993896484377,86.44999694824219,1,-13.9,86.45,72.55,15.1,63.9,79.0,-13.9,86.45,72.55,2025,214.20635681215964,363.98583535762265,4200.001001358032,3621.8088091882496,267712.4991416931
2025-10-30,20251104,0.35/0.15,25913.75,5.24,26100,25800,26300,25550,0.328,-0.342,0.163,-0.143,96.80000495910645,9.900009155273438,12.700008392333984,-2.6999950408935547,200,250,75.9000015258789,79.05000305175781,31.149999618530273,27.0,58.75,68.94999694824219,21.600000381469727,19.200000762939453,0.05,82.15,82.2,-9.8,74.7,64.9,-9.75,156.8499984741211,2,-8.8,69.9,61.1,-22.25,159.5999984741211,2,-9.9,80.85,70.95,-9.850006103515623,163.0,2,-18.1,79.2,61.1,-31.54999542236328,168.89999389648438,2,-13.45,89.7,76.25,0.05,82.15,82.2,-13.45,89.7,76.25,2025,217.2490531679641,460.1223407360096,7425.006866455078,6747.635472551105,114899.99628067017
2025-10-30,20251104,0.25/0.1,25913.75,5.24,26200,25700,26450,25450,0.236,-0.246,0.092,-0.097,67.69999885559082,11.59999942779541,13.400002479553224,-2.25,250,250,49.25,51.849998474121094,16.049999237060547,17.350000381469727,36.099998474121094,42.20000076293945,10.699999809265137,11.5,-3.45,53.15,49.7,-2.1,40.85,38.75,-5.549999237060547,94.0,2,-6.6,44.35,37.75,-15.349998474121094,101.0999984741211,2,,,,-3.450000762939453,53.150001525878906,1,,,,-8.75,56.75,1,-8.75,56.75,48.0,-3.45,53.15,49.7,-8.75,56.75,48.0,2025,209.09232737715303,357.889740284637,8699.999570846558,8133.0175031847675,136725.00085830688
2025-10-30,20251104,0.25/0.05,25913.75,5.24,26200,25700,26600,25250,0.236,-0.246,0.052,-0.049,83.89999771118164,17.249998569488525,19.55000066757202,-3.2000021934509277,400,450,49.25,51.849998474121094,8.600000381469727,8.600000381469727,36.099998474121094,42.20000076293945,5.900000095367432,5.75,-3.45,53.15,49.7,-2.1,40.85,38.75,-5.549999237060547,94.0,2,-6.6,44.35,37.75,-15.349998474121094,101.0999984741211,2,,,,-3.450000762939453,53.150001525878906,1,,,,-8.75,56.75,1,-8.75,56.75,48.0,-3.45,53.15,49.7,-8.75,56.75,48.0,2025,211.28392228678456,341.17778385103964,12937.498927116394,12385.037220978571,274575.00171661377
2025-10-31,20251104,0.35/0.15,25921.2,4.24,26050,25850,26250,25650,0.363,-0.356,0.152,-0.146,91.44999885559082,-12.450002670288086,2.3000011444091797,-13.549993515014648,200,200,75.5999984741211,60.25,23.350000381469727,21.049999237060547,29.399999618530273,125.9000015258789,11.350000381469728,40.04999923706055,-8.95,40.45,31.5,24.15,64.3,88.45,15.199996948242188,104.75,2,-3.2,104.55,101.35,-5.750003814697266,137.10000228881836,2,24.15,64.3,88.45,24.14999771118164,64.29999923706055,1,-3.2,104.55,101.35,-3.2000045776367188,104.5500030517578,1,-2.55,32.55,30.0,,,,,,,2025,150.0,455.7459504507933,-9337.502002716064,-9943.247953166858,81412.50085830688
2025-10-31,20251104,0.25/0.1,25921.2,4.24,26150,25750,26350,25550,0.244,-0.232,0.089,-0.091,53.75000190734863,-10.59999704360962,2.4000015258789062,-13.999999046325684,200,200,42.75,35.900001525878906,12.399999618530272,12.5,17.899999618530273,74.75,7.599999904632568,20.700000762939453,-1.3,19.2,17.9,26.8,38.55,65.35,25.499998092651367,57.75,2,-1.75,62.6,60.85,-2.6999988555908203,81.49999809265137,2,26.8,38.55,65.35,26.799999237060547,38.54999923706055,1,-1.75,62.6,60.85,-1.75,62.599998474121094,1,-0.95,18.9,17.95,,,,,,,2025,155.62586064603136,342.4479518289988,-7949.997782707214,-8448.071595182244,109687.49856948853
2025-10-31,20251104,0.25/0.05,25921.2,4.24,26150,25750,26450,25400,0.244,-0.232,0.054,-0.05,64.6500015258789,-14.249998092651367,2.6999993324279785,-20.899999141693115,300,350,42.75,35.900001525878906,7.099999904632568,6.900000095367432,17.899999618530273,74.75,5.449999809265137,8.300000190734863,-1.3,19.2,17.9,26.8,38.55,65.35,25.499998092651367,57.75,2,-1.75,62.6,60.85,-2.6999988555908203,81.49999809265137,2,26.8,38.55,65.35,26.799999237060547,38.54999923706055,1,-1.75,62.6,60.85,-1.75,62.599998474121094,1,-0.95,18.9,17.95,,,,,,,2025,151.43064971535412,323.26516727168746,-10687.498569488525,-11162.194386475567,214012.49885559082
2025-11-03,20251104,0.35/0.15,25732.5,1.24,25850,25650,26000,25500,0.334,-0.333,0.163,-0.142,62.70000457763672,17.800004959106445,18.850003242492676,-2.8499975204467773,150,150,56.150001525878906,45.400001525878906,22.549999237060547,16.299999237060547,39.5,26.399999618530273,13.5,7.5,10.1,52.9,63.0,-2.85,46.75,43.9,7.25,99.6500015258789,2,-6.35,42.1,35.75,-32.85000228881836,112.6500015258789,2,-2.85,46.75,43.9,-2.6499977111816406,109.54999923706056,2,-10.25,46.0,35.75,-36.750003814697266,116.5500030517578,2,-26.5,70.55,44.05,0.2,62.8,63.0,-26.5,70.55,44.05,2025,688.3943400029094,354.7428637567644,13350.003719329834,12306.86651557016,65474.99656677246
2025-11-03,20251104,0.25/0.1,25732.5,1.24,25900,25600,26100,25450,0.267,-0.255,0.094,-0.104,50.55000019073486,17.950000286102295,18.399999141693115,-3.1499996185302734,200,150,41.599998474121094,32.400001525878906,11.899999618530272,11.550000190734863,27.149999618530273,17.350000381469727,6.599999904632568,5.300000190734863,4.65,38.9,43.55,-5.85,34.15,28.3,-1.2000045776367188,73.05000305175781,2,-5.55,29.1,23.55,-26.0,81.19999885559082,2,-5.85,34.15,28.3,-9.10000228881836,80.95000076293945,2,,,,-20.44999885559082,52.099998474121094,1,-20.45,52.1,31.65,-3.25,46.8,43.55,-20.45,52.1,31.65,2025,417.33599046593514,303.2667032121623,13462.500214576721,12741.897520898623,112087.49985694885
2025-11-03,20251104,0.25/0.05,25732.5,1.24,25900,25600,26200,25300,0.267,-0.255,0.056,-0.045,62.40000009536743,24.350000143051147,25.15000033378601,-3.549999237060547,300,300,41.599998474121094,32.400001525878906,6.75,4.849999904632568,27.149999618530273,17.350000381469727,3.799999952316284,2.6500000953674316,4.65,38.9,43.55,-5.85,34.15,28.3,-1.2000045776367188,73.05000305175781,2,-5.55,29.1,23.55,-26.0,81.19999885559082,2,-5.85,34.15,28.3,-9.10000228881836,80.95000076293945,2,,,,-20.44999885559082,52.099998474121094,1,-20.45,52.1,31.65,-3.25,46.8,43.55,-20.45,52.1,31.65,2025,412.48762862508374,293.4574470435811,18262.50010728836,17556.555031619697,178199.99992847443
2025-11-04,20251111,0.35/0.15,25711.5,7.24,25900,25600,26200,25300,0.357,-0.355,0.141,-0.144,134.70000076293945,10.899999618530272,12.40000343322754,-0.3000011444091797,300,300,99.5,96.4000015258789,29.700000762939453,31.5,51.25,120.8000030517578,12.100000381469728,36.150001525878906,-6.95,87.35,80.4,-5.5,102.95,97.45,-12.449996948242188,190.29999542236328,2,-7.65,105.35,97.7,-7.650001525878906,105.3499984741211,1,-5.5,102.95,97.45,-5.5,102.9499969482422,1,-7.65,105.35,97.7,-7.650001525878906,105.3499984741211,1,,,,,,,,,,2025,241.11814831729953,527.6970236462068,8174.999713897704,7406.184541934198,123974.99942779541
2025-11-04,20251111,0.25/0.1,25711.5,7.24,26050,25450,26300,25200,0.232,-0.233,0.098,-0.102,70.75,9.700000762939451,11.29999828338623,-0.0999984741210937,250,250,55.20000076293945,56.0,19.25,21.200000762939453,24.700000762939453,67.8499984741211,8.149999618530273,23.350000381469727,-8.95,46.75,37.8,-8.15,59.95,51.8,-17.10000228881836,106.70000076293944,2,-4.7,59.25,54.55,-4.700000762939453,59.25,1,-8.15,59.95,51.8,-8.150001525878906,59.95000076293945,1,-4.7,59.25,54.55,-4.700000762939453,59.25,1,,,,,,,,,,2025,172.12111235181337,385.7527411627788,7275.000572204589,6717.126718689997,134437.5
2025-11-04,20251111,0.25/0.05,25711.5,7.24,26050,25450,26500,24950,0.232,-0.233,0.05,-0.046,92.75000095367432,13.750001907348633,17.049999713897705,-0.3499994277954101,450,500,55.20000076293945,56.0,9.199999809265137,9.25,24.700000762939453,67.8499984741211,4.449999809265137,9.100000381469728,-8.95,46.75,37.8,-8.15,59.95,51.8,-17.10000228881836,106.70000076293944,2,-4.7,59.25,54.55,-4.700000762939453,59.25,1,-8.15,59.95,51.8,-8.150001525878906,59.95000076293945,1,-4.7,59.25,54.55,-4.700000762939453,59.25,1,,,,,,,,,,2025,164.76152700546237,359.1979873187981,10312.501430511475,9788.541916187214,305437.49928474426
2025-11-06,20251111,0.35/0.15,25612.25,5.24,25750,25500,25950,25300,0.366,-0.327,0.165,-0.155,92.44999885559082,14.0,15.149999618530272,-0.6499996185302734,200,200,81.0,66.3499984741211,27.75,27.149999618530273,40.099998474121094,75.5,12.25,24.899999618530273,-5.0,54.95,49.95,21.3,67.0,88.3,16.300003051757812,121.95000076293944,2,-17.4,94.3,76.9,-12.599998474121094,145.9000015258789,2,21.3,67.0,88.3,21.300003051757812,67.0,1,-17.4,94.3,76.9,-17.400001525878906,94.3000030517578,1,4.8,51.6,56.4,,,,,,,2025,203.76400593207904,442.95179982370183,10500.0,9853.28419424422,80662.50085830688
2025-11-06,20251111,0.25/0.1,25612.25,5.24,25850,25400,26050,25200,0.254,-0.227,0.104,-0.104,57.0,12.30000066757202,13.200001239776611,-0.7000017166137695,200,200,48.29999923706055,42.150001525878906,16.0,17.450000762939453,21.700000762939453,43.849998474121094,7.150000095367432,13.699999809265137,-3.1,32.3,29.2,9.5,43.1,52.6,6.400001525878906,75.39999771118164,2,-12.7,60.65,47.95,-10.30000114440918,90.00000190734863,2,9.5,43.1,52.6,9.5,43.099998474121094,1,-12.7,60.65,47.95,-12.700000762939451,60.650001525878906,1,2.4,29.35,31.75,,,,,,,2025,160.34505612680462,340.81545336118154,9225.000500679014,8723.839991191027,107250.0
2025-11-06,20251111,0.25/0.05,25612.25,5.24,25850,25400,26200,25000,0.254,-0.227,0.053,-0.053,73.95000076293945,18.100001573562626,19.350001335144043,-1.25,350,400,48.29999923706055,42.150001525878906,7.550000190734863,8.949999809265137,21.700000762939453,43.849998474121094,3.799999952316284,5.900000095367432,-3.1,32.3,29.2,9.5,43.1,52.6,6.400001525878906,75.39999771118164,2,-12.7,60.65,47.95,-10.30000114440918,90.00000190734863,2,9.5,43.1,52.6,9.5,43.099998474121094,1,-12.7,60.65,47.95,-12.700000762939451,60.650001525878906,1,2.4,29.35,31.75,,,,,,,2025,163.77675175575496,323.2109317058372,13575.001180171968,13088.013496710377,244537.4994277954
2025-11-07,20251111,0.35/0.15,25352.5,4.24,25450,25300,25650,25100,0.382,-0.382,0.155,-0.15,91.20000076293944,-14.549998760223389,7.250001907348633,-28.350003242492676,200,200,68.30000305175781,65.44999694824219,21.799999237060547,20.75,127.4000015258789,24.399999618530273,38.150001525878906,7.900000095367432,-0.4,65.85,65.45,-7.9,56.3,48.4,-8.299999237060547,122.14999771118164,2,-7.95,30.4,22.45,6.700002670288086,113.34999656677246,2,,,,-7.8000030517578125,73.25,1,,,,14.650001525878906,82.94999694824219,1,14.65,82.95,97.6,-7.8,73.25,65.45,14.65,82.95,97.6,2025,697.2740125776038,446.0019126810253,-10912.499070167542,-12055.77499542617,81599.99942779542
2025-11-07,20251111,0.25/0.1,25352.5,4.24,25550,25200,25750,25000,0.25,-0.245,0.094,-0.093,50.599998474121094,-10.350002765655518,7.249999046325684,-25.799999237060547,200,200,38.75,36.599998474121094,12.350000381469728,12.399999618530272,72.6500015258789,12.850000381469728,18.950000762939453,5.599999904632568,27.95,36.6,64.55,0.35,12.5,12.85,28.300004959106445,49.099998474121094,2,-3.9,15.9,12.0,5.05000114440918,60.89999961853027,2,,,,25.35000228881836,39.20000076293945,1,,,,8.950000762939453,45.0,1,8.95,45.0,53.95,25.35,39.2,64.55,8.95,45.0,53.95,2025,374.539052828555,332.4712785549748,-7762.502074241638,-8469.512405625168,112050.00114440918
2025-11-07,20251111,0.25/0.05,25352.5,4.24,25550,25200,25900,24850,0.25,-0.245,0.047,-0.048,63.04999828338623,-12.250003576278688,10.149999618530272,-33.549999952316284,350,350,38.75,36.599998474121094,6.0,6.300000190734863,72.6500015258789,12.850000381469728,6.650000095367432,3.549999952316284,27.95,36.6,64.55,0.35,12.5,12.85,28.300004959106445,49.099998474121094,2,-3.9,15.9,12.0,5.05000114440918,60.89999961853027,2,,,,25.35000228881836,39.20000076293945,1,,,,8.950000762939453,45.0,1,8.95,45.0,53.95,25.35,39.2,64.55,8.95,45.0,53.95,2025,354.50876509421556,312.9779295590271,-9187.502682209017,-9854.989376862259,215212.50128746033
2025-11-10,20251111,0.35/0.15,25551.05,1.24,25650,25500,25750,25350,0.315,-0.381,0.162,-0.154,56.60000038146973,12.099998950958252,12.45000171661377,0.0,100,150,39.0,50.54999923706055,16.549999237060547,16.399999618530273,46.650001525878906,21.0,16.5,6.650000095367432,8.75,49.25,58.0,-9.6,45.6,36.0,-0.8499984741210938,94.8499984741211,2,-6.0,25.0,19.0,-25.0,89.5,2,,,,8.75,49.25,1,,,,-19.0,64.5,1,-19.0,64.5,45.5,8.75,49.25,58.0,-19.0,64.5,45.5,2025,907.4606998672776,342.8474285676888,9074.999213218689,7824.6910847837225,70049.9997138977
2025-11-10,20251111,0.25/0.1,25551.05,1.24,25700,25400,25800,25300,0.231,-0.213,0.111,-0.108,28.55000114440918,5.400001525878906,5.750000953674316,-6.049997806549072,100,100,25.950000762939453,24.0,10.5,10.899999618530272,28.5,9.399999618530272,9.800000190734863,4.949999809265137,2.0,33.3,35.3,-2.1,11.5,9.4,-0.1000003814697265,44.79999923706055,2,-2.75,11.8,9.05,-16.75,54.25000095367432,2,,,,2.0,33.29999923706055,1,,,,-14.0,42.45000076293945,1,-14.0,42.45,28.45,2.0,33.3,35.3,-14.0,42.45,28.45,2025,501.76199864687635,277.7596125550384,4050.0011444091797,3270.479533207265,53587.499141693115
2025-11-10,20251111,0.25/0.05,25551.05,1.24,25700,25400,25900,25200,0.231,-0.213,0.05,-0.054,40.50000047683716,9.150000810623167,9.150000810623167,-8.79999828338623,200,200,25.950000762939453,24.0,4.300000190734863,5.150000095367432,28.5,9.399999618530272,3.450000047683716,3.0999999046325684,2.0,33.3,35.3,-2.1,11.5,9.4,-0.1000003814697265,44.79999923706055,2,-2.75,11.8,9.05,-16.75,54.25000095367432,2,,,,2.0,33.29999923706055,1,,,,-14.0,42.45000076293945,1,-14.0,42.45,28.45,2.0,33.3,35.3,-14.0,42.45,28.45,2025,427.2442004556321,264.98692890476264,6862.500607967376,6170.269478606981,119624.99964237213
2025-11-11,20251118,0.35/0.15,25525.4,7.24,25750,25400,26000,25100,0.333,-0.34,0.154,-0.142,118.10000038146973,-8.950002670288086,4.549993515014648,-10.800005912780762,250,300,94.0,89.75,34.04999923706055,31.600000381469727,155.3000030517578,43.0,56.5,14.75,-8.15,96.0,87.85,11.55,96.05,107.6,3.399993896484375,192.0500030517578,2,-5.35,107.35,102.0,42.29999542236328,193.3499984741211,2,11.55,96.05,107.6,3.399993896484375,192.0500030517578,2,-5.35,107.35,102.0,29.29999542236328,206.3499984741211,2,47.65,86.0,133.65,-8.15,96.0,87.85,34.65,99.0,133.65,2025,246.7421957611117,549.6270441270914,-6712.502002716064,-7508.8712426042675,136424.9997138977
2025-11-11,20251118,0.25/0.1,25525.4,7.24,25850,25300,26100,25000,0.252,-0.258,0.106,-0.105,83.10000038146973,-7.100002288818359,5.400003433227539,-9.849998474121094,250,300,64.0,63.29999923706055,21.399999618530273,22.799999237060547,106.6500015258789,29.549999237060547,34.599998474121094,11.399999618530272,-9.2,65.5,56.3,4.6,69.8,74.4,-4.599998474121094,135.3000030517578,2,-4.75,76.8,72.05,28.39999771118164,134.2500038146973,2,4.6,69.8,74.4,-4.599998474121094,135.3000030517578,2,-4.75,76.8,72.05,19.849998474121097,142.8000030517578,2,33.15,57.45,90.6,-9.2,65.5,56.3,24.6,66.0,90.6,2025,192.8053911683429,434.36462637640386,-5325.0017166137695,-5952.171734158516,162674.9997138977
2025-11-11,20251118,0.25/0.05,25525.4,7.24,25850,25300,26300,24750,0.252,-0.258,0.049,-0.051,107.5,-10.05000114440918,7.650002479553223,-14.150003910064695,450,550,64.0,63.29999923706055,8.899999618530273,10.899999618530272,106.6500015258789,29.549999237060547,12.149999618530272,6.5,-9.2,65.5,56.3,4.6,69.8,74.4,-4.599998474121094,135.3000030517578,2,-4.75,76.8,72.05,28.39999771118164,134.2500038146973,2,4.6,69.8,74.4,-4.599998474121094,135.3000030517578,2,-4.75,76.8,72.05,19.849998474121097,142.8000030517578,2,33.15,57.45,90.6,-9.2,65.5,56.3,24.6,66.0,90.6,2025,192.45801181120368,396.9850335058317,-7537.500858306885,-8126.94390362392,331875.0
2025-11-12,20251118,0.35/0.15,25846.5,6.24,26000,25750,26250,25500,0.365,-0.356,0.143,-0.161,114.30000114440918,0.8500022888183594,3.80000114440918,-4.9499969482421875,250,250,87.9000015258789,84.5,25.350000381469727,32.75,104.0999984741211,63.5,28.850000381469727,25.299999237060547,2.25,89.0,91.25,-7.85,85.6,77.75,-5.599998474121094,174.5999984741211,2,-1.9,65.4,63.5,5.349998474121094,161.8499984741211,2,-7.85,85.6,77.75,-5.599998474121094,174.5999984741211,2,,,,7.25,96.4499969482422,1,7.25,96.45,103.7,2.25,89.0,91.25,7.25,96.45,103.7,2025,894.7216387460073,506.39670820755765,637.5017166137695,-763.6166303397954,101774.99914169312
2025-11-12,20251118,0.25/0.1,25846.5,6.24,26100,25650,26350,25350,0.262,-0.262,0.091,-0.098,78.35000038146973,2.3999977111816406,4.69999885559082,-3.4499998092651367,250,300,54.95000076293945,57.5,14.850000381469728,19.25,64.80000305175781,43.29999923706055,16.299999237060547,15.850000381469728,14.4,55.4,69.8,-8.55,58.5,49.95,5.850002288818359,113.9000015258789,2,-1.15,44.45,43.3,3.5499954223632812,104.45000076293944,2,-8.55,58.5,49.95,5.850002288818359,113.9000015258789,2,,,,4.6999969482421875,60.0,1,4.7,60.0,64.7,14.4,55.4,69.8,4.7,60.0,64.7,2025,585.1535636528423,390.8848547084809,1799.9982833862305,823.9598650249072,166237.4997138977
2025-11-12,20251118,0.25/0.05,25846.5,6.24,26100,25650,26500,25100,0.262,-0.262,0.047,-0.048,95.75000095367432,3.849998950958252,6.850001811981201,-4.199999809265137,400,550,54.95000076293945,57.5,7.199999809265137,9.5,64.80000305175781,43.29999923706055,7.400000095367432,8.800000190734863,14.4,55.4,69.8,-8.55,58.5,49.95,5.850002288818359,113.9000015258789,2,-1.15,44.45,43.3,3.5499954223632812,104.45000076293944,2,-8.55,58.5,49.95,5.850002288818359,113.9000015258789,2,,,,4.6999969482421875,60.0,1,4.7,60.0,64.7,14.4,55.4,69.8,4.7,60.0,64.7,2025,533.1568124107525,368.0147498013571,2887.499213218689,1986.3276510065793,340687.49928474426
2025-11-13,20251118,0.35/0.15,25870.4,5.24,26000,25750,26250,25550,0.377,-0.323,0.143,-0.161,98.5999984741211,-2.450000762939453,3.1999969482421875,-24.900007247924805,250,200,85.0999984741211,67.75,24.049999237060547,30.200000762939453,86.80000305175781,76.69999694824219,26.450000762939453,36.0,40.25,93.35,133.6,-5.3,48.8,43.5,34.950008392333984,142.14999771118164,2,-3.8,50.15,46.35,9.849990844726562,153.20000457763672,2,-2.1,71.1,69.0,38.15000915527344,164.4499969482422,2,-4.0,68.4,64.4,9.649993896484377,171.45000457763672,2,13.65,103.05,116.7,40.25,93.35,133.6,13.65,103.05,116.7,2025,1019.0287369833587,491.72608196222114,-1837.5005722045898,-3348.2553911501695,113550.00114440918
2025-11-13,20251118,0.25/0.1,25870.4,5.24,26100,25650,26350,25400,0.266,-0.229,0.092,-0.097,64.79999923706055,-4.900001525878906,3.3999977111816406,-20.5,250,250,52.29999923706055,44.70000076293945,14.350000381469728,17.850000381469727,55.0,51.95000076293945,16.149999618530273,21.100000381469727,26.0,58.0,84.0,10.25,34.05,44.3,36.25,92.04999923706056,2,-1.75,34.3,32.55,8.150001525878906,97.70000076293944,2,-1.05,45.35,44.3,24.950000762939453,103.3499984741211,2,-3.1,47.1,44.0,6.8000030517578125,110.5,2,9.9,63.4,73.3,26.0,58.0,84.0,9.9,63.4,73.3,2025,659.4398546191183,378.8283672154808,-3675.0011444091797,-4713.26936624378,138900.0005722046
2025-11-13,20251118,0.25/0.05,25870.4,5.24,26100,25650,26500,25150,0.266,-0.229,0.049,-0.048,80.60000038146973,-8.500000953674316,4.349998950958252,-25.19999885559082,400,500,52.29999923706055,44.70000076293945,7.199999809265137,9.199999809265137,55.0,51.95000076293945,7.949999809265137,9.899999618530272,26.0,58.0,84.0,10.25,34.05,44.3,36.25,92.04999923706056,2,-1.75,34.3,32.55,8.150001525878906,97.70000076293944,2,-1.05,45.35,44.3,24.950000762939453,103.3499984741211,2,-3.1,47.1,44.0,6.8000030517578125,110.5,2,9.9,63.4,73.3,26.0,58.0,84.0,9.9,63.4,73.3,2025,576.4092905336082,352.82340861928606,-6375.000715255737,-7304.233414408632,314549.9997138977
2025-11-14,20251118,0.35/0.15,25860.25,4.24,26000,25750,26250,25550,0.364,-0.333,0.141,-0.156,99.25000190734865,16.90000057220459,17.20000171661377,-5.149997711181641,250,200,83.4000015258789,67.25,24.25,27.149999618530273,55.54999923706055,58.400001525878906,12.050000190734863,19.549999237060547,10.3,62.75,73.05,6.05,96.95,103.0,16.350006103515625,159.6999969482422,2,-31.65,98.7,67.05,-46.849998474121094,177.25,2,6.05,96.95,103.0,6.0500030517578125,96.9499969482422,1,-31.65,98.7,67.05,-31.649993896484375,98.6999969482422,1,-15.2,78.55,63.35,,,,,,,2025,250.7878029973107,438.81501994484375,12675.000429153442,11985.397606211287,113062.49856948853
2025-11-14,20251118,0.25/0.1,25860.25,4.24,26100,25650,26350,25450,0.26,-0.231,0.089,-0.105,63.60000038146973,17.050001621246338,17.099997997283936,-4.750001907348633,250,200,52.45000076293945,42.75,14.100000381469728,17.5,31.100000381469727,33.599998474121094,6.599999904632568,11.550000190734863,0.55,40.75,41.3,0.95,63.55,64.5,1.5,104.29999923706056,2,-21.15,63.2,42.05,-30.500003814697266,110.6500015258789,2,0.95,63.55,64.5,0.9500007629394532,63.54999923706055,1,-21.15,63.2,42.05,-21.150001525878903,63.20000076293945,1,-9.35,47.45,38.1,,,,,,,2025,317.30963353693505,342.08724173163574,12787.501215934753,12128.104340666183,139799.9997138977
2025-11-14,20251118,0.25/0.05,25860.25,4.24,26100,25650,26500,25250,0.26,-0.231,0.047,-0.049,80.20000076293945,24.1000018119812,24.1000018119812,-10.700000762939451,400,400,52.45000076293945,42.75,6.949999809265137,8.050000190734863,31.100000381469727,33.599998474121094,3.5999999046325684,5.0,0.55,40.75,41.3,0.95,63.55,64.5,1.5,104.29999923706056,2,-21.15,63.2,42.05,-30.500003814697266,110.6500015258789,2,0.95,63.55,64.5,0.9500007629394532,63.54999923706055,1,-21.15,63.2,42.05,-21.150001525878903,63.20000076293945,1,-9.35,47.45,38.1,,,,,,,2025,327.7000046905844,326.3054795745709,18075.0013589859,17420.995874720746,239849.9994277954
2025-11-17,20251118,0.35/0.15,25965.5,1.24,26050,25900,26200,25750,0.364,-0.349,0.145,-0.141,68.10000038146973,11.29999828338623,15.04999828338623,-1.850001335144043,150,150,55.20000076293945,43.75,15.850000381469728,15.0,50.70000076293945,26.200000762939453,11.899999618530272,8.199999809265137,-9.65,54.65,45.0,-10.0,51.25,41.25,-19.650001525878903,105.9000015258789,2,-12.2,52.1,39.9,-10.849998474121094,97.25,2,-10.0,51.25,41.25,-13.700000762939451,107.04999923706056,2,-12.2,52.1,39.9,-27.79999542236328,114.1999969482422,2,1.35,45.15,46.5,-3.7,55.8,52.1,-15.6,62.1,46.5,2025,845.4771589855044,352.02769924754574,8474.998712539673,7277.493854306623,61424.999713897705
2025-11-17,20251118,0.25/0.1,25965.5,1.24,26100,25850,26250,25700,0.28,-0.262,0.097,-0.103,48.15000057220459,11.80000066757202,14.049999713897703,-0.7500028610229492,150,150,37.75,30.700000762939453,9.600000381469728,10.699999809265137,31.799999237060547,17.350000381469727,6.949999809265137,5.849999904632568,-10.0,37.5,27.5,-5.15,36.1,30.95,-15.14999771118164,73.5999984741211,2,-9.15,36.35,27.2,-8.599998474121094,65.44999885559082,2,-5.15,36.1,30.95,-5.149997711181641,36.099998474121094,1,-9.15,36.35,27.2,-19.999998092651367,76.8499984741211,2,0.55,29.1,29.65,,,,-10.85,40.5,29.65,2025,513.2648029755676,298.8196782935517,8850.000500679014,8037.916019409895,76387.49957084656
2025-11-17,20251118,0.25/0.05,25965.5,1.24,26100,25850,26350,25550,0.28,-0.262,0.044,-0.046,59.75000047683716,16.850000858306885,19.09999966621399,-0.8000028133392334,250,300,37.75,30.700000762939453,3.900000095367432,4.800000190734863,31.799999237060547,17.350000381469727,2.8499999046325684,3.4000000953674316,-10.0,37.5,27.5,-5.15,36.1,30.95,-15.14999771118164,73.5999984741211,2,-9.15,36.35,27.2,-8.599998474121094,65.44999885559082,2,-5.15,36.1,30.95,-5.149997711181641,36.099998474121094,1,-9.15,36.35,27.2,-19.999998092651367,76.8499984741211,2,0.55,29.1,29.65,,,,-10.85,40.5,29.65,2025,491.7596799410418,287.9230208055613,12637.500643730164,11857.81794298356,180187.49964237213
2025-11-18,20251125,0.35/0.15,25953.9,7.24,26150,25850,26400,25500,0.351,-0.371,0.162,-0.142,138.8499984741211,4.049997329711914,7.349996566772461,-10.249994277954102,250,350,97.4499969482422,110.1500015258789,35.0,33.75,83.0,111.4000015258789,27.649999618530273,31.950000762939453,9.5,87.2,96.7,-10.0,143.0,133.0,-0.5,230.1999969482422,2,-17.65,137.2,119.55,-20.25,231.25,2,-10.0,143.0,133.0,-11.550003051757812,241.25,2,-17.65,137.2,119.55,-29.199996948242188,240.1999969482422,2,-2.6,94.05,91.45,-1.55,98.25,96.7,-11.55,103.0,91.45,2025,384.7956182860864,562.3537532213124,3037.4979972839355,2090.348625776537,158362.50114440918
2025-11-18,20251125,0.25/0.1,25953.9,7.24,26250,25700,26550,25400,0.266,-0.252,0.092,-0.105,90.80000495910645,6.250001907348633,6.500004768371582,-6.1999969482421875,300,300,66.1500015258789,66.55000305175781,17.799999237060547,24.100000381469727,54.75,66.05000305175781,13.600000381469728,22.649999618530273,2.95,59.45,62.4,-10.0,90.8,80.8,-7.049999237060547,150.2500038146973,2,-11.9,85.7,73.8,-13.849994659423828,149.0999984741211,2,-10.0,90.8,80.8,-14.099998474121094,157.3000030517578,2,-11.9,85.7,73.8,-20.099994659423828,155.3499984741211,2,-1.95,63.4,61.45,-4.1,66.5,62.4,-8.2,69.65,61.45,2025,259.18429660854866,423.75095785376453,4687.501430511475,4004.566176049161,156899.99628067017
2025-11-18,20251125,0.25/0.05,25953.9,7.24,26250,25700,26700,25150,0.266,-0.252,0.051,-0.052,112.20000457763672,9.050001621246338,9.800004959106444,-10.749996185302734,450,550,66.1500015258789,66.55000305175781,9.0,11.5,54.75,66.05000305175781,6.849999904632568,10.800000190734863,2.95,59.45,62.4,-10.0,90.8,80.8,-7.049999237060547,150.2500038146973,2,-11.9,85.7,73.8,-13.849994659423828,149.0999984741211,2,-10.0,90.8,80.8,-14.099998474121094,157.3000030517578,2,-11.9,85.7,73.8,-20.099994659423828,155.3499984741211,2,-1.95,63.4,61.45,-4.1,66.5,62.4,-8.2,69.65,61.45,2025,244.82265796129437,396.7064380842321,6787.501215934753,6145.972119889227,328349.99656677246
2025-11-19,20251125,0.35/0.15,25909.15,6.24,26100,25800,26300,25550,0.33,-0.352,0.159,-0.158,104.05000114440918,-6.250001907348633,4.849994659423828,-6.250001907348633,200,250,77.4000015258789,89.0,29.600000381469727,32.75,135.0500030517578,51.5,56.79999923706055,19.450000762939453,4.8,83.05,87.85,1.2,74.85,76.05,6.0,157.9000015258789,2,-6.5,60.4,53.9,-23.75,156.3000030517578,2,,,,4.799995422363281,83.05000305175781,1,,,,-17.25,95.9000015258789,1,-17.25,95.9,78.65,4.8,83.05,87.85,-17.25,95.9,78.65,2025,1069.1917870195339,531.3860023103895,-4687.501430511475,-6288.079219841398,109462.49914169312
2025-11-19,20251125,0.25/0.1,25909.15,6.24,26200,25700,26400,25400,0.236,-0.261,0.104,-0.094,73.14999771118164,-6.550000190734863,5.1999969482421875,-6.550000190734863,200,300,49.04999923706055,60.29999923706055,17.850000381469727,18.350000381469727,90.8499984741211,34.54999923706055,34.0,11.699999809265137,-0.65,53.95,53.3,-2.85,50.45,47.6,-3.5000038146972656,104.4000015258789,2,-4.1,40.25,36.15,-16.199996948242188,101.3499984741211,2,,,,-0.6500015258789062,53.95000076293945,1,,,,-12.099998474121094,61.099998474121094,1,-12.1,61.1,49.0,-0.65,53.95,53.3,-12.1,61.1,49.0,2025,731.2840214422274,408.5713172307668,-4912.5001430511475,-6052.355481724142,170137.50171661377
2025-11-19,20251125,0.25/0.05,25909.15,6.24,26200,25700,26550,25200,0.236,-0.261,0.055,-0.05,90.99999904632568,-12.499998569488524,7.299999237060547,-12.499998569488524,350,500,49.04999923706055,60.29999923706055,8.699999809265137,9.649999618530272,90.8499984741211,34.54999923706055,14.550000190734863,7.349999904632568,-0.65,53.95,53.3,-2.85,50.45,47.6,-3.5000038146972656,104.4000015258789,2,-4.1,40.25,36.15,-16.199996948242188,101.3499984741211,2,,,,-0.6500015258789062,53.95000076293945,1,,,,-12.099998474121094,61.099998474121094,1,-12.1,61.1,49.0,-0.65,53.95,53.3,-12.1,61.1,49.0,2025,636.2059174538626,377.1863850095132,-9374.998927116392,-10388.391229579767,306750.00071525574
2025-11-20,20251125,0.35/0.15,26078.75,5.24,26250,25950,26450,25700,0.325,-0.327,0.14,-0.136,94.149995803833,-2.3000059127807617,6.749998092651367,-9.65000343322754,200,250,67.19999694824219,75.0999984741211,22.350000381469727,25.799999237060547,110.75,37.400001525878906,38.75,12.949999809265137,3.1,73.7,76.8,-10.0,54.6,44.6,-6.899993896484375,128.29999542236328,2,-0.5,37.9,37.4,33.25,118.1500015258789,2,,,,3.100006103515625,73.69999694824219,1,,,,33.75,80.25,1,33.75,80.25,114.0,3.1,73.7,76.8,33.75,80.25,114.0,2025,532.3515738726827,461.7882879567428,-1725.0044345855713,-2719.144296414997,116887.50314712524
2025-11-20,20251125,0.25/0.1,26078.75,5.24,26300,25850,26500,25600,0.27,-0.236,0.11,-0.094,67.5999984741211,-5.649998664855957,5.049999237060547,-13.699997901916504,200,250,52.099998474121094,49.5,16.799999237060547,17.200000762939453,87.44999694824219,24.100000381469727,28.850000381469727,9.449999809265137,-2.7,59.9,57.2,,,,-2.7000045776367188,59.900001525878906,1,-0.6,24.7,24.1,27.399999618530273,87.10000228881836,2,,,,-2.7000045776367188,59.900001525878906,1,,,,28.0,62.400001525878906,1,28.0,62.4,90.4,-2.7,59.9,57.2,28.0,62.4,90.4,2025,424.2942664036202,387.0095366505456,-4237.498998641968,-5048.802801696133,136800.00114440918
2025-11-20,20251125,0.25/0.05,26078.75,5.24,26300,25850,26650,25400,0.27,-0.236,0.052,-0.049,85.49999809265137,-8.34999942779541,7.149997711181641,-20.99999952316284,350,450,52.099998474121094,49.5,7.300000190734863,8.800000190734863,87.44999694824219,24.100000381469727,11.449999809265137,6.25,-2.7,59.9,57.2,,,,-2.7000045776367188,59.900001525878906,1,-0.6,24.7,24.1,27.399999618530273,87.10000228881836,2,,,,-2.7000045776367188,59.900001525878906,1,,,,28.0,62.400001525878906,1,28.0,62.4,90.4,-2.7,59.9,57.2,28.0,62.4,90.4,2025,363.44073133876753,359.01675462302643,-6262.499570846558,-6984.957056808352,273375.0014305115
2025-11-21,20251125,0.35/0.15,26117.25,4.24,26250,26000,26400,25800,0.338,-0.322,0.166,-0.139,76.45000267028809,2.4000024795532227,8.650001525878906,-2.849996566772461,150,200,59.150001525878906,63.150001525878906,23.600000381469727,22.25,43.45000076293945,70.25,15.449999809265137,24.200000762939453,10.45,51.95,62.4,3.95,71.0,74.95,14.39999771118164,122.95000076293944,2,-15.5,57.25,41.75,-15.599998474121094,114.8499984741211,2,3.95,71.0,74.95,6.549999237060547,130.79999923706055,2,6.15,64.1,70.25,0.8000030517578125,126.9499969482422,2,-0.1,57.6,57.5,2.6,59.8,62.4,-5.35,62.85,57.5,2025,913.0645158651151,415.2295274973102,1800.001859664917,471.70781630249166,92662.49799728394
2025-11-21,20251125,0.25/0.1,26117.25,4.24,26300,25950,26500,25750,0.272,-0.265,0.098,-0.11,63.300002098083496,4.550000190734863,9.050003051757812,-1.399998664855957,200,200,44.150001525878906,49.0,12.800000190734863,17.049999237060547,31.049999237060547,54.400001525878906,8.149999618530273,18.549999237060547,8.05,41.45,49.5,1.85,55.75,57.6,9.89999771118164,97.20000076293944,2,-12.35,43.65,31.3,-12.35000228881836,85.70000076293945,2,1.85,55.75,57.6,5.899997711181641,101.20000076293944,2,5.05,49.35,54.4,1.0000038146972656,95.4499969482422,2,0.0,42.05,42.05,4.05,45.45,49.5,-4.05,46.1,42.05,2025,645.3818955122958,355.4305417958245,3412.5001430511475,2411.687705743027,102524.99842643738
2025-11-21,20251125,0.25/0.05,26117.25,4.24,26300,25950,26600,25550,0.272,-0.265,0.056,-0.048,79.1000018119812,5.05000114440918,13.8500018119812,-3.8999991416931152,300,400,44.150001525878906,49.0,6.849999904632568,7.199999809265137,31.049999237060547,54.400001525878906,4.400000095367432,7.0,8.05,41.45,49.5,1.85,55.75,57.6,9.89999771118164,97.20000076293944,2,-12.35,43.65,31.3,-12.35000228881836,85.70000076293945,2,1.85,55.75,57.6,5.899997711181641,101.20000076293944,2,5.05,49.35,54.4,1.0000038146972656,95.4499969482422,2,0.0,42.05,42.05,4.05,45.45,49.5,-4.05,46.1,42.05,2025,568.0021802375859,333.79342016324284,3787.5008583068848,2885.705257906056,240674.9986410141
2025-11-24,20251125,0.35/0.15,26071.95,1.24,26150,26000,26300,25850,0.371,-0.35,0.138,-0.147,72.94999885559082,12.799997806549072,14.19999885559082,-1.800002098083496,150,150,55.349998474121094,48.29999923706055,14.149999618530272,16.549999237060547,31.950000762939453,49.75,7.400000095367432,14.149999618530272,2.45,71.95,74.4,-1.85,26.15,24.3,0.6000041961669922,98.09999656677246,2,-4.1,36.35,32.25,-23.199996948242188,114.1999969482422,2,1.35,49.8,51.15,3.800006866455078,121.74999618530272,2,-6.85,56.6,49.75,-25.949996948242188,134.4499969482422,2,-19.1,77.85,58.75,2.45,71.95,74.4,-19.1,77.85,58.75,2025,1030.276852332951,360.15033592800114,9599.998354911804,8209.571166650852,57787.500858306885
2025-11-24,20251125,0.25/0.1,26071.95,1.24,26200,25950,26350,25800,0.284,-0.268,0.091,-0.106,51.59999942779541,11.94999885559082,13.600000381469728,-2.249999523162842,150,150,37.20000076293945,34.29999923706055,8.550000190734863,11.350000381469728,20.350000381469727,33.0,4.800000190734863,8.899999618530273,-0.7,49.7,49.0,2.95,20.1,23.05,2.249998092651367,69.80000114440918,2,-2.7,24.35,21.65,-17.75,78.44999885559082,2,-3.95,35.9,31.95,-4.650001525878906,85.60000228881836,2,-5.75,38.75,33.0,-20.799999237060547,92.8499984741211,2,-15.05,54.1,39.05,-0.7,49.7,49.0,-15.05,54.1,39.05,2025,681.4443702598027,304.3114505939808,8962.499141693115,7976.743320839332,73800.00042915344
2025-11-24,20251125,0.25/0.05,26071.95,1.24,26200,25950,26450,25700,0.284,-0.268,0.042,-0.054,62.34999990463257,15.549999475479126,17.600000143051147,-2.2499990463256836,250,250,37.20000076293945,34.29999923706055,3.650000095367432,5.5,20.350000381469727,33.0,2.8499999046325684,3.700000047683716,-0.7,49.7,49.0,2.95,20.1,23.05,2.249998092651367,69.80000114440918,2,-2.7,24.35,21.65,-17.75,78.44999885559082,2,-3.95,35.9,31.95,-4.650001525878906,85.60000228881836,2,-5.75,38.75,33.0,-20.799999237060547,92.8499984741211,2,-15.05,54.1,39.05,-0.7,49.7,49.0,-15.05,54.1,39.05,2025,633.5965183894523,293.0627491352891,11662.499606609344,10735.840339084603,140737.50007152557
2025-11-25,20251202,0.35/0.15,25968.65,7.24,26150,25850,26450,25550,0.363,-0.348,0.14,-0.14,135.25,9.899998664855955,12.999998092651367,-5.849998474121094,300,300,100.5,94.0,28.799999237060547,30.450000762939453,63.45000076293945,107.6500015258789,15.050000190734863,30.700000762939453,4.6,112.9,117.5,12.7,82.35,95.05,17.300003051757812,195.25,2,-11.1,101.15,90.05,-22.899993896484375,207.0999984741211,2,-2.75,97.8,95.05,1.8499984741210935,210.70000457763672,2,-11.1,101.15,90.05,-22.899993896484375,207.0999984741211,2,-11.8,105.95,94.15,4.6,112.9,117.5,-11.8,105.95,94.15,2025,622.1493273715232,522.5625570891948,7424.998998641967,6280.287114181248,123562.5
2025-11-25,20251202,0.25/0.1,25968.65,7.24,26300,25750,26550,25450,0.236,-0.264,0.095,-0.1,82.29999923706055,8.099995613098145,11.250001907348633,-2.500001907348633,250,300,55.79999923706055,65.5,18.200000762939453,20.799999237060547,31.450000762939453,72.05000305175781,9.449999809265137,19.850000381469727,-0.85,63.6,62.75,4.75,58.5,63.25,3.9000015258789062,122.0999984741211,2,-9.15,71.3,62.15,-17.450000762939453,129.3000030517578,2,-4.75,68.0,63.25,-5.599998474121094,131.5999984741211,2,-9.15,71.3,62.15,-17.450000762939453,129.3000030517578,2,-8.3,58.0,49.7,-0.85,63.6,62.75,-8.3,58.0,49.7,2025,531.1733185274867,397.3781547291179,6074.996709823608,5146.445236567003,163275.0005722046
2025-11-25,20251202,0.25/0.05,25968.65,7.24,26300,25750,26700,25250,0.236,-0.264,0.052,-0.051,101.94999980926514,12.199995994567873,16.500001430511475,-3.700002670288086,400,500,55.79999923706055,65.5,9.149999618530272,10.199999809265137,31.450000762939453,72.05000305175781,4.800000190734863,8.949999809265137,-0.85,63.6,62.75,4.75,58.5,63.25,3.9000015258789062,122.0999984741211,2,-9.15,71.3,62.15,-17.450000762939453,129.3000030517578,2,-4.75,68.0,63.25,-5.599998474121094,131.5999984741211,2,-9.15,71.3,62.15,-17.450000762939453,129.3000030517578,2,-8.3,58.0,49.7,-0.85,63.6,62.75,-8.3,58.0,49.7,2025,480.51678908741724,374.17407173261785,9149.996995925905,8295.306135105871,298537.50014305115
2025-11-26,20251202,0.35/0.15,26040.65,6.24,26200,25950,26450,25700,0.366,-0.352,0.145,-0.144,117.10000038146973,-14.150005340576172,1.349996566772461,-20.04999542236328,250,250,93.0,76.6500015258789,26.350000381469727,26.200000762939453,143.35000610351562,50.25,43.70000076293945,18.649999618530273,-10.0,120.55,110.55,-9.9,72.4,62.5,-19.900001525878903,192.95000457763672,2,-2.0,52.25,50.25,11.899993896484377,177.75,2,,,,-10.0,120.5500030517578,1,,,,13.899993896484377,125.5,1,13.9,125.5,139.4,-10.0,120.55,110.55,13.9,125.5,139.4,2025,514.8772419075012,519.111267305481,-10612.504005432129,-11646.492514645111,99674.9997138977
2025-11-26,20251202,0.25/0.1,26040.65,6.24,26300,25850,26550,25600,0.266,-0.252,0.091,-0.097,77.30000305175781,-12.249999046325684,1.850003242492676,-18.59999656677246,250,250,58.400001525878906,50.70000076293945,14.899999618530272,16.899999618530273,93.5500030517578,33.349998474121094,24.549999237060547,12.800000190734863,-10.0,78.4,68.4,-10.0,48.4,38.4,-20.0,126.8000030517578,2,-1.45,34.8,33.35,7.349994659423828,117.20000076293944,2,,,,-10.0,78.4000015258789,1,,,,8.799995422363281,82.4000015258789,1,8.8,82.4,91.2,-10.0,78.4,68.4,8.8,82.4,91.2,2025,337.7084143745969,398.4298284114928,-9187.499284744263,-9923.63752753035,129524.99771118164
2025-11-26,20251202,0.25/0.05,26040.65,6.24,26300,25850,26650,25400,0.266,-0.252,0.056,-0.048,92.50000190734865,-13.699999809265137,2.1999998092651367,-21.94999885559082,350,450,58.400001525878906,50.70000076293945,8.5,8.100000381469727,93.5500030517578,33.349998474121094,13.5,7.199999809265137,-10.0,78.4,68.4,-10.0,48.4,38.4,-20.0,126.8000030517578,2,-1.45,34.8,33.35,7.349994659423828,117.20000076293944,2,,,,-10.0,78.4000015258789,1,,,,8.799995422363281,82.4000015258789,1,8.8,82.4,91.2,-10.0,78.4,68.4,8.8,82.4,91.2,2025,313.8797038268718,375.55721202949286,-10274.999856948853,-10964.436772805217,268124.9985694885
2025-11-27,20251202,0.35/0.15,26233.0,5.24,26400,26150,26600,25900,0.328,-0.36,0.139,-0.15,93.95000267028809,5.500005722045898,10.500000953674316,-3.5499963760375977,200,250,67.5,75.55000305175781,21.899999618530273,27.200000762939453,36.849998474121094,84.0999984741211,8.75,23.75,-10.0,86.6,76.6,-10.0,64.05,54.05,-20.0,150.64999771118164,2,0.4,64.75,65.15,-13.14999771118164,140.25,2,-7.25,78.35,71.1,-17.25,164.9499969482422,2,-13.2,78.35,65.15,-26.749996185302734,153.8499984741211,2,-13.55,75.5,61.95,-10.0,86.6,76.6,-13.55,75.5,61.95,2025,772.2284735439499,433.265120149024,4125.004291534424,2919.51069784145,117037.49799728394
2025-11-27,20251202,0.25/0.1,26233.0,5.24,26450,26050,26650,25800,0.271,-0.257,0.109,-0.103,67.14999961853027,10.099998474121094,12.44999885559082,-1.5999975204467771,200,250,51.45000076293945,50.349998474121094,16.5,18.149999618530273,25.700000762939453,51.70000076293945,6.300000190734863,14.050000190734863,-8.0,64.6,56.6,2.2,41.2,43.4,-5.799999237060547,105.79999923706056,2,-0.95,42.4,41.45,-11.950000762939451,99.60000228881836,2,-9.1,51.25,42.15,-17.099998474121094,115.8499984741211,2,-9.3,50.75,41.45,-20.299999237060547,107.95000076293944,2,-11.0,57.2,46.2,-8.0,64.6,56.6,-11.0,57.2,46.2,2025,449.78816095841734,356.78285708022116,7574.99885559082,6768.427837552182,137137.5002861023
2025-11-27,20251202,0.25/0.05,26233.0,5.24,26450,26050,26800,25600,0.271,-0.257,0.053,-0.054,85.04999923706055,16.449997425079346,18.699998140335083,-2.799997329711914,350,450,51.45000076293945,50.349998474121094,7.300000190734863,9.449999809265137,25.700000762939453,51.70000076293945,3.0999999046325684,5.699999809265137,-8.0,64.6,56.6,2.2,41.2,43.4,-5.799999237060547,105.79999923706056,2,-0.95,42.4,41.45,-11.950000762939451,99.60000228881836,2,-9.1,51.25,42.15,-17.099998474121094,115.8499984741211,2,-9.3,50.75,41.45,-20.299999237060547,107.95000076293944,2,-11.0,57.2,46.2,-8.0,64.6,56.6,-11.0,57.2,46.2,2025,425.1090588502241,338.4312705229099,12337.49806880951,11573.957739436375,273712.5005722046
2025-11-28,20251202,0.35/0.15,26215.2,4.24,26350,26150,26500,25950,0.324,-0.364,0.139,-0.145,77.0,10.19999885559082,12.04999828338623,-1.1999988555908203,150,200,52.5,62.0,17.100000381469727,20.399999618530273,38.900001525878906,55.29999923706055,11.350000381469728,16.049999237060547,-7.0,68.65,61.65,-5.8,54.75,48.95,-12.799999237060549,123.4000015258789,2,-0.4,55.7,55.3,-12.800003051757812,123.50000381469728,2,-7.55,62.05,54.5,-14.549999237060549,130.70000076293945,2,,,,-12.400001525878906,67.80000305175781,1,-12.4,67.8,55.4,-7.0,68.65,61.65,-12.4,67.8,55.4,2025,742.1400413406395,384.461306651351,7649.999141693115,6523.397793701125,92250.0
2025-11-28,20251202,0.25/0.1,26215.2,4.24,26400,26050,26550,25850,0.253,-0.235,0.1,-0.087,49.55000114440918,9.950003147125244,10.55000114440918,-2.9499998092651367,150,200,37.0,35.650001525878906,11.5,11.600000381469728,25.799999237060547,29.799999237060547,7.400000095367432,8.600000381469727,-7.5,49.3,41.8,0.15,29.65,29.8,-7.350000381469727,78.94999885559082,2,-1.9,31.7,29.8,-10.85000228881836,79.85000228881836,2,,,,-7.5,49.29999923706055,1,,,,-8.950000762939453,48.150001525878906,1,-8.95,48.15,39.2,-7.5,49.3,41.8,-8.95,48.15,39.2,2025,511.2666955493204,309.8279741719339,7462.502360343933,6641.407690622678,112837.49914169312
2025-11-28,20251202,0.25/0.05,26215.2,4.24,26400,26050,26650,25750,0.253,-0.235,0.052,-0.054,60.05000162124634,13.15000343322754,13.700002193450928,-4.599998950958252,250,300,37.0,35.650001525878906,5.5,7.099999904632568,25.799999237060547,29.799999237060547,3.650000095367432,5.050000190734863,-7.5,49.3,41.8,0.15,29.65,29.8,-7.350000381469727,78.94999885559082,2,-1.9,31.7,29.8,-10.85000228881836,79.85000228881836,2,,,,-7.5,49.29999923706055,1,,,,-8.950000762939453,48.150001525878906,1,-8.95,48.15,39.2,-7.5,49.3,41.8,-8.95,48.15,39.2,2025,477.71472241788564,298.5039299076514,9862.502574920656,9086.28392259512,179962.49878406525
2025-12-01,20251202,0.35/0.15,26282.5,1.24,26350,26200,26500,26100,0.378,-0.315,0.132,-0.17,58.75,7.550004243850708,13.099999904632568,-1.4999990463256836,150,100,51.45000076293945,37.849998474121094,12.5,18.049999237060547,11.600000381469728,83.94999694824219,3.450000047683716,40.900001525878906,-9.15,51.9,42.75,3.65,40.7,44.35,-5.500003814697266,92.60000228881836,2,27.65,41.15,68.8,24.10000228881836,60.45000076293945,2,3.65,40.7,44.35,-5.500003814697266,92.60000228881836,2,27.65,41.15,68.8,27.650001525878903,41.150001525878906,1,-3.55,19.3,15.75,-9.15,51.9,42.75,,,,2025,200.9039531574326,373.7805483287458,5662.503182888031,5087.818681401853,68437.5
2025-12-01,20251202,0.25/0.1,26282.5,1.24,26400,26150,26550,26000,0.282,-0.232,0.084,-0.088,43.55000019073486,-1.299997329711914,8.600000858306885,-5.199999094009399,150,150,33.54999923706055,25.950000762939453,7.199999809265137,8.75,7.199999809265137,59.099998474121094,2.75,18.700000762939453,-7.15,14.35,7.2,-0.45,28.45,28.0,-7.600001335144043,42.80000114440918,2,18.95,28.85,47.8,16.44999885559082,40.95000076293945,2,-0.45,28.45,28.0,-0.4500007629394531,28.450000762939453,1,18.95,28.85,47.8,18.94999885559082,28.850000381469727,1,-2.5,12.1,9.6,,,,,,,2025,160.07112629238122,302.8242467684278,-974.9979972839355,-1437.8933703447447,79837.49985694885
2025-12-01,20251202,0.25/0.05,26282.5,1.24,26400,26150,26600,25900,0.282,-0.232,0.054,-0.05,50.09999990463257,-5.999998569488525,9.200000286102297,-10.54999852180481,200,250,33.54999923706055,25.950000762939453,4.349999904632568,5.050000190734863,7.199999809265137,59.099998474121094,2.25,7.949999809265137,-7.15,14.35,7.2,-0.45,28.45,28.0,-7.600001335144043,42.80000114440918,2,18.95,28.85,47.8,16.44999885559082,40.95000076293945,2,-0.45,28.45,28.0,-0.4500007629394531,28.450000762939453,1,18.95,28.85,47.8,18.94999885559082,28.850000381469727,1,-2.5,12.1,9.6,,,,,,,2025,155.0785075364511,288.6265769491069,-4499.998927116394,-4943.704011601952,149925.00007152557
2025-12-02,20251209,0.35/0.15,26085.65,7.24,26300,26000,26550,25750,0.332,-0.364,0.141,-0.16,116.30000114440918,6.849998474121094,7.100002288818359,-1.8000011444091797,250,250,88.5999984741211,87.6500015258789,28.149999618530273,31.799999237060547,59.70000076293945,101.25,16.399999618530273,35.099998474121094,-6.9,85.95,79.05,-4.65,97.8,93.15,-11.54999542236328,183.75,2,-11.15,96.35,85.2,-21.95000457763672,168.0,2,-4.65,97.8,93.15,-4.650001525878906,97.8000030517578,1,-11.15,96.35,85.2,-11.150001525878906,96.3499984741211,1,-10.8,71.65,60.85,,,,,,,2025,535.1064391098598,506.05353341418265,5137.49885559082,4096.338883066778,100274.99914169312
2025-12-02,20251209,0.25/0.1,26085.65,7.24,26400,25900,26650,25600,0.245,-0.268,0.093,-0.093,82.3499984741211,5.8499956130981445,6.249998092651367,-2.7000045776367188,250,300,57.599998474121094,59.20000076293945,17.100000381469727,17.350000381469727,36.29999923706055,67.80000305175781,9.800000190734863,17.799999237060547,-10.0,51.75,41.75,-6.4,67.05,60.65,-16.400001525878906,118.8000030517578,2,-8.2,65.0,56.8,-15.349998474121094,109.54999923706056,2,-6.4,67.05,60.65,-6.400001525878906,67.05000305175781,1,-8.2,65.0,56.8,-8.200000762939453,65.0,1,-7.15,44.55,37.4,,,,,,,2025,385.73015277077235,389.4387248335986,4387.496709823608,3612.3278322192373,163237.50114440918
2025-12-02,20251209,0.25/0.05,26085.65,7.24,26400,25900,26800,25400,0.245,-0.268,0.049,-0.047,100.19999980926514,8.849997520446777,8.949999332427979,-4.350003242492676,400,500,57.599998474121094,59.20000076293945,8.149999618530273,8.449999809265137,36.29999923706055,67.80000305175781,4.800000190734863,7.949999809265137,-10.0,51.75,41.75,-6.4,67.05,60.65,-16.400001525878906,118.8000030517578,2,-8.2,65.0,56.8,-15.349998474121094,109.54999923706056,2,-6.4,67.05,60.65,-6.400001525878906,67.05000305175781,1,-8.2,65.0,56.8,-8.200000762939453,65.0,1,-7.15,44.55,37.4,,,,,,,2025,348.3696123260607,367.58845614213703,6637.498140335083,5921.540071866885,299850.00014305115
2025-12-03,20251209,0.35/0.15,25941.95,6.24,26100,25850,26350,25600,0.359,-0.356,0.141,-0.148,113.29999923706056,8.35000228881836,11.40000343322754,-1.6000003814697266,250,250,84.6500015258789,81.19999694824219,25.0,27.549999237060547,86.69999694824219,59.5,23.450000762939453,17.799999237060547,-8.55,78.0,69.45,-3.0,87.0,84.0,-11.550003051757812,165.0,2,-13.3,91.35,78.05,-18.949996948242188,170.9000015258789,2,-3.0,87.0,84.0,-3.0,87.0,1,-13.3,91.35,78.05,-24.399993896484375,176.3499984741211,2,-5.65,79.55,73.9,,,,-11.1,85.0,73.9,2025,458.9462043421837,476.57172626074026,6262.5017166137695,5326.9837860108455,102525.00057220459
2025-12-03,20251209,0.25/0.1,25941.95,6.24,26200,25750,26450,25500,0.258,-0.257,0.091,-0.1,74.20000076293945,9.35000228881836,11.300004005432127,-0.9999980926513672,250,250,53.5,53.150001525878906,14.75,17.700000762939453,52.849998474121094,36.5,13.449999809265137,11.050000190734863,-6.1,49.3,43.2,-5.8,57.35,51.55,-11.89999771118164,106.64999771118164,2,-9.3,59.05,49.75,-12.949996948242188,108.5999984741211,2,-5.8,57.35,51.55,-5.799999237060547,57.349998474121094,1,-9.3,59.05,49.75,-9.299999237060549,59.04999923706055,1,-3.65,49.55,45.9,,,,,,,2025,459.030805820483,369.6645865928173,7012.5017166137695,6183.806324200469,131849.9994277954
2025-12-03,20251209,0.25/0.05,25941.95,6.24,26200,25750,26600,25300,0.258,-0.257,0.047,-0.05,90.80000114440918,13.60000228881836,15.700003623962402,-0.9500007629394532,400,450,53.5,53.150001525878906,7.25,8.600000381469727,52.849998474121094,36.5,6.449999809265137,5.699999809265137,-6.1,49.3,43.2,-5.8,57.35,51.55,-11.89999771118164,106.64999771118164,2,-9.3,59.05,49.75,-12.949996948242188,108.5999984741211,2,-5.8,57.35,51.55,-5.799999237060547,57.349998474121094,1,-9.3,59.05,49.75,-9.299999237060549,59.04999923706055,1,-3.65,49.55,45.9,,,,,,,2025,398.05073668439076,350.8999128325577,10200.00171661377,9451.051067096821,269399.9991416931
2025-12-04,20251209,0.35/0.15,26025.2,5.24,26150,25950,26350,25750,0.365,-0.363,0.157,-0.158,93.8499984741211,6.649995803833008,7.450000762939453,-4.6999969482421875,200,200,71.25,71.8499984741211,24.0,25.25,72.6500015258789,51.70000076293945,21.100000381469727,16.049999237060547,17.25,77.25,94.5,10.6,51.65,62.25,27.849998474121097,128.9000015258789,2,10.3,63.3,73.6,-5.049999237060547,160.45000076293945,2,-10.0,73.0,63.0,7.25,150.25,2,-4.0,77.6,73.6,-19.349998474121097,174.75,2,-15.35,97.15,81.8,17.25,77.25,94.5,-15.35,97.15,81.8,2025,1098.9320913057045,439.4714269162741,4987.496852874756,3449.0933346527772,79612.50114440918
2025-12-04,20251209,0.25/0.1,26025.2,5.24,26250,25850,26450,25650,0.246,-0.246,0.096,-0.101,56.19999885559082,7.40000057220459,8.15000057220459,-4.400003433227539,200,200,41.79999923706055,43.29999923706055,13.649999618530272,15.25,40.099998474121094,29.049999237060547,10.949999809265137,9.399999618530272,7.4,45.75,53.15,2.3,35.1,37.4,9.70000457763672,80.8499984741211,2,5.25,37.2,42.45,-5.400001525878906,95.10000228881836,2,-9.65,46.6,36.95,-2.2499961853027344,92.3499984741211,2,-2.7,45.15,42.45,-13.35000228881836,103.0500030517578,2,-10.65,57.9,47.25,7.4,45.75,53.15,-10.65,57.9,47.25,2025,701.1770656448001,334.26236111276677,5550.000429153442,4514.561002395876,107850.00085830688
2025-12-04,20251209,0.25/0.05,26025.2,5.24,26250,25850,26600,25500,0.246,-0.246,0.049,-0.053,70.74999856948853,11.150001049041748,12.050000190734863,-5.550003528594971,350,350,41.79999923706055,43.29999923706055,6.599999904632568,7.75,40.099998474121094,29.049999237060547,4.650000095367432,4.900000095367432,7.4,45.75,53.15,2.3,35.1,37.4,9.70000457763672,80.8499984741211,2,5.25,37.2,42.45,-5.400001525878906,95.10000228881836,2,-9.65,46.6,36.95,-2.2499961853027344,92.3499984741211,2,-2.7,45.15,42.45,-13.35000228881836,103.0500030517578,2,-10.65,57.9,47.25,7.4,45.75,53.15,-10.65,57.9,47.25,2025,611.7574097345171,317.8414855971982,8362.500786781311,7432.901891449596,209437.5010728836
2025-12-05,20251209,0.35/0.15,26046.55,4.24,26150,25950,26350,25800,0.373,-0.318,0.134,-0.149,79.5999984741211,-14.550001621246338,7.30000114440918,-28.100000858306885,200,150,64.94999694824219,51.650001525878906,17.0,20.0,109.0,14.949999809265137,23.899999618530273,5.900000095367432,8.0,72.0,80.0,-9.85,61.2,51.35,-1.8500022888183592,133.20000076293945,2,-2.25,17.2,14.95,20.099997520446777,104.54999923706056,2,-9.85,61.2,51.35,-1.8500022888183592,133.20000076293945,2,,,,22.349998474121097,87.3499984741211,1,22.35,87.35,109.7,8.0,72.0,80.0,22.35,87.35,109.7,2025,288.6731278036466,399.1366654302151,-10912.501215934753,-11600.311009168614,90300.00114440918
2025-12-05,20251209,0.25/0.1,26046.55,4.24,26250,25900,26400,25750,0.235,-0.253,0.1,-0.111,46.55000019073486,-1.1499991416931152,8.799999237060547,-12.65000343322754,150,150,34.29999923706055,38.400001525878906,12.050000190734863,14.100000381469728,56.54999923706055,10.850000381469728,14.850000381469728,4.849999904632568,0.2,38.8,39.0,-10.0,45.7,35.7,-9.799999237060549,84.5,2,-2.05,12.9,10.85,9.849998474121094,58.35000038146973,2,-10.0,45.7,35.7,-9.799999237060549,84.5,2,,,,11.89999771118164,45.45000076293945,1,11.9,45.45,57.35,0.2,38.8,39.0,11.9,45.45,57.35,2025,218.81493314248988,318.83965290700604,-862.4993562698364,-1400.1539423193324,77587.49985694885
2025-12-05,20251209,0.25/0.05,26046.55,4.24,26250,25900,26500,25600,0.235,-0.253,0.054,-0.047,61.05000066757202,2.350001335144043,14.799999952316284,-14.650002717971802,250,300,34.29999923706055,38.400001525878906,6.099999904632568,5.550000190734863,56.54999923706055,10.850000381469728,5.800000190734863,2.9000000953674316,0.2,38.8,39.0,-10.0,45.7,35.7,-9.799999237060549,84.5,2,-2.05,12.9,10.85,9.849998474121094,58.35000038146973,2,-10.0,45.7,35.7,-9.799999237060549,84.5,2,,,,11.89999771118164,45.45000076293945,1,11.9,45.45,57.35,0.2,38.8,39.0,11.9,45.45,57.35,2025,218.81493314248988,302.22260249591824,1762.5010013580322,1241.463465719624,179212.49949932098
2025-12-08,20251209,0.35/0.15,26122.45,1.24,26200,26050,26300,25950,0.356,-0.321,0.176,-0.159,49.34999942779541,-13.100001335144045,5.1999969482421875,-22.15000343322754,100,100,46.20000076293945,35.54999923706055,17.350000381469727,15.050000190734863,9.199999809265137,112.9000015258789,4.449999809265137,55.20000076293945,-8.55,38.35,29.8,-2.45,47.25,44.8,-11.0,85.5999984741211,2,78.1,52.05,130.15,78.79999446868896,60.54999923706055,2,-2.45,47.25,44.8,-2.450000762939453,47.25,1,78.1,52.05,130.15,78.09999465942383,52.04999923706055,1,0.7,8.5,9.2,,,,,,,2025,420.2651533621032,391.6310667039352,-9825.001001358034,-10636.897221424071,37987.50042915344
2025-12-08,20251209,0.25/0.1,26122.45,1.24,26250,26000,26350,25900,0.258,-0.231,0.114,-0.108,32.90000057220459,-14.750000953674316,4.549999713897705,-24.449997901916504,100,100,28.950000762939453,23.75,10.050000190734863,9.75,5.900000095367432,80.80000305175781,3.4000000953674316,35.650001525878906,-9.1,23.7,14.6,-4.85,31.55,26.7,-13.94999885559082,55.25,2,62.35,34.9,97.25,62.849998474121094,40.30000162124634,2,-4.85,31.55,26.7,-4.849998474121094,31.549999237060547,1,62.35,34.9,97.25,62.349998474121094,34.900001525878906,1,0.5,5.4,5.9,,,,,,,2025,383.2687903727154,322.5220340425483,-11062.500715255737,-11768.291539671,50324.99957084656
2025-12-08,20251209,0.25/0.05,26122.45,1.24,26250,26000,26450,25800,0.258,-0.231,0.047,-0.051,44.65000081062317,-25.550002813339233,6.550000429153442,-45.24999761581421,200,200,28.950000762939453,23.75,3.700000047683716,4.349999904632568,5.900000095367432,80.80000305175781,2.5999999046325684,13.899999618530272,-9.1,23.7,14.6,-4.85,31.55,26.7,-13.94999885559082,55.25,2,62.35,34.9,97.25,62.849998474121094,40.30000162124634,2,-4.85,31.55,26.7,-4.849998474121094,31.549999237060547,1,62.35,34.9,97.25,62.349998474121094,34.900001525878906,1,0.5,5.4,5.9,,,,,,,2025,354.5942686266135,294.5294920768624,-19162.502110004425,-19811.6258707079,116512.49939203262
2025-12-09,20251216,0.35/0.15,25761.0,7.24,25950,25650,26250,25400,0.359,-0.342,0.143,-0.16,119.30000114440918,4.250005722045898,5.5,-12.04999828338623,300,250,101.0500030517578,82.8499984741211,30.600000381469727,34.0,104.4499969482422,52.349998474121094,25.549999237060547,16.200000762939453,11.1,104.0,115.1,-4.25,71.9,67.65,6.849998474121094,175.9000015258789,2,7.15,46.75,53.9,-15.29999542236328,177.1999969482422,2,,,,11.099998474121094,104.0,1,,,,-22.449996948242188,130.4499969482422,1,-22.45,130.45,108.0,11.1,104.0,115.1,-22.45,130.45,108.0,2025,798.8364333305391,503.9852649829855,3187.504291534424,1884.6825932208994,135524.99914169312
2025-12-09,20251216,0.25/0.1,25761.0,7.24,26100,25550,26350,25250,0.234,-0.256,0.1,-0.102,73.44999885559082,11.299999237060549,11.299999237060549,-1.400005340576172,250,300,56.0,58.54999923706055,19.950000762939453,21.149999618530273,53.70000076293945,33.099998474121094,15.149999618530272,9.5,1.5,58.7,60.2,-6.15,49.6,43.45,-4.650001525878906,108.29999923706056,2,4.65,30.3,34.95,-9.650001525878906,100.60000228881836,2,,,,1.4999961853027344,58.70000076293945,1,,,,-14.300003051757812,70.30000305175781,1,-14.3,70.3,56.0,1.5,58.7,60.2,-14.3,70.3,56.0,2025,580.2239319732128,380.3011897019615,8474.999427795412,7514.474306120238,169912.50085830688
2025-12-09,20251216,0.25/0.05,25761.0,7.24,26100,25550,26550,24950,0.234,-0.256,0.051,-0.05,93.79999923706056,17.5,17.5,-2.000004768371582,450,600,56.0,58.54999923706055,9.600000381469728,11.149999618530272,53.70000076293945,33.099998474121094,5.699999809265137,4.800000190734863,1.5,58.7,60.2,-6.15,49.6,43.45,-4.650001525878906,108.29999923706056,2,4.65,30.3,34.95,-9.650001525878906,100.60000228881836,2,,,,1.4999961853027344,58.70000076293945,1,,,,-14.300003051757812,70.30000305175781,1,-14.3,70.3,56.0,1.5,58.7,60.2,-14.3,70.3,56.0,2025,553.6367692544579,358.35208522948074,13125.0,12213.011145516062,379650.0005722046
2025-12-10,20251216,0.35/0.15,25915.8,6.24,26050,25800,26300,25600,0.373,-0.323,0.138,-0.151,100.3000030517578,-4.600003242492676,5.300002098083496,-7.550000190734863,250,200,81.5,67.80000305175781,22.5,26.5,40.04999923706055,131.10000610351562,11.199999809265137,55.04999923706055,-0.4,83.85,83.45,32.3,65.95,98.25,31.900001525878903,149.79999542236328,2,2.3,88.15,90.45,-4.750003814697266,140.75,2,28.9,69.35,98.25,28.5,153.1999969482422,2,2.3,88.15,90.45,2.2999954223632812,88.1500015258789,1,-7.05,52.6,45.55,-0.4,83.85,83.45,,,,2025,606.7071143270572,492.8031993893246,-3450.002431869507,-4549.512745585889,112274.99771118164
2025-12-10,20251216,0.25/0.1,25915.8,6.24,26150,25750,26350,25500,0.263,-0.27,0.11,-0.101,69.85000228881836,-18.899995803833008,1.5500001907348633,-23.949996948242188,200,250,50.45000076293945,53.650001525878906,17.25,17.0,23.899999618530273,107.5999984741211,8.75,34.0,-4.15,51.45,47.3,25.55,53.5,79.05,21.400001525878903,104.95000076293944,2,1.25,71.25,72.5,-2.700000762939453,102.25,2,24.05,55.0,79.05,19.900001525878903,106.45000076293944,2,1.25,71.25,72.5,1.25,71.25,1,-3.95,31.0,27.05,-4.15,51.45,47.3,,,,2025,553.6187025262367,401.2376280939855,-14174.996852874756,-15129.853183494979,135112.49828338623
2025-12-10,20251216,0.25/0.05,25915.8,6.24,26150,25750,26550,25300,0.263,-0.27,0.045,-0.048,89.5500020980835,-23.94999599456787,2.5500001907348633,-31.39999771118164,400,450,50.45000076293945,53.650001525878906,6.550000190734863,8.0,23.899999618530273,107.5999984741211,4.300000190734863,13.699999809265137,-4.15,51.45,47.3,25.55,53.5,79.05,21.400001525878903,104.95000076293944,2,1.25,71.25,72.5,-2.700000762939453,102.25,2,24.05,55.0,79.05,19.900001525878903,106.45000076293944,2,1.25,71.25,72.5,1.25,71.25,1,-3.95,31.0,27.05,-4.15,51.45,47.3,,,,2025,450.168802754293,368.2156596834206,-17962.496995925903,-18780.881458363616,270337.4984264374
2025-12-11,20251216,0.35/0.15,25700.55,5.24,25850,25600,26050,25400,0.349,-0.338,0.163,-0.154,87.90000343322754,-18.24999189376831,1.550004959106445,-26.749993324279785,200,200,73.55000305175781,68.25,27.850000381469727,26.049999237060547,146.4499969482422,16.5,50.900001525878906,5.900000095367432,30.5,88.5,119.0,1.45,33.05,34.5,31.950000762939453,121.54999923706056,2,-3.1,19.6,16.5,-25.04999732971191,150.7499942779541,2,,,,30.5,88.5,1,,,,-21.949996948242188,131.14999389648438,1,-21.95,131.15,109.2,30.5,88.5,119.0,-21.95,131.15,109.2,2025,699.5415656059922,473.6311077934387,-13687.493920326233,-14860.666593725664,84074.99742507935
2025-12-11,20251216,0.25/0.1,25700.55,5.24,25950,25500,26150,25300,0.244,-0.233,0.106,-0.102,54.849998474121094,-13.90000057220459,1.7499990463256836,-24.550004959106445,200,200,45.849998474121094,42.45000076293945,16.950000762939453,16.5,90.3499984741211,9.550000190734863,26.649999618530273,4.5,17.35,55.35,72.7,-4.3,21.45,17.15,13.049997329711914,76.79999923706055,2,-1.55,11.1,9.55,-17.149998664855957,93.75000190734865,2,,,,17.349998474121094,55.349998474121094,1,,,,-15.599998474121094,82.6500015258789,1,-15.6,82.65,67.05,17.35,55.35,72.7,-15.6,82.65,67.05,2025,524.5310032499989,361.1021599875264,-10425.000429153442,-11310.633592390966,108862.50114440918
2025-12-11,20251216,0.25/0.05,25700.55,5.24,25950,25500,26350,25100,0.244,-0.233,0.047,-0.05,73.0499997138977,-16.899998903274536,3.2500009536743164,-34.60000276565552,400,400,45.849998474121094,42.45000076293945,7.099999904632568,8.149999618530273,90.3499984741211,9.550000190734863,6.75,3.200000047683716,17.35,55.35,72.7,-4.3,21.45,17.15,13.049997329711914,76.79999923706055,2,-1.55,11.1,9.55,-17.149998664855957,93.75000190734865,2,,,,17.349998474121094,55.349998474121094,1,,,,-15.599998474121094,82.6500015258789,1,-15.6,82.65,67.05,17.35,55.35,72.7,-15.6,82.65,67.05,2025,461.5194331031103,332.3688353258864,-12674.999177455902,-13468.887445884899,245212.50021457672
2025-12-12,20251216,0.35/0.15,26018.75,4.24,26150,25950,26300,25800,0.318,-0.349,0.129,-0.167,64.74999809265137,11.29999542236328,11.29999542236328,-4.849998474121094,150,150,47.599998474121094,54.099998474121094,14.649999618530272,22.299999237060547,40.20000076293945,38.650001525878906,10.899999618530272,14.5,1.8,35.0,36.8,2.05,62.15,64.2,3.849994659423828,97.1500015258789,2,,,,-7.700000762939453,43.650001525878906,1,2.05,62.15,64.2,2.0499954223632812,62.150001525878906,1,,,,0.0,0.0,0,-7.7,43.65,35.95,,,,,,,2025,150.0,363.32306067910577,8474.99656677246,7961.673506093353,63937.501430511475
2025-12-12,20251216,0.25/0.1,26018.75,4.24,26200,25900,26350,25700,0.242,-0.276,0.089,-0.099,50.84999942779541,11.850000381469728,11.850000381469728,-8.999998092651367,150,200,32.599998474121094,40.20000076293945,9.449999809265137,12.5,26.899999618530273,27.399999618530273,7.0,8.300000190734863,-3.15,25.8,22.65,-1.8,47.3,45.5,-4.9499969482421875,73.0999984741211,2,,,,-6.399999618530273,30.5,1,-1.8,47.3,45.5,-1.7999992370605469,47.29999923706055,1,,,,0.0,0.0,0,-6.4,30.5,24.1,,,,,,,2025,150.0,308.41436999324037,8887.500286102297,8429.085916109056,111862.50042915344
2025-12-12,20251216,0.25/0.05,26018.75,4.24,26200,25900,26450,25550,0.242,-0.276,0.046,-0.049,62.149999141693115,16.299999952316284,16.349997997283936,-12.499998807907104,250,350,32.599998474121094,40.20000076293945,4.5,6.150000095367432,26.899999618530273,27.399999618530273,3.549999952316284,4.900000095367432,-3.15,25.8,22.65,-1.8,47.3,45.5,-4.9499969482421875,73.0999984741211,2,,,,-6.399999618530273,30.5,1,-1.8,47.3,45.5,-1.7999992370605469,47.29999923706055,1,,,,0.0,0.0,0,-6.4,30.5,24.1,,,,,,,2025,150.0,297.299462112497,12224.999964237213,11777.700502124717,215887.50064373016
2025-12-15,20251216,0.35/0.15,25906.25,1.24,26000,25850,26100,25700,0.32,-0.373,0.158,-0.148,57.55000019073486,5.65000057220459,8.100000381469727,0.0,100,150,38.650001525878906,50.099998474121094,15.449999809265137,15.75,76.25,10.25,30.600000381469727,4.0,-6.9,51.5,44.6,-9.85,33.25,23.4,-16.75,84.75,2,-5.65,15.75,10.1,-0.8500003814697266,77.95000076293945,2,,,,-6.900001525878906,51.5,1,,,,4.799999237060547,62.20000076293945,1,4.8,62.2,67.0,-6.9,51.5,44.6,4.8,62.2,67.0,2025,457.0570448353649,359.9699621169543,4237.500429153442,3420.4734222011234,69337.49985694885
2025-12-15,20251216,0.25/0.1,25906.25,1.24,26050,25800,26150,25650,0.229,-0.283,0.106,-0.104,39.24999904632568,3.5999999046325684,6.700000286102295,-2.3000011444091797,100,150,24.5,34.79999923706055,9.600000381469728,10.449999809265137,49.849998474121094,6.75,17.549999237060547,3.4000000953674316,-7.2,36.65,29.45,-10.0,22.45,12.45,-17.200000762939453,59.10000228881836,2,-3.95,10.6,6.65,-1.6499972343444824,51.44999885559082,2,,,,-7.200000762939453,36.650001525878906,1,,,,2.3000030517578125,40.849998474121094,1,2.3,40.85,43.15,-7.2,36.65,29.45,2.3,40.85,43.15,2025,374.7901377874697,300.186693974994,2699.9999284744263,2025.0230967119628,83062.50071525574
2025-12-15,20251216,0.25/0.05,25906.25,1.24,26050,25800,26250,25550,0.229,-0.283,0.049,-0.051,50.399999141693115,1.9000005722045896,8.399999141693115,-8.250000953674316,200,250,24.5,34.79999923706055,4.099999904632568,4.800000190734863,49.849998474121094,6.75,5.5,2.5999999046325684,-7.2,36.65,29.45,-10.0,22.45,12.45,-17.200000762939453,59.10000228881836,2,-3.95,10.6,6.65,-1.6499972343444824,51.44999885559082,2,,,,-7.200000762939453,36.650001525878906,1,,,,2.3000030517578125,40.849998474121094,1,2.3,40.85,43.15,-7.2,36.65,29.45,2.3,40.85,43.15,2025,331.9450029707761,282.7305075523605,1425.0004291534422,810.3249186303055,149700.00064373016
2025-12-16,20251223,0.35/0.15,25928.15,7.24,26100,25850,26350,25600,0.351,-0.37,0.137,-0.159,115.35000228881836,6.000003814697266,6.399996757507324,-2.5,250,250,82.6500015258789,87.6500015258789,24.0,30.950000762939453,58.5,95.0999984741211,14.149999618530272,30.100000381469727,-7.95,75.45,67.5,-1.85,99.6,97.75,-9.79999542236328,175.04999542236328,2,-13.15,107.35,94.2,-20.549999237060547,177.9499969482422,2,-1.85,99.6,97.75,-1.8499984741210935,99.5999984741211,1,-13.15,107.35,94.2,-13.150001525878906,107.3499984741211,1,-7.4,70.6,63.2,,,,,,,2025,174.10903702023353,487.819097043375,4500.002861022949,3838.0747269593403,100987.49828338623
2025-12-16,20251223,0.25/0.1,25928.15,7.24,26200,25750,26400,25450,0.252,-0.271,0.11,-0.093,75.60000038146973,5.249999046325684,5.649999618530273,-4.850000381469727,200,300,52.45000076293945,58.79999923706055,18.5,17.149999618530273,34.20000076293945,61.75,10.649999618530272,14.949999809265137,-8.2,42.95,34.75,-4.65,68.15,63.5,-12.85000228881836,111.10000228881836,2,-10.25,72.75,62.5,-16.150001525878906,116.6500015258789,2,-4.65,68.15,63.5,-4.650001525878906,68.1500015258789,1,-10.25,72.75,62.5,-10.25,72.75,1,-5.9,43.9,38.0,,,,,,,2025,171.53639380186524,379.04762999428607,3937.4992847442627,3386.915260948111,168299.9997138977
2025-12-16,20251223,0.25/0.05,25928.15,7.24,26200,25750,26600,25250,0.252,-0.271,0.046,-0.05,95.10000038146973,11.149999618530272,11.149999618530272,-4.750000953674316,400,500,52.45000076293945,58.79999923706055,7.0,9.149999618530272,34.20000076293945,61.75,4.550000190734863,7.449999809265137,-8.2,42.95,34.75,-4.65,68.15,63.5,-12.85000228881836,111.10000228881836,2,-10.25,72.75,62.5,-16.150001525878906,116.6500015258789,2,-4.65,68.15,63.5,-4.650001525878906,68.1500015258789,1,-10.25,72.75,62.5,-10.25,72.75,1,-5.9,43.9,38.0,,,,,,,2025,150.0,357.9716065538702,8362.499713897703,7854.528107343833,303674.9997138977
2025-12-17,20251223,0.35/0.15,25881.75,6.24,26050,25800,26250,25550,0.327,-0.359,0.137,-0.135,97.8499984741211,1.9499940872192385,3.049999237060547,-5.649997711181641,200,250,65.4000015258789,76.19999694824219,21.049999237060547,22.700000762939453,43.900001525878906,90.3000030517578,13.300000190734863,25.0,-8.7,53.0,44.3,0.0,90.0,90.0,-8.700000762939453,143.0,2,-9.4,95.35,85.95,-12.099998474121094,137.1999969482422,2,0.0,90.0,90.0,0.0,90.0,1,-9.4,95.35,85.95,-9.400001525878906,95.3499984741211,1,-2.7,41.85,39.15,,,,,,,2025,488.0712691083726,440.5681052990794,1462.495565414429,533.856191006977,114112.50114440918
2025-12-17,20251223,0.25/0.1,25881.75,6.24,26100,25700,26300,25500,0.27,-0.25,0.105,-0.11,64.40000343322754,5.300004959106445,5.950002670288086,-2.149996757507324,200,200,50.150001525878906,47.650001525878906,15.399999618530272,18.0,33.0,55.349998474121094,9.899999618530272,19.350000381469727,-9.25,40.6,31.35,1.85,57.45,59.3,-7.399997711181641,98.04999923706056,2,-7.05,60.6,53.55,-9.19999885559082,92.14999771118164,2,1.85,57.45,59.3,1.8500022888183592,57.45000076293945,1,-7.05,60.6,53.55,-7.049999237060547,60.599998474121094,1,-2.15,31.55,29.4,,,,,,,2025,372.6951121180467,365.2798620067644,3975.003719329834,3237.028745205023,101699.99742507935
2025-12-17,20251223,0.25/0.05,25881.75,6.24,26100,25700,26450,25300,0.27,-0.25,0.05,-0.049,83.35000324249268,7.60000467300415,8.450002670288086,-4.499997138977051,350,400,50.150001525878906,47.650001525878906,6.75,7.699999809265137,33.0,55.349998474121094,5.099999904632568,7.5,-9.25,40.6,31.35,1.85,57.45,59.3,-7.399997711181641,98.04999923706056,2,-7.05,60.6,53.55,-9.19999885559082,92.14999771118164,2,1.85,57.45,59.3,1.8500022888183592,57.45000076293945,1,-7.05,60.6,53.55,-7.049999237060547,60.599998474121094,1,-2.15,31.55,29.4,,,,,,,2025,309.641600182934,341.1403991696022,5700.003504753113,5049.2215054005765,237487.4975681305
2025-12-18,20251223,0.35/0.15,25745.2,5.24,25900,25650,26050,25500,0.323,-0.322,0.167,-0.162,65.25000381469727,4.000000953674316,6.150003433227539,-13.499998092651367,150,150,58.900001525878906,55.20000076293945,25.299999237060547,23.549999237060547,67.80000305175781,33.29999923706055,26.799999237060547,13.050000190734863,29.7,62.0,91.7,6.9,26.4,33.3,36.59999656677246,88.39999961853027,2,6.55,26.35,32.9,-14.100000381469728,134.19999885559082,2,,,,29.699996948242188,62.0,1,,,,-20.650001525878903,107.8499984741211,1,-20.65,107.85,87.2,29.7,62.0,91.7,-20.65,107.85,87.2,2025,497.4673673274861,403.46379653649285,3000.0007152557373,2099.0695513917585,63562.49713897705
2025-12-18,20251223,0.25/0.1,25745.2,5.24,25950,25600,26150,25400,0.263,-0.26,0.101,-0.098,59.14999866485596,5.999996185302734,8.099996566772461,-16.200000762939453,200,200,44.79999923706055,41.79999923706055,14.050000190734863,13.399999618530272,50.650001525878906,23.850000381469727,13.899999618530272,7.449999809265137,22.4,47.5,69.9,1.95,21.9,23.85,24.35000228881836,69.39999961853027,2,4.5,19.5,24.0,-14.04999542236328,104.8499984741211,2,,,,22.400001525878903,47.5,1,,,,-18.54999542236328,85.3499984741211,1,-18.55,85.35,66.8,22.4,47.5,69.9,-18.55,85.35,66.8,2025,375.4604368758297,338.243195794774,4499.997138977051,3786.293506306447,105637.50100135803
2025-12-18,20251223,0.25/0.05,25745.2,5.24,25950,25600,26300,25250,0.263,-0.26,0.049,-0.05,73.54999828338623,9.249996185302734,11.599996089935305,-21.30000114440918,350,350,44.79999923706055,41.79999923706055,6.400000095367432,6.650000095367432,50.650001525878906,23.850000381469727,5.699999809265137,4.5,22.4,47.5,69.9,1.95,21.9,23.85,24.35000228881836,69.39999961853027,2,4.5,19.5,24.0,-14.04999542236328,104.8499984741211,2,,,,22.400001525878903,47.5,1,,,,-18.54999542236328,85.3499984741211,1,-18.55,85.35,66.8,22.4,47.5,69.9,-18.55,85.35,66.8,2025,322.11857140150937,321.5001298050337,6937.497138977051,6293.878437770508,207337.50128746033
2025-12-19,20251223,0.35/0.15,25967.95,4.24,26050,25900,26200,25700,0.392,-0.355,0.17,-0.131,82.35000038146973,14.949997901916504,14.949997901916504,-0.6000003814697266,150,200,61.29999923706055,57.900001525878906,19.850000381469727,17.0,42.150001525878906,48.70000076293945,11.75,11.699999809265137,-4.2,53.1,48.9,-7.1,66.65,59.55,-11.29999542236328,119.75,2,-7.0,66.4,59.4,-22.0,124.35000228881836,2,-7.1,66.65,59.55,-7.099998474121094,66.6500015258789,1,-7.0,66.4,59.4,-7.0,66.4000015258789,1,-15.0,57.95,42.95,,,,,,,2025,550.2220794190027,383.90900043667557,11212.498426437378,10278.3673465817,88237.4997138977
2025-12-19,20251223,0.25/0.1,25967.95,4.24,26150,25800,26300,25650,0.232,-0.22,0.085,-0.1,39.40000057220459,10.549999713897703,10.549999713897703,-0.050002098083496,150,150,29.600000381469727,31.149999618530273,8.699999809265137,12.649999618530272,18.100000381469727,23.850000381469727,4.900000095367432,8.199999809265137,-7.2,25.15,17.95,-8.7,36.25,27.55,-15.899999618530272,61.39999961853027,2,-4.25,34.4,30.15,-12.10000228881836,61.60000228881836,2,-8.7,36.25,27.55,-8.700000762939453,36.25,1,-4.25,34.4,30.15,-4.250001907348633,34.400001525878906,1,-7.85,27.2,19.35,,,,,,,2025,322.6760293954138,288.85864228783777,7912.499785423278,7300.965113740026,82949.99957084656
2025-12-19,20251223,0.25/0.05,25967.95,4.24,26150,25800,26400,25500,0.232,-0.22,0.045,-0.051,49.799999713897705,15.599998712539673,15.599998712539673,-0.0500011444091796,250,300,29.600000381469727,31.149999618530273,4.400000095367432,6.550000190734863,18.100000381469727,23.850000381469727,2.799999952316284,4.949999809265137,-7.2,25.15,17.95,-8.7,36.25,27.55,-15.899999618530272,61.39999961853027,2,-4.25,34.4,30.15,-12.10000228881836,61.60000228881836,2,-8.7,36.25,27.55,-8.700000762939453,36.25,1,-4.25,34.4,30.15,-4.250001907348633,34.400001525878906,1,-7.85,27.2,19.35,,,,,,,2025,310.0225255567667,279.64576580039966,11699.999034404755,11110.330743047587,187650.00021457672
2025-12-22,20251223,0.35/0.15,26134.1,1.24,26200,26050,26300,25950,0.348,-0.303,0.144,-0.155,43.00000286102295,8.40000057220459,9.600003242492676,0.0,100,100,35.400001525878906,33.900001525878906,11.100000381469728,15.199999809265137,33.150001525878906,19.350000381469727,9.649999618530272,8.25,-9.0,34.95,25.95,-6.9,26.25,19.35,-15.899999618530272,61.20000076293945,2,-11.65,30.65,19.0,-19.849998474121097,65.69999885559082,2,,,,0.0,0.0,0,,,,0.0,0.0,0,-8.2,35.05,26.85,,,,,,,2025,519.9590313667888,308.3170365535121,6300.000429153442,5471.724361233141,42749.99785423279
2025-12-22,20251223,0.25/0.1,26134.1,1.24,26250,26000,26350,25900,0.232,-0.219,0.086,-0.11,26.649999618530273,7.199999809265137,8.200000762939453,-0.0500011444091796,100,100,20.25,22.899999618530273,6.0,10.5,18.0,12.399999618530272,4.949999809265137,6.0,0.45,17.55,18.0,-4.95,17.35,12.4,-4.5,34.89999961853027,2,-7.7,20.1,12.4,-13.399999618530272,40.14999961853027,2,,,,0.0,0.0,0,,,,0.0,0.0,0,-5.7,20.05,14.35,,,,,,,2025,360.17715145833404,262.27812476154566,5399.9998569488525,4777.5445807289725,55012.500286102295
2025-12-22,20251223,0.25/0.05,26134.1,1.24,26250,26000,26400,25750,0.232,-0.219,0.053,-0.047,34.99999976158142,11.25000023841858,12.100000858306885,-0.0500009059906005,150,250,20.25,22.899999618530273,3.549999952316284,4.599999904632568,18.0,12.399999618530272,3.0,3.650000095367432,0.45,17.55,18.0,-4.95,17.35,12.4,-4.5,34.89999961853027,2,-7.7,20.1,12.4,-13.399999618530272,40.14999961853027,2,,,,0.0,0.0,0,,,,0.0,0.0,0,-5.7,20.05,14.35,,,,,,,2025,324.5374552110689,254.8763824430114,8437.500178813936,7858.086341159856,161250.00017881393
2025-12-24,20251230,0.35/0.15,26217.55,6.24,26350,26150,26500,25950,0.334,-0.351,0.148,-0.143,74.5,4.55000114440918,8.500000953674316,-0.8499984741210938,150,200,52.25,61.04999923706055,18.149999618530273,20.649999618530273,23.049999237060547,73.75,6.5,20.350000381469727,-5.75,53.6,47.85,-4.7,60.15,55.45,-10.450000762939451,113.75,2,14.2,59.55,73.75,14.200000762939451,59.54999923706055,1,-7.85,63.3,55.45,-13.599998474121094,116.89999771118164,2,10.95,62.8,73.75,10.950000762939451,62.79999923706055,1,,,,-5.75,53.6,47.85,,,,2025,733.7901620988961,383.91450570312975,3412.5008583068848,2294.796190504859,94125.0
2025-12-24,20251230,0.25/0.1,26217.55,6.24,26400,26050,26550,25850,0.262,-0.228,0.108,-0.09,47.599998474121094,8.199998378753662,9.550000190734863,-0.2000017166137695,150,200,37.45000076293945,35.349998474121094,12.600000381469728,12.600000381469728,14.699999809265137,39.75,4.599999904632568,10.449999809265137,-9.75,40.4,30.65,3.25,34.55,37.8,-6.5,74.95000076293945,2,6.25,33.5,39.75,6.25,33.5,1,-0.6,38.4,37.8,-10.35000228881836,78.80000305175781,2,4.2,35.55,39.75,4.200000762939453,35.54999923706055,1,,,,-9.75,40.4,30.65,,,,2025,553.1563002025396,309.29664532573435,6149.998784065247,5287.545838536973,114300.00114440918
2025-12-24,20251230,0.25/0.05,26217.55,6.24,26400,26050,26700,25700,0.262,-0.228,0.048,-0.051,60.19999933242798,13.34999966621399,14.50000023841858,-0.1000008583068847,300,350,37.45000076293945,35.349998474121094,5.349999904632568,7.25,14.699999809265137,39.75,2.549999952316284,5.050000190734863,-9.75,40.4,30.65,3.25,34.55,37.8,-6.5,74.95000076293945,2,6.25,33.5,39.75,6.25,33.5,1,-0.6,38.4,37.8,-10.35000228881836,78.80000305175781,2,4.2,35.55,39.75,4.200000762939453,35.54999923706055,1,,,,-9.75,40.4,30.65,,,,2025,510.9818300090312,297.10336921796454,10012.499749660492,9204.414550433496,217350.00050067902
2025-12-26,20251230,0.35/0.15,26089.1,4.24,26200,26050,26300,25900,0.302,-0.381,0.146,-0.147,56.70000171661377,-0.1499996185302734,3.950002670288086,-3.0500006675720215,100,150,33.25,52.150001525878906,13.550000190734863,15.149999618530272,21.149999618530273,60.150001525878906,8.449999809265137,16.0,0.1,21.05,21.15,7.2,51.55,58.75,7.30000114440918,72.5999984741211,2,5.25,54.9,60.15,5.25,54.900001525878906,1,2.8,55.95,58.75,2.799999237060547,55.95000076293945,1,5.25,54.9,60.15,5.25,54.900001525878906,1,,,,,,,,,,2025,451.60381832353374,342.9868129195385,-112.49971389770506,-907.0903451407773,69974.99871253967
2025-12-26,20251230,0.25/0.1,26089.1,4.24,26250,26000,26350,25850,0.214,-0.288,0.099,-0.101,38.44999885559082,-0.0999989509582519,3.6499996185302734,-2.900001049041748,100,150,21.350000381469727,35.599998474121094,8.600000381469727,9.899999618530272,13.449999809265137,40.599998474121094,5.400000095367432,10.100000381469728,-0.4,13.85,13.45,5.1,35.5,40.6,4.699997901916504,49.35000038146973,2,2.8,37.8,40.6,2.799999237060547,37.79999923706055,1,1.85,38.75,40.6,1.8499984741210935,38.75,1,2.8,37.8,40.6,2.799999237060547,37.79999923706055,1,,,,,,,,,,2025,255.11850277763867,290.49207120890264,-74.99921321868892,-620.6097872052303,83662.50085830688
2025-12-26,20251230,0.25/0.05,26089.1,4.24,26250,26000,26450,25750,0.214,-0.288,0.049,-0.052,47.99999904632568,1.6500005722045898,5.8999998569488525,-2.4000015258789062,200,250,21.350000381469727,35.599998474121094,4.099999904632568,4.849999904632568,13.449999809265137,40.599998474121094,3.0,4.699999809265137,-0.4,13.85,13.45,5.1,35.5,40.6,4.699997901916504,49.35000038146973,2,2.8,37.8,40.6,2.799999237060547,37.79999923706055,1,1.85,38.75,40.6,1.8499984741210935,38.75,1,2.8,37.8,40.6,2.799999237060547,37.79999923706055,1,,,,,,,,,,2025,236.1741033105444,278.956298008286,1237.5004291534424,722.370027834612,151500.00071525574
2025-12-29,20251230,0.35/0.15,26082.5,1.24,26150,26050,26250,25950,0.328,-0.379,0.13,-0.153,42.45000171661377,-26.799996614456177,0.1500024795532226,-32.250001430511475,100,100,29.600000381469727,32.900001525878906,9.25,10.800000190734863,6.849999904632568,113.5999984741211,3.450000047683716,47.75,,,,24.0,60.0,84.0,24.0,60.0,1,44.55,59.45,104.0,44.54999923706055,59.45000076293945,1,24.0,60.0,84.0,24.0,60.0,1,44.55,59.45,104.0,44.54999923706055,59.45000076293945,1,,,,,,,,,,2025,178.67176419598601,357.39199369948255,-20099.997460842133,-20636.061218737603,43162.49871253967
2025-12-29,20251230,0.25/0.1,26082.5,1.24,26200,26000,26300,25900,0.215,-0.248,0.077,-0.093,25.200000286102295,-25.500001907348633,0.4000005722045898,-32.44999980926514,100,100,17.200000762939453,19.299999237060547,5.099999904632568,6.199999809265137,4.75,76.4000015258789,2.9000000953674316,27.549999237060547,,,,13.5,38.15,51.65,13.5,38.150001525878906,1,31.8,36.3,68.1,31.799999237060547,36.29999923706055,1,13.5,38.15,51.65,13.5,38.150001525878906,1,31.8,36.3,68.1,31.799999237060547,36.29999923706055,1,,,,,,,,,,2025,162.51676518621474,291.35550940764665,-19125.001430511475,-19578.873705105336,56099.99978542328
2025-12-29,20251230,0.25/0.05,26082.5,1.24,26200,26000,26350,25800,0.215,-0.248,0.047,-0.042,30.549999952316284,-39.80000185966492,0.2999992370605469,-51.59999871253967,150,200,17.200000762939453,19.299999237060547,3.049999952316284,2.9000000953674316,4.75,76.4000015258789,2.4000000953674316,8.399999618530273,,,,13.5,38.15,51.65,13.5,38.150001525878906,1,31.8,36.3,68.1,31.799999237060547,36.29999923706055,1,13.5,38.15,51.65,13.5,38.150001525878906,1,31.8,36.3,68.1,31.799999237060547,36.29999923706055,1,,,,,,,,,,2025,154.2448592091042,268.6144974267975,-29850.001394748688,-30272.860751384593,127087.50003576279
2025-12-30,20260106,0.35/0.15,25931.7,7.24,26100,25850,26300,25650,0.339,-0.346,0.149,-0.155,90.54999923706056,6.30000114440918,6.749998092651367,-1.7500057220458984,200,200,71.69999694824219,68.80000305175781,24.450000762939453,25.5,63.5,57.599998474121094,18.0,18.850000381469727,-2.15,78.25,76.1,3.5,63.5,67.0,1.3499984741210938,141.75,2,-7.0,70.4,63.4,-19.550003051757812,153.8000030517578,2,-3.2,70.2,67.0,-5.349998474121094,148.4499969482422,2,-7.0,70.4,63.4,-19.550003051757812,153.8000030517578,2,-12.55,83.4,70.85,-2.15,78.25,76.1,-12.55,83.4,70.85,2025,187.86014244044682,435.52052934864906,4725.000858306885,4101.620186517789,82087.50057220458
2025-12-30,20260106,0.25/0.1,25931.7,7.24,26200,25750,26400,25550,0.233,-0.236,0.092,-0.101,55.400001525878906,7.700004577636719,7.900005340576172,-0.7999982833862305,200,200,42.75,42.150001525878906,13.75,15.75,35.099998474121094,32.849998474121094,9.300000190734863,10.949999809265137,-7.4,49.4,42.0,-5.3,43.5,38.2,-12.700000762939451,92.9000015258789,2,-5.1,42.55,37.45,-13.499996185302734,92.5999984741211,2,-5.3,43.5,38.2,-12.700000762939451,92.9000015258789,2,-5.1,42.55,37.45,-13.499996185302734,92.5999984741211,2,-8.4,50.05,41.65,-7.4,49.4,42.0,-8.4,50.05,41.65,2025,165.36611654729552,333.7400718945961,5775.003433227539,5275.897244785647,108449.99885559082
2025-12-30,20260106,0.25/0.05,25931.7,7.24,26200,25750,26550,25350,0.233,-0.236,0.048,-0.048,70.45000123977661,12.250004291534424,12.250004291534424,-0.9999985694885254,350,400,42.75,42.150001525878906,6.900000095367432,7.550000190734863,35.099998474121094,32.849998474121094,4.550000190734863,5.199999809265137,-7.4,49.4,42.0,-5.3,43.5,38.2,-12.700000762939451,92.9000015258789,2,-5.1,42.55,37.45,-13.499996185302734,92.5999984741211,2,-5.3,43.5,38.2,-12.700000762939451,92.9000015258789,2,-5.1,42.55,37.45,-13.499996185302734,92.5999984741211,2,-8.4,50.05,41.65,-7.4,49.4,42.0,-8.4,50.05,41.65,2025,165.36611654729552,317.4698804662487,9187.503218650818,8704.667221637274,247162.49907016754
2025-12-31,20260106,0.35/0.15,25977.25,6.24,26100,25900,26300,25700,0.373,-0.336,0.143,-0.133,90.85000228881836,-22.54999542236328,3.8500003814697266,-27.699996948242188,200,200,72.80000305175781,56.54999923706055,19.799999237060547,18.700000762939453,150.1999969482422,21.799999237060547,50.599998474121094,8.0,14.8,78.85,93.65,,,,14.800003051757812,78.8499984741211,1,,,,59.849998474121094,90.3499984741211,1,,,,14.800003051757812,78.8499984741211,1,,,,59.849998474121094,90.3499984741211,1,59.85,90.35,150.2,14.8,78.85,93.65,59.85,90.35,150.2,2025,251.77320176623442,460.14019499907687,-16912.49656677246,-17624.40996353777,81862.49828338623
2025-12-31,20260106,0.25/0.1,25977.25,6.24,26200,25850,26350,25650,0.244,-0.271,0.107,-0.105,54.45000076293945,-11.399996757507324,4.5,-16.600000858306885,150,200,39.5,43.25,13.899999618530272,14.399999618530272,92.3499984741211,16.399999618530273,35.95000076293945,6.949999809265137,5.6,43.8,49.4,,,,5.600002288818359,43.79999923706055,1,,,,43.04999923706055,49.29999923706055,1,,,,5.600002288818359,43.79999923706055,1,,,,43.04999923706055,49.29999923706055,1,43.05,49.3,92.35,5.6,43.8,49.4,43.05,49.3,92.35,2025,162.88664522486872,368.95713355749274,-8549.997568130493,-9081.841346912855,109162.49942779541
2025-12-31,20260106,0.25/0.05,25977.25,6.24,26200,25850,26500,25500,0.244,-0.271,0.047,-0.054,69.7999997138977,-22.199998378753666,5.749998092651367,-31.800003051757812,300,350,39.5,43.25,5.650000095367432,7.300000190734863,92.3499984741211,16.399999618530273,11.699999809265137,5.050000190734863,5.6,43.8,49.4,,,,5.600002288818359,43.79999923706055,1,,,,43.04999923706055,49.29999923706055,1,,,,5.600002288818359,43.79999923706055,1,,,,43.04999923706055,49.29999923706055,1,43.05,49.3,92.35,5.6,43.8,49.4,43.05,49.3,92.35,2025,162.88664522486872,335.9132500523017,-16649.99878406525,-17148.79867934242,210150.00021457672
2026-01-01,20260106,0.35/0.15,26169.25,5.24,26250,26100,26400,25950,0.394,-0.342,0.16,-0.162,71.89999961853027,6.000001907348633,9.100000381469728,-2.1000003814697266,150,150,57.45000076293945,53.099998474121094,17.299999237060547,21.350000381469727,44.79999923706055,48.79999923706055,10.25,17.450000762939453,-1.1,51.75,50.65,-0.4,61.1,60.7,-1.5,112.8499984741211,2,-1.35,56.5,55.15,-3.8499984741210938,103.79999923706056,2,-0.4,61.1,60.7,-7.25,118.5999984741211,2,-1.35,56.5,55.15,-1.3499984741210938,56.5,1,-2.5,47.3,44.8,-6.85,57.5,50.65,,,,2026,241.05321872802696,380.758672105649,4500.001430511475,3878.1895396777986,58575.000286102295
2026-01-01,20260106,0.25/0.1,26169.25,5.24,26350,26050,26450,25850,0.225,-0.27,0.114,-0.094,42.55000114440918,5.250000953674316,8.050002098083496,-4.850001335144043,100,200,26.600000381469727,39.25,11.649999618530272,11.649999618530272,17.350000381469727,34.75,6.300000190734863,8.5,-3.05,20.4,17.35,-2.65,45.45,42.8,-5.700000762939453,65.85000038146973,2,-1.1,41.0,39.9,-3.6499977111816406,60.89999961853027,2,-2.65,45.45,42.8,-2.6500015258789062,45.45000076293945,1,-1.1,41.0,39.9,-1.0999984741210938,41.0,1,-2.55,19.9,17.35,,,,,,,2026,190.99846643604062,300.1905447557139,3937.5007152557373,3446.311704063983,118087.49914169312
2026-01-01,20260106,0.25/0.05,26169.25,5.24,26350,26050,26600,25700,0.225,-0.27,0.045,-0.047,55.55000019073486,9.649999856948853,12.650001049041748,-5.000001907348633,250,350,26.600000381469727,39.25,4.400000095367432,5.900000095367432,17.350000381469727,34.75,2.299999952316284,3.900000095367432,-3.05,20.4,17.35,-2.65,45.45,42.8,-5.700000762939453,65.85000038146973,2,-1.1,41.0,39.9,-3.6499977111816406,60.89999961853027,2,-2.65,45.45,42.8,-2.6500015258789062,45.45000076293945,1,-1.1,41.0,39.9,-1.0999984741210938,41.0,1,-2.55,19.9,17.35,,,,,,,2026,194.48629807303507,286.6370141254934,7237.499892711639,6756.376580513111,220837.49985694885
2026-01-02,20260106,0.35/0.15,26247.3,4.24,26350,26200,26450,26050,0.319,-0.364,0.151,-0.152,54.54999923706055,6.449999809265137,6.949999809265137,-1.2999992370605469,100,150,36.099998474121094,49.0,13.75,16.799999237060547,50.599998474121094,25.950000762939453,19.649999618530273,8.800000190734863,4.55,44.25,48.8,-8.4,34.35,25.95,-3.8499984741210938,78.5999984741211,2,-5.4,31.35,25.95,-5.94999885559082,75.44999885559082,2,,,,4.549999237060547,44.25,1,,,,-0.5499992370605469,44.099998474121094,1,-0.55,44.1,43.55,4.55,44.25,48.8,-0.55,44.1,43.55,2026,250.78148519008892,345.94881923076673,4837.4998569488525,4240.769552527996,71587.50057220459
2026-01-02,20260106,0.25/0.1,26247.3,4.24,26400,26150,26500,26000,0.224,-0.277,0.1,-0.112,35.849998474121094,4.249996185302734,5.449997901916504,-1.7000036239624023,100,150,22.350000381469727,34.099998474121094,8.5,12.100000381469728,32.650001525878906,17.600000381469727,11.699999809265137,6.949999809265137,0.1,28.8,28.9,,,,0.1000022888183593,28.799999237060547,1,-3.9,21.5,17.6,-5.19999885559082,49.75,2,,,,0.1000022888183593,28.799999237060547,1,,,,-1.2999992370605469,28.25,1,-1.3,28.25,26.95,0.1,28.8,28.9,-1.3,28.25,26.95,2026,173.87829092814113,292.74088087266347,3187.497138977051,2720.877967176246,85612.50114440918
2026-01-02,20260106,0.25/0.05,26247.3,4.24,26400,26150,26600,25850,0.224,-0.277,0.045,-0.05,47.49999904632568,5.599997043609619,7.649998188018799,-3.500002384185791,200,300,22.350000381469727,34.099998474121094,3.5999999046325684,5.349999904632568,32.650001525878906,17.600000381469727,4.349999904632568,4.0,0.1,28.8,28.9,,,,0.1000022888183593,28.799999237060547,1,-3.9,21.5,17.6,-5.19999885559082,49.75,2,,,,0.1000022888183593,28.799999237060547,1,,,,-1.2999992370605469,28.25,1,-1.3,28.25,26.95,0.1,28.8,28.9,-1.3,28.25,26.95,2026,173.87829092814113,277.8323612591503,4199.997782707214,3748.287130519923,189375.00071525574
2026-01-05,20260106,0.35/0.15,26275.45,1.24,26350,26200,26450,26100,0.318,-0.305,0.133,-0.147,37.85000133514404,6.900001049041748,8.650001049041748,-15.349995613098145,100,100,29.700000762939453,31.350000381469727,10.050000190734863,13.149999618530272,13.949999809265137,33.5,4.849999904632568,11.649999618530272,18.35,49.3,67.65,-4.4,17.9,13.5,13.950002670288086,67.19999885559082,2,20.9,19.95,40.85,2.6499996185302734,68.04999923706055,2,15.15,33.5,48.65,33.500003814697266,82.79999923706055,2,9.2,31.65,40.85,-9.049999237060549,79.74999809265137,2,-18.25,48.1,29.85,18.35,49.3,67.65,-18.25,48.1,29.85,2026,411.3850074386798,295.2833646823113,5175.000786781311,4468.33241466032,46612.49899864197
2026-01-05,20260106,0.25/0.1,26275.45,1.24,26400,26150,26500,26050,0.209,-0.215,0.082,-0.104,22.699999809265137,5.899998903274536,7.150000095367432,-13.450000762939451,100,100,17.149999618530273,20.5,5.800000190734863,9.149999618530272,8.050000190734863,19.450000762939453,3.299999952316284,7.400000095367432,9.85,30.25,40.1,14.75,13.15,27.9,24.600000381469727,43.39999961853027,2,11.35,13.45,24.8,0.2499990463256836,41.34999942779541,2,6.75,21.15,27.9,16.600000381469727,51.39999961853027,2,3.65,21.15,24.8,-7.450000762939453,49.04999923706055,2,-11.1,27.9,16.8,9.85,30.25,40.1,-11.1,27.9,16.8,2026,345.5086719733638,254.64918030214966,4424.999177455902,3824.841325180389,57975.00014305115
2026-01-05,20260106,0.25/0.05,26275.45,1.24,26400,26150,26550,25950,0.209,-0.215,0.052,-0.054,29.29999947547913,7.899998426437378,9.799999952316284,-16.550000429153442,150,200,17.149999618530273,20.5,3.549999952316284,4.800000190734863,8.050000190734863,19.450000762939453,2.299999952316284,3.799999952316284,9.85,30.25,40.1,14.75,13.15,27.9,24.600000381469727,43.39999961853027,2,11.35,13.45,24.8,0.2499990463256836,41.34999942779541,2,6.75,21.15,27.9,16.600000381469727,51.39999961853027,2,3.65,21.15,24.8,-7.450000762939453,49.04999923706055,2,-11.1,27.9,16.8,9.85,30.25,40.1,-11.1,27.9,16.8,2026,305.3296877374191,247.51903466251503,5924.998819828033,5372.1500974281,128025.00039339066
2026-01-06,20260113,0.35/0.15,26209.25,7.24,26350,26100,26600,25900,0.374,-0.322,0.133,-0.153,101.45000267028809,15.50000286102295,15.50000286102295,-5.599996566772461,250,200,83.1500015258789,66.6500015258789,21.200000762939453,27.149999618530273,54.29999923706055,65.5,11.550000190734863,22.299999237060547,-5.65,100.75,95.1,13.3,58.35,71.65,7.650001525878906,159.0999984741211,2,2.2,67.55,69.75,2.1999969482421875,67.55000305175781,1,3.45,68.2,71.65,-2.1999969482421875,168.9499969482422,2,2.2,67.55,69.75,2.1999969482421875,67.55000305175781,1,,,,-5.65,100.75,95.1,,,,2026,217.70241653138055,441.25238841266105,11625.002145767212,10966.04734082317,111412.49799728394
2026-01-06,20260113,0.25/0.1,26209.25,7.24,26450,26050,26650,25800,0.259,-0.27,0.104,-0.103,68.69999885559082,9.850000381469728,9.850000381469728,-0.5000019073486328,200,250,48.849998474121094,53.150001525878906,15.850000381469728,17.450000762939453,29.549999237060547,51.0,8.850000381469727,12.850000381469728,-7.35,61.4,54.05,8.9,46.55,55.45,1.5499992370605469,107.95000076293944,2,1.6,53.6,55.2,1.6000022888183594,53.599998474121094,1,1.25,54.2,55.45,-6.100002288818359,115.60000228881836,2,1.6,53.6,55.2,1.6000022888183594,53.599998474121094,1,,,,-7.35,61.4,54.05,,,,2026,242.4745577598838,359.04219846664904,7387.500286102296,6785.9835298757625,135975.00085830688
2026-01-06,20260113,0.25/0.05,26209.25,7.24,26450,26050,26800,25600,0.259,-0.27,0.052,-0.049,86.65000009536743,16.05000066757202,16.05000066757202,-0.9000005722045898,350,450,48.849998474121094,53.150001525878906,7.349999904632568,8.0,29.549999237060547,51.0,4.5,5.449999809265137,-7.35,61.4,54.05,8.9,46.55,55.45,1.5499992370605469,107.95000076293944,2,1.6,53.6,55.2,1.6000022888183594,53.599998474121094,1,1.25,54.2,55.45,-6.100002288818359,115.60000228881836,2,1.6,53.6,55.2,1.6000022888183594,53.599998474121094,1,,,,-7.35,61.4,54.05,,,,2026,239.9559218141078,340.46065468184736,12037.500500679016,11457.083924183062,272512.4999284744
2026-01-07,20260113,0.35/0.15,26113.1,6.24,26250,26050,26400,25850,0.344,-0.363,0.169,-0.147,81.55000114440918,7.900002479553223,8.950002670288086,-1.4500045776367188,150,200,60.20000076293945,66.75,24.0,21.399999618530273,53.45000076293945,54.349998474121094,18.600000381469727,15.550000190734863,13.25,68.15,81.4,-6.4,55.95,49.55,6.849998474121094,124.10000228881836,2,0.3,56.95,57.25,2.200000762939453,108.5,2,-6.15,67.45,61.3,7.100006103515625,135.5999984741211,2,-12.45,69.7,57.25,-12.449996948242188,69.69999694824219,1,1.9,51.55,53.45,13.25,68.15,81.4,,,,2026,310.11804511110614,412.1788056857524,5925.001859664917,5202.705008868059,88837.49914169312
2026-01-07,20260113,0.25/0.1,26113.1,6.24,26300,25950,26500,25750,0.277,-0.239,0.098,-0.088,58.85000038146973,8.900002479553223,10.30000114440918,-7.200000762939453,200,200,45.0,38.5,12.649999618530272,12.0,38.29999923706055,29.299999237060547,9.050000190734863,8.600000381469727,8.9,51.05,59.95,-1.55,33.1,31.55,7.349998474121094,84.14999771118164,2,-0.4,31.6,31.2,1.1999988555908203,68.30000114440918,2,,,,8.89999771118164,51.04999923706055,1,-8.6,39.8,31.2,-8.599998474121094,39.79999923706055,1,1.6,36.7,38.3,8.9,51.05,59.95,,,,2026,223.29904100070223,327.7220766652331,6675.001859664917,6123.980741998981,105862.4997138977
2026-01-07,20260113,0.25/0.05,26113.1,6.24,26300,25950,26650,25600,0.277,-0.239,0.046,-0.045,71.75,12.800001621246338,14.350000381469728,-9.750000953674316,350,350,45.0,38.5,5.699999809265137,6.050000190734863,38.29999923706055,29.299999237060547,4.150000095367432,4.5,8.9,51.05,59.95,-1.55,33.1,31.55,7.349998474121094,84.14999771118164,2,-0.4,31.6,31.2,1.1999988555908203,68.30000114440918,2,,,,8.89999771118164,51.04999923706055,1,-8.6,39.8,31.2,-8.599998474121094,39.79999923706055,1,1.6,36.7,38.3,8.9,51.05,59.95,,,,2026,199.3877220184126,313.7761978361166,9600.001215934753,9086.837296080224,208687.5
2026-01-08,20260113,0.35/0.15,26077.7,5.24,26200,26000,26350,25850,0.33,-0.333,0.14,-0.154,64.10000228881836,-18.400002479553223,1.5000019073486328,-24.649991989135746,150,150,47.45000076293945,52.900001525878906,16.25,20.0,18.549999237060547,129.85000610351562,6.949999809265137,58.95000076293945,-9.1,31.05,21.95,42.4,55.4,97.8,33.30000305175781,86.45000076293945,2,67.25,65.95,133.2,61.5,93.64999771118164,2,42.4,55.4,97.8,42.400001525878906,55.400001525878906,1,67.25,65.95,133.2,67.25,65.94999694824219,1,-5.75,27.7,21.95,,,,,,,2026,202.64266049650627,428.2898478021035,-13800.001859664917,-14430.934367963526,64424.99828338623
2026-01-08,20260113,0.25/0.1,26077.7,5.24,26250,25950,26400,25750,0.254,-0.262,0.103,-0.087,50.20000076293945,-26.399996757507324,1.5000009536743164,-37.64999961853027,150,200,33.70000076293945,38.5,11.399999618530272,10.600000381469728,13.149999618530272,101.8499984741211,5.449999809265137,32.95000076293945,,,,34.2,40.6,74.8,34.20000457763672,40.599998474121094,1,58.15,48.6,106.75,53.550002098083496,68.99999809265137,2,34.2,40.6,74.8,34.20000457763672,40.599998474121094,1,58.15,48.6,106.75,58.150001525878906,48.599998474121094,1,-4.6,20.4,15.8,,,,,,,2026,188.7792363970579,352.90709457801205,-19799.997568130493,-20341.683899105563,112349.99942779541
2026-01-08,20260113,0.25/0.05,26077.7,5.24,26250,25950,26500,25650,0.254,-0.262,0.056,-0.052,60.20000076293945,-32.799997329711914,1.9500007629394531,-48.35000133514404,250,300,33.70000076293945,38.5,5.849999904632568,6.150000095367432,13.149999618530272,101.8499984741211,3.75,18.25,,,,34.2,40.6,74.8,34.20000457763672,40.599998474121094,1,58.15,48.6,106.75,53.550002098083496,68.99999809265137,2,34.2,40.6,74.8,34.20000457763672,40.599998474121094,1,58.15,48.6,106.75,58.150001525878906,48.599998474121094,1,-4.6,20.4,15.8,,,,,,,2026,188.7792363970579,332.0575007684278,-24599.997997283936,-25120.83473444942,179849.9994277954
2026-01-09,20260113,0.35/0.15,25853.6,4.24,25950,25800,26150,25600,0.384,-0.369,0.143,-0.139,88.59999656677246,-21.500001907348633,8.549995422363281,-30.749995708465576,200,200,68.69999694824219,56.5,18.649999618530273,17.950000762939453,19.149999618530273,152.0,8.149999618530273,52.900001525878906,-3.45,76.85,73.4,-7.35,53.0,45.65,-10.79999542236328,129.8499984741211,2,63.2,64.45,127.65,63.20000457763672,64.44999694824219,1,6.9,58.1,65.0,3.4500045776367188,134.9499969482422,2,63.2,64.45,127.65,63.20000457763672,64.44999694824219,1,,,,-3.45,76.85,73.4,,,,2026,1115.1165297894572,457.4001199680529,-16125.001430511475,-17697.518080268987,83550.00257492065
2026-01-09,20260113,0.25/0.1,25853.6,4.24,26050,25700,26200,25500,0.244,-0.23,0.106,-0.09,43.35000038146973,-24.349998474121097,5.949999809265137,-34.04999923706055,150,200,36.400001525878906,31.799999237060547,13.100000381469728,11.75,11.949999809265137,92.8499984741211,6.949999809265137,30.149999618530273,-6.25,40.8,34.55,24.0,29.8,53.8,17.75,70.5999984741211,2,40.8,35.3,76.1,40.79999923706055,35.29999923706055,1,20.1,33.7,53.8,13.849998474121094,74.5,2,40.8,35.3,76.1,40.79999923706055,35.29999923706055,1,,,,-6.25,40.8,34.55,,,,2026,642.7293126089414,344.777850977149,-18262.498855590824,-19250.006019176915,117487.4997138977
2026-01-09,20260113,0.25/0.05,25853.6,4.24,26050,25700,26350,25350,0.244,-0.23,0.045,-0.051,56.15000057220459,-29.599997520446777,9.34999942779541,-42.90000104904175,300,350,36.400001525878906,31.799999237060547,5.050000190734863,7.0,11.949999809265137,92.8499984741211,4.699999809265137,14.350000381469728,-6.25,40.8,34.55,24.0,29.8,53.8,17.75,70.5999984741211,2,40.8,35.3,76.1,40.79999923706055,35.29999923706055,1,20.1,33.7,53.8,13.849998474121094,74.5,2,40.8,35.3,76.1,40.79999923706055,35.29999923706055,1,,,,-6.25,40.8,34.55,,,,2026,587.6924259574777,321.2245600504927,-22199.998140335083,-23108.915126343054,220387.49957084656
2026-01-12,20260113,0.35/0.15,25560.8,1.24,25650,25500,25800,25350,0.355,-0.366,0.149,-0.165,65.55000114440918,-42.29999256134033,7.850000381469727,-48.99999141693115,150,150,52.900001525878906,49.349998474121094,17.049999237060547,19.649999618530273,177.14999389648438,8.5,73.25,4.550000190734863,-8.6,60.0,51.4,-10.0,50.9,40.9,-18.599998474121097,110.9000015258789,2,15.05,51.35,66.4,76.20000457763672,105.9499969482422,2,-10.0,50.9,40.9,-18.599998474121097,110.9000015258789,2,15.05,51.35,66.4,76.20000457763672,105.9499969482422,2,61.15,54.6,115.75,-8.6,60.0,51.4,61.15,54.6,115.75,2026,1048.160833243061,455.72735395466094,-31724.99442100525,-33228.88260820297,63337.499141693115
2026-01-12,20260113,0.25/0.1,25560.8,1.24,25700,25450,25850,25250,0.272,-0.284,0.109,-0.098,49.25,-38.750006914138794,7.600001335144043,-48.250001430511475,150,200,36.349998474121094,36.400001525878906,12.0,11.5,136.60000610351562,6.400000095367432,51.29999923706055,3.700000047683716,-8.75,41.4,32.65,-7.8,37.15,29.35,-16.550003051757812,78.55000305175781,2,11.65,36.25,47.9,61.5,72.9000015258789,2,-7.8,37.15,29.35,-16.550003051757812,78.55000305175781,2,9.55,38.35,47.9,59.400001525878906,75.0,2,49.85,36.65,86.5,-8.75,41.4,32.65,49.85,36.65,86.5,2026,499.2243360211304,381.1432797071606,-29062.505185604095,-29942.872801332385,113062.5
2026-01-12,20260113,0.25/0.05,25560.8,1.24,25700,25450,26000,25100,0.272,-0.284,0.053,-0.052,60.5,-64.45000648498535,11.000001430511476,-80.9500002861023,300,350,36.349998474121094,36.400001525878906,5.900000095367432,6.349999904632568,136.60000610351562,6.400000095367432,15.199999809265137,2.8499999046325684,-8.75,41.4,32.65,-7.8,37.15,29.35,-16.550003051757812,78.55000305175781,2,11.65,36.25,47.9,61.5,72.9000015258789,2,-7.8,37.15,29.35,-16.550003051757812,78.55000305175781,2,9.55,38.35,47.9,59.400001525878906,75.0,2,49.85,36.65,86.5,-8.75,41.4,32.65,49.85,36.65,86.5,2026,469.33063147353437,337.97896606434864,-48337.504863739014,-49144.814461276896,217125.0
2026-01-13,20260120,0.35/0.15,25766.4,7.24,25950,25650,26250,25350,0.354,-0.355,0.14,-0.155,127.19999885559082,16.599998474121094,16.599998474121094,-4.649997711181641,300,300,93.0,99.5999984741211,28.850000381469727,36.54999923706055,66.94999694824219,89.05000305175781,17.600000381469727,27.799999237060547,-6.85,93.7,86.85,-4.85,99.5,94.65,-11.699996948242188,193.1999969482422,2,31.4,100.65,132.05,39.75,159.25,2,-6.15,100.8,94.65,-13.0,194.5,2,31.4,100.65,132.05,31.400001525878903,100.6500015258789,1,8.35,58.6,66.95,-6.85,93.7,86.85,,,,2026,344.12844859040314,517.1420325391827,12449.99885559082,11588.728374461234,129600.00085830688
2026-01-13,20260120,0.25/0.1,25766.4,7.24,26050,25500,26350,25200,0.266,-0.238,0.099,-0.101,80.55000114440918,15.300003051757812,15.300003051757812,-3.099996566772461,300,300,63.150001525878906,60.25,19.649999618530273,23.200000762939453,43.04999923706055,50.0,11.600000381469728,16.200000762939453,-8.05,64.6,56.55,-6.85,60.95,54.1,-14.89999771118164,125.54999923706056,2,17.95,59.1,77.05,22.45000457763672,97.64999771118164,2,-6.85,60.95,54.1,-14.89999771118164,125.54999923706056,2,9.0,68.05,77.05,9.0,68.05000305175781,1,4.5,38.55,43.05,-8.05,64.6,56.55,,,,2026,249.07543519625744,395.78770376585584,11475.00228881836,10830.139149856246,164587.49914169312
2026-01-13,20260120,0.25/0.05,25766.4,7.24,26050,25500,26600,24900,0.266,-0.238,0.047,-0.048,103.20000171661376,21.900002479553223,21.900002479553223,-6.399996757507324,550,600,63.150001525878906,60.25,9.050000190734863,11.149999618530272,43.04999923706055,50.0,4.900000095367432,6.849999904632568,-8.05,64.6,56.55,-6.85,60.95,54.1,-14.89999771118164,125.54999923706056,2,17.95,59.1,77.05,22.45000457763672,97.64999771118164,2,-6.85,60.95,54.1,-14.89999771118164,125.54999923706056,2,9.0,68.05,77.05,9.0,68.05000305175781,1,4.5,38.55,43.05,-8.05,64.6,56.55,,,,2026,249.07543519625744,371.03748050338214,16425.001859664917,15804.888943965278,372599.9987125397
2026-01-14,20260120,0.35/0.15,25691.85,6.24,25850,25600,26050,25300,0.345,-0.364,0.162,-0.142,104.9000015258789,7.350004196166992,13.100000381469728,-2.950000762939453,200,300,72.8499984741211,89.05000305175781,28.0,29.0,58.04999923706055,83.69999694824219,21.549999237060547,22.649999618530273,-0.4,72.75,72.35,8.95,78.8,87.75,8.549995422363281,151.5500030517578,2,28.45,69.55,98.0,22.54999542236328,161.9000015258789,2,-5.35,93.1,87.75,-7.1999969482421875,167.29999542236328,2,6.2,91.8,98.0,0.2999954223632812,184.1500015258789,2,-5.9,92.35,86.45,-1.85,74.2,72.35,-5.9,92.35,86.45,2026,1004.2993058001151,475.50640279268737,5512.503147125244,4032.697438532442,146324.99885559082
2026-01-14,20260120,0.25/0.1,25691.85,6.24,25950,25450,26150,25200,0.241,-0.23,0.108,-0.103,57.35000228881836,8.600000381469727,9.900002479553224,-5.300000190734863,200,250,45.650001525878906,50.0,17.75,20.549999237060547,35.45000076293945,42.400001525878906,13.25,15.850000381469728,-3.85,45.7,41.85,-1.05,45.05,44.0,-4.900001525878906,90.75,2,16.45,35.45,51.9,11.950000762939451,93.25,2,-8.1,52.1,44.0,-11.950000762939451,97.79999923706056,2,-1.0,52.9,51.9,-5.5,110.70000076293944,2,-4.5,57.8,53.3,-3.85,45.7,41.85,-4.5,57.8,53.3,2026,550.6804606892946,360.9377904974279,6450.000286102295,5538.382034915572,144487.49828338623
2026-01-14,20260120,0.25/0.05,25691.85,6.24,25950,25450,26350,24950,0.241,-0.23,0.05,-0.052,77.15000200271606,14.099999904632568,15.650002479553224,-7.600000858306885,400,500,45.650001525878906,50.0,7.849999904632568,10.649999618530272,35.45000076293945,42.400001525878906,6.0,8.800000190734863,-3.85,45.7,41.85,-1.05,45.05,44.0,-4.900001525878906,90.75,2,16.45,35.45,51.9,11.950000762939451,93.25,2,-8.1,52.1,44.0,-11.950000762939451,97.79999923706056,2,-1.0,52.9,51.9,-5.5,110.70000076293944,2,-4.5,57.8,53.3,-3.85,45.7,41.85,-4.5,57.8,53.3,2026,427.6489561212677,339.0146908408859,10574.999928474426,9808.336281512273,317137.49849796295
2026-01-16,20260120,0.35/0.15,25721.2,4.24,25850,25650,26000,25450,0.346,-0.367,0.169,-0.154,83.85000228881836,3.6499996185302734,5.5,-11.05000114440918,150,200,62.75,68.30000305175781,24.0,23.200000762939453,52.70000076293945,69.9000015258789,20.299999237060547,22.100000381469727,52.9,76.45,129.35,-1.45,36.45,35.0,51.450008392333984,112.89999771118164,2,-5.85,42.65,36.8,-27.30000686645508,182.75000762939453,2,13.35,68.4,81.75,66.25000762939453,144.8499984741211,2,1.9,72.5,74.4,-19.550003051757812,212.6000061035156,2,-21.45,140.1,118.65,52.9,76.45,129.35,-21.45,140.1,118.65,2026,699.6537760924341,430.9434817506876,2737.499713897705,1606.9024560545834,87112.49828338623
2026-01-16,20260120,0.25/0.1,25721.2,4.24,25900,25550,26100,25350,0.279,-0.243,0.094,-0.095,60.80000019073486,4.549999237060547,5.4500017166137695,-27.900002479553223,200,200,46.04999923706055,40.150001525878906,11.850000381469728,13.550000190734863,38.95000076293945,40.0,10.25,12.449999809265137,44.5,57.45,101.95,3.65,24.2,27.85,48.149993896484375,81.6500015258789,2,-3.35,24.55,21.2,-22.649993896484375,136.4999961853027,2,5.55,40.4,45.95,50.04999542236328,97.85000228881836,2,1.7,41.65,43.35,-17.599998474121094,153.5999984741211,2,-19.3,111.95,92.65,44.5,57.45,101.95,-19.3,111.95,92.65,2026,340.8534783744798,340.0660389356299,3412.49942779541,2731.5799104853004,104399.99985694885
2026-01-16,20260120,0.25/0.05,25721.2,4.24,25900,25550,26200,25200,0.279,-0.243,0.052,-0.05,73.20000076293945,6.199999809265137,7.2000017166137695,-36.75000190734863,300,350,46.04999923706055,40.150001525878906,6.0,7.0,38.95000076293945,40.0,5.5,6.449999809265137,44.5,57.45,101.95,3.65,24.2,27.85,48.149993896484375,81.6500015258789,2,-3.35,24.55,21.2,-22.649993896484375,136.4999961853027,2,5.55,40.4,45.95,50.04999542236328,97.85000228881836,2,1.7,41.65,43.35,-17.599998474121094,153.5999984741211,2,-19.3,111.95,92.65,44.5,57.45,101.95,-19.3,111.95,92.65,2026,340.8534783744798,324.42475341732455,4649.9998569488525,3984.721625157048,207599.9994277954
2026-01-19,20260120,0.35/0.15,25560.95,1.24,25650,25500,25800,25350,0.347,-0.374,0.146,-0.159,68.1500015258789,10.750001907348633,14.150002479553224,-4.5499982833862305,150,150,48.5,54.400001525878906,16.5,18.25,54.04999923706055,25.350000381469727,15.050000190734863,6.949999809265137,-6.3,39.3,33.0,4.95,66.05,71.0,-1.3500022888183594,105.35000228881836,2,-24.0,73.3,49.3,-12.250003814697266,109.00000381469728,2,4.95,66.05,71.0,14.749992370605469,116.20000457763672,2,-24.0,73.3,49.3,-25.35000228881836,122.10000228881836,2,11.75,35.7,47.45,9.8,50.15,59.95,-1.35,48.8,47.45,2026,893.7975710631672,360.4219372716875,8062.501430511475,6808.28192217662,61387.49885559082
2026-01-19,20260120,0.25/0.1,25560.95,1.24,25700,25400,25850,25300,0.266,-0.216,0.108,-0.115,35.95000076293945,4.600000858306885,10.30000114440918,-2.249997615814209,150,100,33.95000076293945,26.399999618530273,11.75,12.649999618530272,35.5,10.550000190734863,9.600000381469728,5.099999904632568,-3.1,27.95,24.85,-0.8,33.25,32.45,-3.9000015258789062,61.20000076293945,2,-12.85,36.15,23.3,-6.000001907348633,60.400001525878906,2,-0.8,33.25,32.45,3.299999237060547,67.70000076293945,2,-12.85,36.15,23.3,-23.600000381469727,78.0,2,6.85,24.25,31.1,4.1,34.45,38.55,-10.75,41.85,31.1,2026,591.0255893097806,292.55248589674636,3450.0006437301636,2566.4225685236365,85537.49942779541
2026-01-19,20260120,0.25/0.05,25560.95,1.24,25700,25400,26000,25150,0.266,-0.216,0.047,-0.05,50.15000009536743,10.75,15.699999809265137,-3.150001049041748,300,250,33.95000076293945,26.399999618530273,4.900000095367432,5.300000190734863,35.5,10.550000190734863,3.4000000953674316,3.25,-3.1,27.95,24.85,-0.8,33.25,32.45,-3.9000015258789062,61.20000076293945,2,-12.85,36.15,23.3,-6.000001907348633,60.400001525878906,2,-0.8,33.25,32.45,3.299999237060547,67.70000076293945,2,-12.85,36.15,23.3,-23.600000381469727,78.0,2,6.85,24.25,31.1,4.1,34.45,38.55,-10.75,41.85,31.1,2026,493.22865024557683,279.17949354407455,8062.5,7290.091856210348,187387.49992847443
2026-01-20,20260127,0.35/0.15,25463.25,7.24,25650,25350,25900,25050,0.351,-0.354,0.161,-0.148,122.25000381469728,-11.59999656677246,9.050006866455078,-11.59999656677246,250,300,92.5500030517578,96.75,33.75,33.29999923706055,43.20000076293945,168.25,16.600000381469727,61.0,-5.15,96.4,91.25,-5.5,96.15,90.65,-10.650001525878906,192.5500030517578,2,-16.5,97.2,80.7,-16.5,97.1999969482422,1,-6.75,97.4,90.65,-11.900001525878906,193.8000030517578,2,-16.5,97.2,80.7,-16.5,97.1999969482422,1,,,,-5.15,96.4,91.25,,,,2026,712.214266910787,567.2197813575049,-8699.997425079344,-9979.431473347635,133312.49713897705
2026-01-20,20260127,0.25/0.1,25463.25,7.24,25750,25200,26050,24900,0.263,-0.234,0.099,-0.093,80.04999732971191,-6.350002288818359,8.649994850158691,-6.350002288818359,300,300,62.349998474121094,57.349998474121094,19.5,20.149999618530273,29.149999618530273,103.5999984741211,10.5,35.849998474121094,-7.55,65.15,57.6,-8.4,56.8,48.4,-15.950000762939451,121.95000076293944,2,-10.0,56.0,46.0,-10.0,56.0,1,14.2,58.2,72.4,6.649997711181641,123.35000228881836,2,12.6,58.85,71.45,12.599998474121094,58.849998474121094,1,,,,-7.55,65.15,57.6,,,,2026,408.0579962640851,423.9384098251056,-4762.5017166137695,-5594.49812270296,164962.50200271606
2026-01-20,20260127,0.25/0.05,25463.25,7.24,25750,25200,26300,24700,0.263,-0.234,0.049,-0.051,99.34999656677246,-8.30000114440918,12.549994945526125,-8.30000114440918,550,500,62.349998474121094,57.349998474121094,9.550000190734863,10.800000190734863,29.149999618530273,103.5999984741211,6.0,19.100000381469727,-7.55,65.15,57.6,-8.4,56.8,48.4,-15.950000762939451,121.95000076293944,2,-10.0,56.0,46.0,-10.0,56.0,1,14.2,58.2,72.4,6.649997711181641,123.35000228881836,2,12.6,58.85,71.45,12.599998474121094,58.849998474121094,1,,,,-7.55,65.15,57.6,,,,2026,367.45638674180003,394.7802130897932,-6225.000858306885,-6987.237458138478,337987.50257492065
2026-01-21,20260127,0.35/0.15,25195.8,6.24,25400,25100,25650,24750,0.33,-0.363,0.143,-0.14,113.8000030517578,-12.999996185302734,1.199995040893555,-59.49998092651367,250,350,84.25,90.3000030517578,28.5,32.25,68.1500015258789,125.3499984741211,23.299999237060547,43.400001525878906,3.7,48.95,52.65,-5.7,108.9,103.2,-2.0000038146972656,157.85000228881836,2,92.65,132.7,225.35,93.85000610351562,200.0,2,-5.7,108.9,103.2,8.099990844726562,195.8000030517578,2,92.65,132.7,225.35,121.60001373291016,217.1499938964844,2,1.2,67.3,68.5,13.8,86.9,100.7,28.95,84.45,113.4,2026,1930.819900067178,531.7019143138943,-9749.99713897705,-12212.518953358123,177149.99771118164
2026-01-21,20260127,0.25/0.1,25195.8,6.24,25500,24950,25750,24600,0.241,-0.241,0.1,-0.098,69.4000015258789,-9.750001907348633,1.25,-50.74999904632568,250,350,54.70000076293945,56.45000076293945,19.0,22.75,44.20000076293945,79.05000305175781,15.399999618530272,28.700000762939453,13.5,34.5,48.0,-7.4,67.9,60.5,6.099998474121094,102.4000015258789,2,70.75,82.45,153.2,70.79999923706055,127.4499969482422,2,-7.4,67.9,60.5,-0.5499992370605469,126.60000228881836,2,70.75,82.45,153.2,60.599998474121094,137.64999771118164,2,0.05,45.0,45.05,6.85,58.7,65.55,-10.15,55.2,45.05,2026,1103.4185778274784,409.9329946956492,-7312.501430511475,-8825.853003034603,210449.99885559082
2026-01-21,20260127,0.25/0.05,25195.8,6.24,25500,24950,25950,24250,0.241,-0.241,0.052,-0.05,88.75000095367432,-14.00000286102295,1.4500007629394531,-76.85000038146973,450,700,54.70000076293945,56.45000076293945,9.600000381469728,12.800000190734863,44.20000076293945,79.05000305175781,7.300000190734863,13.199999809265137,13.5,34.5,48.0,-7.4,67.9,60.5,6.099998474121094,102.4000015258789,2,70.75,82.45,153.2,70.79999923706055,127.4499969482422,2,-7.4,67.9,60.5,-0.5499992370605469,126.60000228881836,2,70.75,82.45,153.2,60.599998474121094,137.64999771118164,2,0.05,45.0,45.05,6.85,58.7,65.55,-10.15,55.2,45.05,2026,973.276294933548,378.25438925756504,-10500.002145767212,-11851.532829958325,458437.49928474426
2026-01-22,20260127,0.35/0.15,25400.55,5.24,25550,25300,25800,24950,0.364,-0.366,0.157,-0.156,111.29999923706056,-5.499998092651367,2.200002670288086,-48.75000190734863,250,350,86.94999694824219,93.8000030517578,30.0,39.45000076293945,38.79999923706055,114.8499984741211,10.399999618530272,26.450000762939453,-1.6,44.45,42.85,2.15,96.75,98.9,0.5499992370605469,141.20000076293945,2,34.5,117.65,152.15,30.09999084472656,160.85000228881836,2,2.15,96.75,98.9,2.1500015258789062,96.75,1,34.5,117.65,152.15,34.49999237060547,117.6500015258789,1,-4.4,43.2,38.8,,,,,,,2026,150.0,495.98369774090855,-4124.998569488525,-4770.982267229434,179025.0005722046
2026-01-22,20260127,0.25/0.1,25400.55,5.24,25650,25150,25950,24700,0.266,-0.248,0.094,-0.099,73.85000038146973,4.649997711181641,10.150001049041748,-37.7000036239624,300,450,56.95000076293945,61.04999923706055,17.149999618530273,27.0,22.700000762939453,62.150001525878906,6.0,9.649999618530272,-5.6,29.75,24.15,23.1,57.65,80.75,17.5,87.4000015258789,2,22.85,67.1,89.95,19.149999618530273,93.49999809265135,2,18.85,61.9,80.75,18.849998474121097,61.900001525878906,1,22.85,67.1,89.95,22.849998474121097,67.0999984741211,1,-3.7,26.4,22.7,,,,,,,2026,150.0,374.76024281296156,3487.4982833862305,2962.738040573269,282112.4997138977
2026-01-22,20260127,0.25/0.05,25400.55,5.24,25650,25150,26150,24200,0.266,-0.248,0.05,-0.049,93.30000019073486,15.199997901916504,21.100001335144043,-39.50000333786011,500,950,56.95000076293945,61.04999923706055,8.899999618530273,15.800000190734863,22.700000762939453,62.150001525878906,3.5999999046325684,3.1500000953674316,-5.6,29.75,24.15,23.1,57.65,80.75,17.5,87.4000015258789,2,22.85,67.1,89.95,19.149999618530273,93.49999809265135,2,18.85,61.9,80.75,18.849998474121097,61.900001525878906,1,22.85,67.1,89.95,22.849998474121097,67.0999984741211,1,-3.7,26.4,22.7,,,,,,,2026,150.0,358.70814035878607,11399.998426437378,10891.290286078593,642524.9998569489
2026-01-23,20260127,0.35/0.15,25269.0,4.24,25400,25150,25600,24950,0.359,-0.324,0.149,-0.157,88.05000114440918,-6.999998092651367,19.500001907348633,-15.299996376037598,200,200,73.30000305175781,65.69999694824219,22.799999237060547,28.149999618530273,21.899999618530273,133.75,8.399999618530273,52.20000076293945,3.0,74.45,77.45,-6.05,60.35,54.3,-3.0499954223632812,134.79999542236328,2,-7.6,66.15,58.55,-7.600002288818359,66.1500015258789,1,9.05,68.65,77.7,12.04999542236328,143.0999984741211,2,-7.6,66.15,58.55,-7.600002288818359,66.1500015258789,1,,,,3.0,74.45,77.45,,,,2026,1555.9041575405129,471.23371799090864,-5249.998569488525,-7277.136445019947,83962.49914169312
2026-01-23,20260127,0.25/0.1,25269.0,4.24,25500,25050,25700,24850,0.241,-0.228,0.087,-0.108,54.05000019073486,-7.299997806549072,16.799999237060547,-15.3500018119812,200,200,41.849998474121094,42.900001525878906,11.949999809265137,18.75,12.850000381469728,85.0999984741211,6.150000095367432,30.450000762939453,-1.5,41.6,40.1,-7.4,38.85,31.45,-8.89999771118164,80.44999694824219,2,-6.7,41.05,34.35,-6.700000762939453,41.04999923706055,1,2.4,43.3,45.7,-0.4000015258789062,86.20000076293945,2,-9.5,43.85,34.35,-9.5,43.849998474121094,1,,,,-2.8,42.9,40.1,,,,2026,841.577685088697,361.5385004633305,-5474.998354911804,-6678.114540463832,109462.49985694885
2026-01-23,20260127,0.25/0.05,25269.0,4.24,25500,25050,25800,24600,0.241,-0.228,0.053,-0.047,69.59999990463257,-14.649999141693115,22.80000066757202,-29.400001049041748,300,450,41.849998474121094,42.900001525878906,6.849999904632568,8.300000190734863,12.850000381469728,85.0999984741211,4.75,8.949999809265137,-1.5,41.6,40.1,-7.4,38.85,31.45,-8.89999771118164,80.44999694824219,2,-6.7,41.05,34.35,-6.700000762939453,41.04999923706055,1,2.4,43.3,45.7,-0.4000015258789062,86.20000076293945,2,-9.5,43.85,34.35,-9.5,43.849998474121094,1,,,,-2.8,42.9,40.1,,,,2026,717.5765507422827,331.88935896741225,-10987.499356269836,-12036.96526597953,285300.0000715256
2026-01-27,20260203,0.35/0.15,25143.8,7.24,25450,24900,25950,24350,0.361,-0.342,0.148,-0.144,227.79999923706055,18.799999237060547,18.799999237060547,-7.8000030517578125,500,550,178.39999389648438,163.85000610351562,54.5,59.95000076293945,154.4499969482422,135.8000030517578,39.75,41.5,-2.1,180.6,178.5,-9.3,183.55,174.25,-11.400009155273438,364.15000915527344,2,-6.05,168.95,162.9,-11.75,329.4499969482422,2,-9.3,183.55,174.25,-11.400009155273438,364.15000915527344,2,-6.05,168.95,162.9,-6.0500030517578125,168.9499969482422,1,-5.7,160.5,154.8,-2.1,180.6,178.5,,,,2026,1719.2158857112217,776.6833293577404,14099.99942779541,11604.100212726447,241650.0005722046
2026-01-27,20260203,0.25/0.1,25143.8,7.24,25700,24700,26150,24150,0.24,-0.254,0.099,-0.103,139.35000228881836,19.40000343322754,19.40000343322754,-10.499994277954102,450,550,100.5,114.1500015258789,33.599998474121094,41.70000076293945,81.6500015258789,88.8499984741211,22.700000762939453,27.850000381469727,-8.95,100.8,91.85,-9.55,129.5,119.95,-18.50000762939453,230.3000030517578,2,-4.65,115.55,110.9,-9.600006103515623,203.70000457763672,2,-9.55,129.5,119.95,-18.50000762939453,230.3000030517578,2,-4.65,115.55,110.9,-4.650001525878906,115.5500030517578,1,-4.95,88.15,83.2,-8.95,100.8,91.85,,,,2026,682.6373445049218,554.3618330869856,14550.002574920654,13313.003397328748,307987.49828338623
2026-01-27,20260203,0.25/0.05,25143.8,7.24,25700,24700,26450,23700,0.24,-0.254,0.053,-0.05,178.10000228881836,30.650002479553223,30.650002479553223,-13.149996757507324,750,1000,100.5,114.1500015258789,16.799999237060547,19.75,81.6500015258789,88.8499984741211,10.199999809265137,12.850000381469728,-8.95,100.8,91.85,-9.55,129.5,119.95,-18.50000762939453,230.3000030517578,2,-4.65,115.55,110.9,-9.600006103515623,203.70000457763672,2,-9.55,129.5,119.95,-18.50000762939453,230.3000030517578,2,-4.65,115.55,110.9,-4.650001525878906,115.5500030517578,1,-4.95,88.15,83.2,-8.95,100.8,91.85,,,,2026,642.1069518328206,511.97464269601204,22987.501859664917,21833.420265136083,616424.9982833862
2026-01-28,20260203,0.35/0.15,25284.8,6.24,25550,25100,25950,24650,0.348,-0.356,0.146,-0.157,181.1500015258789,15.10000228881836,19.200000762939453,-1.3000030517578125,400,450,135.1999969482422,145.8000030517578,43.79999923706055,56.04999923706055,125.5,113.0,35.25,37.20000076293945,-10.0,143.35,133.35,5.8,149.2,155.0,-4.1999969482421875,292.5500030517578,2,13.9,132.7,146.6,6.6500091552734375,272.59999084472656,2,5.8,149.2,155.0,-4.1999969482421875,292.5500030517578,2,-13.3,159.9,146.6,-20.54998779296875,299.79998779296875,2,-7.25,139.9,132.65,-10.0,143.35,133.35,-7.25,139.9,132.65,2026,1070.1654792908323,679.6425561972981,11325.00171661377,9575.19368112564,201637.49885559082
2026-01-28,20260203,0.25/0.1,25284.8,6.24,25700,24900,26100,24400,0.259,-0.25,0.101,-0.098,122.55000114440918,17.450002670288086,20.849994659423828,-0.649993896484375,400,500,90.05000305175781,95.0999984741211,28.600000381469727,34.0,79.5,68.5,21.700000762939453,21.200000762939453,-10.0,97.05,87.05,6.0,97.0,103.0,-4.0,194.0500030517578,2,5.65,84.3,89.95,-1.4500045776367188,176.5500030517578,2,6.0,97.0,103.0,-4.0,194.0500030517578,2,-10.45,100.4,89.95,-17.550003051757812,192.6500015258789,2,-7.1,92.25,85.15,-10.0,97.05,87.05,-7.1,92.25,85.15,2026,969.194000899665,502.8935339549856,13087.502002716064,11615.414467861414,283087.4991416931
2026-01-28,20260203,0.25/0.05,25284.8,6.24,25700,24900,26400,24000,0.259,-0.25,0.048,-0.049,155.5500020980835,26.70000171661377,30.60000514984131,-1.4999933242797852,700,900,90.05000305175781,95.0999984741211,12.550000190734863,17.049999237060547,79.5,68.5,8.949999809265137,10.199999809265137,-10.0,97.05,87.05,6.0,97.0,103.0,-4.0,194.0500030517578,2,5.65,84.3,89.95,-1.4500045776367188,176.5500030517578,2,6.0,97.0,103.0,-4.0,194.0500030517578,2,-10.45,100.4,89.95,-17.550003051757812,192.6500015258789,2,-7.1,92.25,85.15,-10.0,97.05,87.05,-7.1,92.25,85.15,2026,795.3797719505665,466.44380947586296,20025.001287460327,18763.177706033897,558337.4984264374
2026-01-29,20260203,0.35/0.15,25215.1,5.24,25450,25050,25800,24650,0.342,-0.353,0.145,-0.146,156.35000228881836,-8.599990844726562,10.050003051757812,-16.750003814697266,350,400,113.5,124.5500030517578,38.54999923706055,43.150001525878906,186.8999938964844,61.45000076293945,61.650001525878906,21.75,-3.35,109.65,106.3,-8.55,146.0,137.45,-11.900001525878906,255.6500015258789,2,,,,0.5999984741210938,120.5,1,-8.55,146.0,137.45,-18.550003051757812,261.8499984741211,2,,,,0.5999984741210938,120.5,1,0.6,120.5,121.1,-10.0,115.85,105.85,0.6,120.5,121.1,2026,1314.8090073424323,642.7481915802307,-6449.993133544922,-8407.550332467585,182737.49828338623
2026-01-29,20260203,0.25/0.1,25215.1,5.24,25600,24900,25950,24500,0.243,-0.258,0.098,-0.102,102.399995803833,-6.300006866455078,10.249996185302734,-12.60000991821289,350,400,72.19999694824219,84.0,24.450000762939453,29.350000381469727,119.75,40.900001525878906,36.349998474121094,15.600000381469728,8.65,70.75,79.4,-9.8,99.55,89.75,-1.1500015258789062,170.3000030517578,2,,,,-1.75,77.5,1,-9.8,99.55,89.75,-6.099998474121094,175.25,2,,,,-1.75,77.5,1,-1.75,77.5,75.75,3.7,75.7,79.4,-1.75,77.5,75.75,2026,1080.5730551746535,482.9941777318077,-4725.005149841309,-6288.5723827477705,223200.00314712524
2026-01-29,20260203,0.25/0.05,25215.1,5.24,25600,24900,26200,24150,0.243,-0.258,0.051,-0.048,130.4499969482422,-6.750003814697266,14.34999656677246,-15.050007820129396,600,750,72.19999694824219,84.0,12.25,13.5,119.75,40.900001525878906,15.350000381469728,8.100000381469727,8.65,70.75,79.4,-9.8,99.55,89.75,-1.1500015258789062,170.3000030517578,2,,,,-1.75,77.5,1,-9.8,99.55,89.75,-6.099998474121094,175.25,2,,,,-1.75,77.5,1,-1.75,77.5,75.75,3.7,75.7,79.4,-1.75,77.5,75.75,2026,912.9672758268963,443.1563973521442,-5062.502861022949,-6418.62653420199,464662.50228881836
2026-01-30,20260203,0.35/0.15,25283.7,4.24,25500,25100,25850,24750,0.348,-0.341,0.145,-0.151,149.04999923706055,-3.800006866455078,1.5,-13.400005340576172,350,350,112.9499969482422,116.8000030517578,37.54999923706055,43.150001525878906,128.35000610351562,109.8000030517578,44.150001525878906,41.150001525878906,-8.25,120.45,112.2,-10.0,123.95,113.95,-18.25,244.3999938964844,2,-1.45,126.8,125.35,-10.0,249.6500015258789,2,-10.0,123.95,113.95,-18.25,244.3999938964844,2,-1.45,126.8,125.35,-10.0,249.6500015258789,2,-8.55,122.85,114.3,-8.25,120.45,112.2,-8.55,122.85,114.3,2026,348.30617121925917,632.1464660517407,-2850.0051498413086,-3830.457787112309,150712.5005722046
2026-01-30,20260203,0.25/0.1,25283.7,4.24,25650,24950,26000,24600,0.245,-0.245,0.096,-0.103,96.09999656677246,-3.3000030517578125,0.7999973297119141,-13.000005722045898,350,350,71.0999984741211,76.5999984741211,23.25,28.350000381469727,82.19999694824219,72.05000305175781,27.399999618530273,27.450000762939453,-9.6,77.25,67.65,-10.0,81.65,71.65,-19.599998474121097,158.9000015258789,2,-0.85,82.95,82.1,-5.849998474121094,160.6999969482422,2,-10.0,81.65,71.65,-19.599998474121097,158.9000015258789,2,-0.85,82.95,82.1,-5.849998474121094,160.6999969482422,2,-5.0,77.75,72.75,-9.6,77.25,67.65,-5.0,77.75,72.75,2026,297.32113343865524,474.12305648414423,-2475.0022888183594,-3246.446478741159,190425.00257492065
2026-01-30,20260203,0.25/0.05,25283.7,4.24,25650,24950,26250,24300,0.245,-0.245,0.048,-0.05,123.6999969482422,-3.800003051757813,1.4999971389770508,-18.70000267028809,600,650,71.0999984741211,76.5999984741211,10.850000381469728,13.149999618530272,82.19999694824219,72.05000305175781,12.899999618530272,13.850000381469728,-9.6,77.25,67.65,-10.0,81.65,71.65,-19.599998474121097,158.9000015258789,2,-0.85,82.95,82.1,-5.849998474121094,160.6999969482422,2,-10.0,81.65,71.65,-19.599998474121097,158.9000015258789,2,-0.85,82.95,82.1,-5.849998474121094,160.6999969482422,2,-5.0,77.75,72.75,-9.6,77.25,67.65,-5.0,77.75,72.75,2026,271.0112583119409,434.86342559888465,-2850.00228881836,-3555.876972729185,394725.00228881836
2026-02-01,20260203,0.35/0.15,25338.2,2.24,25550,25150,25900,24800,0.348,-0.342,0.157,-0.152,145.5999984741211,-56.099998474121094,14.350004196166992,-106.15000820159912,350,350,116.4499969482422,116.1500015258789,43.599998474121094,43.400001525878906,14.699999809265137,324.3999938964844,5.949999809265137,131.4499969482422,0.75,115.2,115.95,-4.15,115.65,111.5,-3.4000015258789062,230.8499984741211,2,-3.65,120.15,116.5,2.649986267089844,253.00000762939453,2,-4.7,116.2,111.5,-6.1999969482421875,233.6499938964844,2,-3.65,120.15,116.5,2.649986267089844,253.00000762939453,2,6.3,132.85,139.15,-1.5,117.45,115.95,6.3,132.85,139.15,2026,492.3283837376778,726.9178733437737,-42074.99885559082,-43294.24511267227,153300.00114440918
2026-02-01,20260203,0.25/0.1,25338.2,2.24,25700,25000,26100,24600,0.252,-0.246,0.096,-0.095,101.5000057220459,-57.89999866485596,16.90001106262207,-124.7000036239624,400,400,76.6500015258789,76.05000305175781,25.049999237060547,26.149999618530273,9.149999618530272,226.3500061035156,4.449999809265137,71.6500015258789,7.1,75.9,83.0,-6.35,77.2,70.85,0.75,153.0999984741211,2,-4.0,78.35,74.35,-0.5499954223632812,165.9499969482422,2,-6.35,77.2,70.85,-1.3499984741210938,155.1999969482422,2,-4.0,78.35,74.35,-0.5499954223632812,165.9499969482422,2,3.45,87.6,91.05,5.0,78.0,83.0,3.45,87.6,91.05,2026,302.5272242881092,529.4010530954786,-43424.99899864197,-44256.927276025555,223874.99570846558
2026-02-01,20260203,0.25/0.05,25338.2,2.24,25700,25000,26350,24300,0.252,-0.246,0.052,-0.05,126.05000495910645,-79.20000076293945,24.9500093460083,-188.74999952316284,650,700,76.6500015258789,76.05000305175781,12.949999809265137,13.699999809265137,9.149999618530272,226.3500061035156,3.25,27.0,7.1,75.9,83.0,-6.35,77.2,70.85,0.75,153.0999984741211,2,-4.0,78.35,74.35,-0.5499954223632812,165.9499969482422,2,-6.35,77.2,70.85,-1.3499984741210938,155.1999969482422,2,-4.0,78.35,74.35,-0.5499954223632812,165.9499969482422,2,3.45,87.6,91.05,5.0,78.0,83.0,3.45,87.6,91.05,2026,285.49057873768277,472.2622617308559,-59400.00057220459,-60157.75341267313,430462.49628067017
2026-02-02,20260203,0.35/0.15,24875.5,1.24,25050,24700,25250,24400,0.329,-0.332,0.163,-0.146,107.84999656677246,23.099997520446777,44.7999963760376,-2.0999975204467773,200,300,80.5,94.4499969482422,31.850000381469727,35.25,106.3499984741211,14.350000381469728,30.899999618530273,5.050000190734863,-10.0,53.85,43.85,-12.55,98.2,85.65,-22.54999542236328,152.04999542236328,2,7.6,106.55,114.15,11.099998474121094,155.9000015258789,2,-12.55,98.2,85.65,-18.849998474121097,181.75,2,7.6,106.55,114.15,30.699996948242188,189.8000030517578,2,3.5,49.35,52.85,-6.3,83.55,77.25,23.1,83.25,106.35,2026,1805.9229472727734,476.9207731379495,17324.998140335083,15042.15441992436,144112.50257492065
2026-02-02,20260203,0.25/0.1,24875.5,1.24,25150,24600,25400,24300,0.238,-0.258,0.091,-0.107,80.35000419616699,27.00000524520874,46.65000534057617,0.0,250,300,51.650001525878906,69.30000305175781,16.100000381469727,24.5,59.849998474121094,9.350000381469728,11.5,4.349999904632568,12.65,15.85,28.5,-4.5,71.0,66.5,8.149999618530273,86.85000038146973,2,0.95,72.75,73.7,2.9499969482421875,99.89999961853027,2,-4.5,71.0,66.5,-4.5,71.0,1,0.95,72.75,73.7,0.9499969482421876,72.75,1,2.0,27.15,29.15,,,,,,,2026,1464.3365189286164,371.6297728173353,20250.003933906555,18414.037642160605,164737.49685287476
2026-02-02,20260203,0.25/0.05,24875.5,1.24,25150,24600,25550,24050,0.238,-0.258,0.05,-0.05,101.70000457763672,41.350005865097046,64.15000629425049,0.0,400,550,51.650001525878906,69.30000305175781,8.25,11.0,59.849998474121094,9.350000381469728,5.550000190734863,3.299999952316284,12.65,15.85,28.5,-4.5,71.0,66.5,8.149999618530273,86.85000038146973,2,0.95,72.75,73.7,2.9499969482421875,99.89999961853027,2,-4.5,71.0,66.5,-4.5,71.0,1,0.95,72.75,73.7,0.9499969482421876,72.75,1,2.0,27.15,29.15,,,,,,,2026,1210.6807046690992,356.95992001745856,31012.504398822784,29444.863774136225,336224.99656677246
2026-02-03,20260210,0.35/0.15,25692.3,7.24,25950,25500,26350,25050,0.356,-0.353,0.15,-0.151,190.89999771118164,45.14999771118164,45.14999771118164,-3.2000160217285156,400,450,140.25,149.0,45.20000076293945,53.150001525878906,118.0,83.6500015258789,33.70000076293945,22.200000762939453,14.2,152.8,167.0,6.5,153.1,159.6,20.699996948242188,305.90000915527344,2,0.45,86.25,86.7,2.350006103515625,249.1999969482422,2,6.5,153.1,159.6,20.699996948242188,305.90000915527344,2,,,,1.9000091552734375,162.9499969482422,1,1.9,162.95,164.85,14.2,152.8,167.0,1.9,162.95,164.85,2026,503.49895907698044,657.8447492392597,33862.49828338623,32701.154575069988,194325.00171661377
2026-02-03,20260210,0.25/0.1,25692.3,7.24,26150,25300,26500,24850,0.239,-0.248,0.103,-0.104,111.94999885559082,40.44999980926514,40.44999980926514,-3.549999237060547,350,450,81.19999694824219,95.4000015258789,28.899999618530273,35.75,64.0,44.599998474121094,21.799999237060547,15.300000190734863,7.65,89.6,97.25,-0.6,98.35,97.75,7.0500030517578125,187.9499969482422,2,-1.65,50.45,48.8,-3.9500045776367183,146.5000038146973,2,-0.6,98.35,97.75,7.0500030517578125,187.9499969482422,2,,,,-2.3000030517578125,96.0500030517578,1,-2.3,96.05,93.75,7.65,89.6,97.25,-2.3,96.05,93.75,2026,395.0755181632892,474.9883243455071,30337.499856948853,29467.436014440056,253537.50085830688
2026-02-03,20260210,0.25/0.05,25692.3,7.24,26150,25300,26800,24500,0.239,-0.248,0.049,-0.056,144.3499984741211,55.69999980926514,55.69999980926514,-5.700000762939453,650,800,81.19999694824219,95.4000015258789,12.899999618530272,19.350000381469727,64.0,44.599998474121094,10.149999618530272,9.800000190734863,7.65,89.6,97.25,-0.6,98.35,97.75,7.0500030517578125,187.9499969482422,2,-1.65,50.45,48.8,-3.9500045776367183,146.5000038146973,2,-0.6,98.35,97.75,7.0500030517578125,187.9499969482422,2,,,,-2.3000030517578125,96.0500030517578,1,-2.3,96.05,93.75,7.65,89.6,97.25,-2.3,96.05,93.75,2026,376.3059313185162,445.7724463557668,41774.99985694885,40952.92147927457,491737.5011444092
2026-02-04,20260210,0.35/0.15,25790.95,6.24,26000,25650,26300,25300,0.343,-0.355,0.149,-0.155,135.8499984741211,15.70000457763672,19.85000228881836,-0.9000053405761719,300,350,98.6999969482422,114.1500015258789,34.5,42.5,84.94999694824219,89.69999694824219,25.950000762939453,28.549999237060547,-7.6,92.2,84.6,6.5,120.05,126.55,-1.0999984741210938,212.25,2,-14.1,133.4,119.3,-20.34999084472656,199.49999237060547,2,6.5,120.05,126.55,6.5,120.0500030517578,1,-14.1,133.4,119.3,-14.099990844726562,133.39999389648438,1,-6.25,66.1,59.85,,,,,,,2026,1066.2342404436752,558.6285558125192,11775.00343322754,10150.140636971348,160612.50114440918
2026-02-04,20260210,0.25/0.1,25790.95,6.24,26100,25500,26450,25100,0.265,-0.252,0.095,-0.098,96.5,18.449996948242188,23.25000286102295,0.0,350,400,69.6500015258789,74.3499984741211,20.850000381469727,26.649999618530273,57.150001525878906,53.400001525878906,15.100000381469728,17.399999618530273,-9.2,65.45,56.25,-0.85,77.05,76.2,-10.050003051757812,142.5,2,-10.0,82.3,72.3,-14.64999771118164,126.10000228881836,2,-0.85,77.05,76.2,-0.850006103515625,77.05000305175781,1,-10.0,82.3,72.3,-10.0,82.30000305175781,1,-4.65,43.8,39.15,,,,,,,2026,721.4523546494842,430.2232720559616,13837.49771118164,12685.822084476195,227625.0
2026-02-04,20260210,0.25/0.05,25790.95,6.24,26100,25500,26700,24700,0.265,-0.252,0.047,-0.048,120.14999961853027,27.19999647140503,32.75000238418579,0.0,600,800,69.6500015258789,74.3499984741211,9.850000381469728,14.0,57.150001525878906,53.400001525878906,7.400000095367432,10.199999809265137,-9.2,65.45,56.25,-0.85,77.05,76.2,-10.050003051757812,142.5,2,-10.0,82.3,72.3,-14.64999771118164,126.10000228881836,2,-0.85,77.05,76.2,-0.850006103515625,77.05000305175781,1,-10.0,82.3,72.3,-10.0,82.30000305175781,1,-4.65,43.8,39.15,,,,,,,2026,614.7476175556606,406.3603490582344,20399.997353553772,19378.889386939874,509887.5002861023
2026-02-05,20260210,0.35/0.15,25633.45,5.24,25800,25500,26050,25250,0.354,-0.335,0.159,-0.156,107.4000015258789,10.250001907348633,12.44999885559082,-1.8999977111816408,250,250,88.5999984741211,84.55000305175781,32.150001525878906,33.599998474121094,78.94999694824219,71.1500015258789,25.649999618530273,27.299999237060547,-0.8,94.9,94.1,2.85,77.15,80.0,2.0499954223632812,172.0500030517578,2,-12.7,79.65,66.95,-13.95000457763672,159.8499984741211,2,-4.7,84.7,80.0,-5.5,179.5999984741211,2,-9.85,85.0,75.15,-9.849998474121094,85.0,1,-1.25,80.2,78.95,-0.8,94.9,94.1,,,,2026,497.154348674175,502.58972961590865,7687.501430511475,6687.757352221392,106949.99885559082
2026-02-05,20260210,0.25/0.1,25633.45,5.24,25900,25400,26200,25100,0.263,-0.25,0.096,-0.099,79.1500015258789,12.550004005432127,14.15000057220459,-2.8499984741210938,300,300,59.75,58.400001525878906,18.399999618530273,20.600000381469727,50.599998474121094,47.54999923706055,14.449999809265137,17.100000381469727,-5.6,65.3,59.7,-1.25,52.95,51.7,-6.850006103515625,118.25000381469728,2,-8.6,54.2,45.6,-10.050003051757812,106.25,2,-10.0,61.4,51.4,-15.600006103515623,126.70000457763672,2,-7.8,59.0,51.2,-7.799999237060547,59.0,1,-1.45,52.05,50.6,-5.6,65.3,59.7,,,,2026,412.5121878665534,394.61199573053125,9412.503004074095,8605.37882047701,165637.49885559082
2026-02-05,20260210,0.25/0.05,25633.45,5.24,25900,25400,26450,24800,0.263,-0.25,0.047,-0.047,98.85000133514404,18.100003242492676,19.999999046325684,-4.399998664855957,550,600,59.75,58.400001525878906,9.0,10.300000190734863,50.599998474121094,47.54999923706055,8.0,9.399999618530272,-5.6,65.3,59.7,-1.25,52.95,51.7,-6.850006103515625,118.25000381469728,2,-8.6,54.2,45.6,-10.050003051757812,106.25,2,-10.0,61.4,51.4,-15.600006103515623,126.70000457763672,2,-7.8,59.0,51.2,-7.799999237060547,59.0,1,-1.45,52.05,50.6,-5.6,65.3,59.7,,,,2026,344.3909689939344,372.8824770103822,13575.002431869507,12857.728985865191,375862.49899864197
2026-02-06,20260210,0.35/0.15,25551.3,4.24,25700,25450,25900,25250,0.334,-0.342,0.152,-0.159,82.29999923706055,4.399995803833008,14.900001525878906,-1.0000038146972656,200,200,65.19999694824219,69.05000305175781,24.700000762939453,27.25,92.8000030517578,32.70000076293945,32.25,15.350000381469728,31.35,51.75,83.1,-4.8,73.0,68.2,26.54999542236328,124.75,2,-11.25,84.85,73.6,1.1500015258789062,146.75,2,-4.8,73.0,68.2,10.649993896484377,140.6500015258789,2,-11.25,84.85,73.6,-2.5999984741210938,150.5,2,12.4,61.9,74.3,15.45,67.65,83.1,8.65,65.65,74.3,2026,150.0,442.4765791028318,3299.996852874756,2707.520273771924,88275.00057220459
2026-02-06,20260210,0.25/0.1,25551.3,4.24,25800,25350,26000,25150,0.228,-0.236,0.102,-0.108,49.0,5.000000953674316,12.699999809265137,-0.5500020980834961,200,200,40.04999923706055,43.0,16.149999618530273,17.899999618530273,55.04999923706055,21.350000381469727,19.850000381469727,12.550000190734863,13.35,34.65,48.0,-4.4,45.5,41.1,8.949996948242188,80.1500015258789,2,-7.75,52.05,44.3,-0.7999992370605469,89.75,2,-4.4,45.5,41.1,2.3999977111816406,86.70000076293945,2,-7.75,52.05,44.3,-8.89999771118164,97.8499984741211,2,6.95,37.7,44.65,6.8,41.2,48.0,-1.15,45.8,44.65,2026,150.0,349.10465486019467,3750.0007152557373,3250.8960603955425,113250.0
2026-02-06,20260210,0.25/0.05,25551.3,4.24,25800,25350,26200,24900,0.228,-0.236,0.052,-0.049,66.39999961853027,8.299999237060547,18.99999952316284,-0.4000024795532226,400,450,40.04999923706055,43.0,8.199999809265137,8.449999809265137,55.04999923706055,21.350000381469727,9.149999618530272,9.149999618530272,13.35,34.65,48.0,-4.4,45.5,41.1,8.949996948242188,80.1500015258789,2,-7.75,52.05,44.3,-0.7999992370605469,89.75,2,-4.4,45.5,41.1,2.3999977111816406,86.70000076293945,2,-7.75,52.05,44.3,-8.89999771118164,97.8499984741211,2,6.95,37.7,44.65,6.8,41.2,48.0,-1.15,45.8,44.65,2026,158.163959942792,328.2054003167019,6224.99942779541,5738.630067535916,287700.0002861023
2026-02-09,20260210,0.35/0.15,25798.45,1.24,25900,25700,26050,25550,0.334,-0.307,0.146,-0.142,54.79999923706055,9.5,13.099997520446776,-2.9000015258789062,150,150,48.349998474121094,41.20000076293945,17.25,17.5,53.849998474121094,22.200000762939453,17.899999618530273,12.850000381469728,-6.95,53.8,46.85,-4.95,25.55,20.6,-11.899999618530272,79.3499984741211,2,-4.85,27.25,22.4,-19.04999732971191,87.0999984741211,2,,,,-6.950000762939453,53.79999923706055,1,,,,-14.199996948242188,59.849998474121094,1,-14.2,59.85,45.65,-6.95,53.8,46.85,-14.2,59.85,45.65,2026,160.3864759669052,354.3897219794808,7125.0,6610.223802053614,71400.00057220459
2026-02-09,20260210,0.25/0.1,25798.45,1.24,25950,25650,26100,25450,0.257,-0.237,0.109,-0.09,40.900001525878906,9.750000953674316,12.5,-1.1499977111816406,150,200,34.20000076293945,30.25,12.399999618530272,11.149999618530272,36.5,17.350000381469727,12.699999809265137,10.0,1.45,38.25,39.7,-2.1,19.45,17.35,-0.6499996185302734,57.70000076293945,2,-3.35,20.25,16.9,-14.05000114440918,62.0,2,,,,1.4500007629394531,38.25,1,,,,-10.700000762939451,41.75,1,-10.7,41.75,31.05,1.45,38.25,39.7,-10.7,41.75,31.05,2026,160.29807756408454,307.790811505714,7312.500715255737,6844.4118261859385,119324.99885559082
2026-02-09,20260210,0.25/0.05,25798.45,1.24,25950,25650,26250,25300,0.257,-0.237,0.053,-0.053,51.40000057220459,11.650000095367432,15.75,-2.8999991416931152,300,350,34.20000076293945,30.25,6.0,7.050000190734863,36.5,17.350000381469727,6.5,7.599999904632568,1.45,38.25,39.7,-2.1,19.45,17.35,-0.6499996185302734,57.70000076293945,2,-3.35,20.25,16.9,-14.05000114440918,62.0,2,,,,1.4500007629394531,38.25,1,,,,-10.700000762939451,41.75,1,-10.7,41.75,31.05,1.45,38.25,39.7,-10.7,41.75,31.05,2026,160.29807756408454,295.0818448794868,8737.500071525574,8282.120149082002,223949.99957084656
2026-02-10,20260217,0.35/0.15,25949.7,7.24,26100,25850,26350,25550,0.375,-0.364,0.158,-0.158,124.29999542236328,7.9499969482421875,7.9499969482421875,-3.1500091552734375,250,300,92.5999984741211,98.1999969482422,29.75,36.75,75.94999694824219,92.6500015258789,22.5,29.75,-4.7,95.65,90.95,11.5,90.0,101.5,6.799995422363281,185.6500015258789,2,-11.35,97.15,85.8,-20.399993896484375,196.8499984741211,2,2.4,99.1,101.5,-2.3000030517578125,194.75,2,-3.3,101.2,97.9,-12.349990844726562,200.8999938964844,2,-9.05,99.7,90.65,-4.7,95.65,90.95,-9.05,99.7,90.65,2026,331.3445677114823,527.150132432846,5962.497711181641,5104.003011037312,131775.00343322754
2026-02-10,20260217,0.25/0.1,25949.7,7.24,26250,25700,26500,25350,0.229,-0.242,0.092,-0.095,68.0,8.299999237060547,8.299999237060547,-3.000001907348633,250,350,46.900001525878906,59.349998474121094,16.299999237060547,21.950000762939453,36.75,51.70000076293945,12.25,16.5,-7.05,50.35,43.3,0.3,54.4,54.7,-6.750003814697266,104.75,2,-6.95,57.5,50.55,-12.300003051757812,108.70000076293944,2,-8.3,63.0,54.7,-15.35000228881836,113.3499984741211,2,-5.85,62.55,56.7,-11.200000762939451,113.75,2,-5.35,51.2,45.85,-7.05,50.35,43.3,-5.35,51.2,45.85,2026,232.05754149989872,375.4214336077404,6224.99942779541,5617.5204526877715,211500.0
2026-02-10,20260217,0.25/0.05,25949.7,7.24,26250,25700,26700,25000,0.229,-0.242,0.049,-0.05,84.89999961853027,12.79999828338623,12.79999828338623,-3.5000014305114746,450,700,46.900001525878906,59.349998474121094,8.550000190734863,12.800000190734863,36.75,51.70000076293945,6.699999809265137,9.649999618530272,-7.05,50.35,43.3,0.3,54.4,54.7,-6.750003814697266,104.75,2,-6.95,57.5,50.55,-12.300003051757812,108.70000076293944,2,-8.3,63.0,54.7,-15.35000228881836,113.3499984741211,2,-5.85,62.55,56.7,-11.200000762939451,113.75,2,-5.35,51.2,45.85,-7.05,50.35,43.3,-5.35,51.2,45.85,2026,226.14100252864176,356.50214597702643,9599.998712539673,9017.355564034004,461325.0002861023
2026-02-11,20260217,0.35/0.15,25934.75,6.24,26100,25850,26300,25600,0.341,-0.359,0.156,-0.157,95.89999961853027,8.799997329711914,12.249998092651367,-0.7500057220458984,200,250,73.94999694824219,79.05000305175781,26.75,30.350000381469727,66.6500015258789,69.0,22.299999237060547,26.25,-1.2,72.75,71.55,-6.4,84.95,78.55,-7.599990844726563,157.6999969482422,2,-0.6,72.15,71.55,-8.699996948242188,136.3499984741211,2,-6.4,84.95,78.55,-10.649993896484377,160.75,2,-7.6,79.15,71.55,-7.599998474121094,79.1500015258789,1,-8.1,64.2,56.1,-4.25,75.8,71.55,,,,2026,659.9578248008021,468.6322194815721,6599.997997283936,5471.4079530015615,115575.0002861023
2026-02-11,20260217,0.25/0.1,25934.75,6.24,26200,25750,26400,25450,0.236,-0.26,0.103,-0.099,62.549997329711914,9.24999713897705,12.80000114440918,-0.2500019073486328,200,300,44.75,53.349998474121094,16.600000381469727,18.950000762939453,38.5,45.95000076293945,14.050000190734863,17.100000381469727,-8.8,47.0,38.2,-8.1,57.2,49.1,-16.900001525878906,104.20000076293944,2,-0.85,47.5,46.65,-5.4499969482421875,84.25,2,-8.1,57.2,49.1,-16.900001525878906,104.20000076293944,2,-9.85,56.1,46.25,-9.849998474121094,56.099998474121094,1,-4.6,36.75,32.15,-8.8,47.0,38.2,,,,2026,398.78990557336687,367.03238050337745,6937.497854232788,6171.6755681560435,178087.50200271606
2026-02-11,20260217,0.25/0.05,25934.75,6.24,26200,25750,26600,25150,0.236,-0.26,0.052,-0.049,79.3499984741211,12.79999828338623,17.850001335144043,-0.4000005722045898,400,600,44.75,53.349998474121094,8.300000190734863,10.449999809265137,38.5,45.95000076293945,7.300000190734863,10.600000381469728,-8.8,47.0,38.2,-8.1,57.2,49.1,-16.900001525878906,104.20000076293944,2,-0.85,47.5,46.65,-5.4499969482421875,84.25,2,-8.1,57.2,49.1,-16.900001525878906,104.20000076293944,2,-9.85,56.1,46.25,-9.849998474121094,56.099998474121094,1,-4.6,36.75,32.15,-8.8,47.0,38.2,,,,2026,368.1008442370555,347.24134884176686,9599.998712539673,8884.656519460852,390487.5011444092
2026-02-12,20260217,0.35/0.15,25849.5,5.24,26000,25750,26200,25550,0.333,-0.338,0.143,-0.162,80.30000495910645,3.600004196166992,10.600004196166992,-2.7999954223632812,200,200,63.150001525878906,67.80000305175781,22.049999237060547,28.600000381469727,44.45000076293945,80.25,16.200000762939453,31.799999237060547,-8.55,66.9,58.35,5.95,58.35,64.3,-2.5999984741210938,125.25,2,2.15,57.3,59.45,-1.0499992370605469,112.79999923706056,2,-7.35,71.65,64.3,-15.900001525878906,138.5500030517578,2,-9.25,68.7,59.45,-9.249996185302734,68.69999694824219,1,-3.2,55.5,52.3,-8.55,66.9,58.35,,,,2026,263.7332747133513,438.6777046555434,2700.003147125244,1997.5921677563492,89774.99628067017
2026-02-12,20260217,0.25/0.1,25849.5,5.24,26050,25650,26300,25400,0.274,-0.235,0.094,-0.098,60.800002098083496,6.0500030517578125,12.150001525878906,-0.6999969482421875,250,250,48.650001525878906,43.45000076293945,14.050000190734863,17.25,33.75,50.04999923706055,11.199999809265137,17.850000381469727,-10.0,44.8,34.8,0.35,36.7,37.05,-9.650001525878906,81.5,2,0.85,35.8,36.65,-1.7000007629394531,77.20000076293945,2,-8.7,45.75,37.05,-8.700000762939453,45.75,1,-8.85,45.5,36.65,-8.849998474121094,45.5,1,-2.55,41.4,38.85,,,,,,,2026,191.94908384876047,356.747901823226,4537.502288818359,3988.8053031463724,141899.99842643738
2026-02-12,20260217,0.25/0.05,25849.5,5.24,26050,25650,26500,25100,0.274,-0.235,0.051,-0.048,74.6000018119812,8.050003051757812,17.350000858306885,-1.8499979972839355,450,550,48.650001525878906,43.45000076293945,7.900000095367432,9.600000381469728,33.75,50.04999923706055,7.400000095367432,9.850000381469728,-10.0,44.8,34.8,0.35,36.7,37.05,-9.650001525878906,81.5,2,0.85,35.8,36.65,-1.7000007629394531,77.20000076293945,2,-8.7,45.75,37.05,-8.700000762939453,45.75,1,-8.85,45.5,36.65,-8.849998474121094,45.5,1,-2.55,41.4,38.85,,,,,,,2026,180.16207170349844,339.51506942467074,6037.502288818359,5517.8251476901905,356549.9986410141
2026-02-13,20260217,0.35/0.15,25561.95,4.24,25700,25500,25900,25250,0.332,-0.379,0.142,-0.143,85.5,-7.299999237060547,9.55000114440918,-7.299999237060547,200,250,58.849998474121094,70.9000015258789,21.25,23.0,41.70000076293945,103.75,19.200000762939453,33.45000076293945,-9.25,60.25,51.0,-2.65,78.2,75.55,-11.899993896484377,138.4499969482422,2,-8.45,71.05,62.6,-9.250007629394531,124.95000457763672,2,-2.65,78.2,75.55,-11.899993896484377,138.4499969482422,2,-8.45,71.05,62.6,-19.90000915527344,135.60000610351562,2,-0.8,53.9,53.1,-9.25,60.25,51.0,-11.45,64.55,53.1,2026,837.5783125459611,447.20087043329806,-5474.99942779541,-6759.77861077467,123375.0
2026-02-13,20260217,0.25/0.1,25561.95,4.24,25750,25400,26000,25150,0.27,-0.257,0.099,-0.099,57.19999885559082,-3.499998092651367,9.349998474121094,-3.499998092651367,250,250,44.54999923706055,43.599998474121094,14.899999618530272,16.049999237060547,33.0,64.44999694824219,14.75,22.0,-9.5,45.6,36.1,-5.7,48.9,43.2,-15.200000762939451,94.5,2,-5.3,42.05,36.75,-6.4499969482421875,82.8499984741211,2,-5.7,48.9,43.2,-15.200000762939451,94.5,2,10.3,54.15,64.45,1.3999977111816406,102.70000076293944,2,-1.15,40.8,39.65,-9.5,45.6,36.1,-8.9,48.55,39.65,2026,577.6935191673849,365.2359452940912,-2624.9985694885254,-3567.9280339500015,144600.00085830688
2026-02-13,20260217,0.25/0.05,25561.95,4.24,25750,25400,26250,24900,0.27,-0.257,0.047,-0.052,71.14999723434448,-6.299999713897705,12.34999704360962,-6.299999713897705,500,500,44.54999923706055,43.599998474121094,7.650000095367432,9.350000381469728,33.0,64.44999694824219,8.649999618530273,11.350000381469728,-9.5,45.6,36.1,-5.7,48.9,43.2,-15.200000762939451,94.5,2,-5.3,42.05,36.75,-6.4499969482421875,82.8499984741211,2,-5.7,48.9,43.2,-15.200000762939451,94.5,2,10.3,54.15,64.45,1.3999977111816406,102.70000076293944,2,-1.15,40.8,39.65,-9.5,45.6,36.1,-8.9,48.55,39.65,2026,548.2822706466009,342.6790779917896,-4724.999785423279,-5615.961134061669,321637.50207424164
2026-02-16,20260217,0.35/0.15,25459.25,1.24,25550,25400,25700,25200,0.348,-0.381,0.151,-0.145,71.25,-34.89999485015869,3.90000057220459,-34.89999485015869,150,200,49.79999923706055,58.0,17.649999618530273,18.899999618530273,172.89999389648438,20.549999237060547,75.0999984741211,12.199999809265137,12.75,59.55,72.3,-9.4,40.5,31.1,3.3500022888183594,100.04999923706056,2,-5.75,36.8,31.05,-4.599998474121094,118.64999771118164,2,,,,12.750003814697266,59.54999923706055,1,,,,1.1500015258789062,81.8499984741211,1,1.15,81.85,83.0,12.75,59.55,72.3,1.15,81.85,83.0,2026,283.65136391447703,474.3448648310647,-26174.99613761902,-26932.99236636456,96562.5
2026-02-16,20260217,0.25/0.1,25459.25,1.24,25600,25300,25800,25100,0.267,-0.237,0.09,-0.094,44.69999980926514,-57.24999523162842,1.899998664855957,-57.24999523162842,200,200,34.95000076293945,32.349998474121094,10.199999809265137,12.399999618530272,135.64999389648438,15.149999618530272,38.599998474121094,10.25,25.2,42.8,68.0,-5.95,21.1,15.15,19.25,63.89999961853027,2,-2.3,20.1,17.8,-2.1000003814697266,77.89999961853027,2,,,,25.200000762939453,42.79999923706055,1,,,,0.2000007629394531,57.79999923706055,1,0.2,57.8,58.0,25.2,42.8,68.0,0.2,57.8,58.0,2026,223.3109794829455,371.11649370256475,-42937.49642372131,-43531.923896906825,116475.00014305115
2026-02-16,20260217,0.25/0.05,25459.25,1.24,25600,25300,25950,24900,0.267,-0.237,0.052,-0.05,53.44999933242798,-73.04999351501465,2.2999982833862305,-73.04999351501465,350,400,34.95000076293945,32.349998474121094,6.449999809265137,7.400000095367432,135.64999389648438,15.149999618530272,16.450000762939453,7.849999904632568,25.2,42.8,68.0,-5.95,21.1,15.15,19.25,63.89999961853027,2,-2.3,20.1,17.8,-2.1000003814697266,77.89999961853027,2,,,,25.200000762939453,42.79999923706055,1,,,,0.2000007629394531,57.79999923706055,1,0.2,57.8,58.0,25.2,42.8,68.0,0.2,57.8,58.0,2026,211.72586759613472,342.0067820503917,-54787.495136260986,-55341.22778590751,259912.50050067902
2026-02-17,20260224,0.35/0.15,25644.65,7.24,25850,25500,26100,25150,0.33,-0.341,0.148,-0.142,117.70000076293944,-0.25,1.3999996185302734,-6.30000114440918,250,350,82.75,101.9000015258789,30.049999237060547,36.900001525878906,104.75,72.30000305175781,34.150001525878906,24.950000762939453,13.4,93.6,107.0,1.4,92.95,94.35,14.800003051757812,186.54999542236328,2,-7.7,78.7,71.0,-22.5,181.9499969482422,2,,,,13.400001525878906,93.5999984741211,1,,,,-14.800003051757812,103.25,1,-14.8,103.25,88.45,13.4,93.6,107.0,-14.8,103.25,88.45,2026,389.64649527572533,530.9025179775962,-187.5,-1108.0490132533214,174224.9994277954
2026-02-17,20260224,0.25/0.1,25644.65,7.24,25950,25350,26200,25000,0.244,-0.237,0.106,-0.098,75.14999961853027,-0.75,0.8000030517578125,-7.049995422363281,250,350,55.400001525878906,65.3499984741211,20.75,24.850000381469727,69.0999984741211,44.900001525878906,20.700000762939453,17.399999618530273,6.35,63.25,69.6,-3.45,59.85,56.4,2.9000015258789062,123.0999984741211,2,-4.2,50.5,46.3,-14.950000762939451,120.4000015258789,2,,,,6.349998474121094,63.25,1,,,,-10.75,69.9000015258789,1,-10.75,69.9,59.15,6.35,63.25,69.6,-10.75,69.9,59.15,2026,206.7000764910616,411.94390601025964,-562.5,-1181.1439825013213,206137.5002861023
2026-02-17,20260224,0.25/0.05,25644.65,7.24,25950,25350,26450,24700,0.244,-0.237,0.051,-0.051,97.5,1.0999999046325684,1.3500022888183594,-11.599994659423828,500,650,55.400001525878906,65.3499984741211,9.850000381469728,13.399999618530272,69.0999984741211,44.900001525878906,7.650000095367432,9.949999809265137,6.35,63.25,69.6,-3.45,59.85,56.4,2.9000015258789062,123.0999984741211,2,-4.2,50.5,46.3,-14.950000762939451,120.4000015258789,2,,,,6.349998474121094,63.25,1,,,,-10.75,69.9000015258789,1,-10.75,69.9,59.15,6.35,63.25,69.6,-10.75,69.9,59.15,2026,202.73041356218647,382.5543326984026,824.9999284744263,239.71518221383724,414375.0
2026-02-18,20260224,0.35/0.15,25734.6,6.24,25900,25650,26100,25350,0.336,-0.371,0.156,-0.146,104.29999732971191,0.2499904632568359,7.05000114440918,-15.94999885559082,200,300,70.25,90.8499984741211,26.700000762939453,30.100000381469727,104.8000030517578,64.80000305175781,40.54999923706055,25.0,-5.0,59.9,54.9,-7.4,130.75,123.35,-12.399993896484377,190.6500015258789,2,-12.95,96.45,83.5,-15.700000762939451,161.25,2,-7.4,130.75,123.35,10.000007629394531,203.3499984741211,2,-12.95,96.45,83.5,14.000007629394531,174.29999542236328,2,-2.75,64.8,62.05,17.4,72.6,90.0,26.95,77.85,104.8,2026,207.05276435932336,506.7397177851973,187.49284744262692,-526.2996347018938,146775.00200271606
2026-02-18,20260224,0.25/0.1,25734.6,6.24,26000,25500,26200,25200,0.234,-0.235,0.103,-0.094,59.19999885559082,-4.100000381469727,6.149997711181641,-11.40000343322754,200,300,43.79999923706055,51.20000076293945,16.600000381469727,19.200000762939453,66.6500015258789,38.79999923706055,24.200000762939453,17.950000762939453,15.55,38.2,53.75,-5.3,77.7,72.4,10.250003814697266,115.89999771118164,2,-7.2,54.9,47.7,-10.250003814697266,95.5500030517578,2,-5.3,77.7,72.4,4.100006103515625,122.04999542236328,2,-7.2,54.9,47.7,13.200000762939451,101.1500015258789,2,-3.05,40.65,37.6,9.4,44.35,53.75,20.4,46.25,66.65,2026,172.29457596660387,382.62724646990875,-3075.000286102295,-3629.9221085388076,180600.00085830688
2026-02-18,20260224,0.25/0.05,25734.6,6.24,26000,25500,26400,24900,0.234,-0.235,0.05,-0.048,76.40000009536743,-7.849999904632568,8.29999828338623,-15.700001239776611,400,600,43.79999923706055,51.20000076293945,7.849999904632568,10.75,66.6500015258789,38.79999923706055,9.350000381469728,11.850000381469728,15.55,38.2,53.75,-5.3,77.7,72.4,10.250003814697266,115.89999771118164,2,-7.2,54.9,47.7,-10.250003814697266,95.5500030517578,2,-5.3,77.7,72.4,4.100006103515625,122.04999542236328,2,-7.2,54.9,47.7,13.200000762939451,101.1500015258789,2,-3.05,40.65,37.6,9.4,44.35,53.75,20.4,46.25,66.65,2026,172.29457596660387,354.4980774133017,-5887.499928474426,-6414.292581854332,392699.9999284744
2026-02-19,20260224,0.35/0.15,25781.15,5.24,25900,25700,26100,25450,0.371,-0.368,0.159,-0.159,98.45000457763672,-53.39998817443848,1.6500015258789062,-59.35000705718994,200,250,72.1500015258789,80.80000305175781,24.200000762939453,30.299999237060547,24.5,246.8999938964844,12.149999618530272,107.4000015258789,,,,28.65,89.8,118.45,28.649993896484375,89.80000305175781,1,51.05,122.65,173.7,51.04999542236328,122.6500015258789,1,28.65,89.8,118.45,28.649993896484375,89.80000305175781,1,51.05,122.65,173.7,51.04999542236328,122.6500015258789,1,,,,,,,,,,2026,198.70813241301934,589.1985332339182,-40049.99113082886,-40837.897796475794,113662.49656677246
2026-02-19,20260224,0.25/0.1,25781.15,5.24,26000,25600,26200,25300,0.25,-0.265,0.1,-0.1,62.80000114440918,-61.85000038146973,2.0500011444091797,-70.5999927520752,200,300,42.45000076293945,53.75,14.350000381469728,19.049999237060547,16.899999618530273,180.8000030517578,9.899999618530272,63.150001525878906,,,,20.05,59.95,80.0,20.049999237060547,59.95000076293945,1,38.25,85.9,124.15,38.25,85.9000015258789,1,20.05,59.95,80.0,20.049999237060547,59.95000076293945,1,38.25,85.9,124.15,38.25,85.9000015258789,1,,,,,,,,,,2026,150.0,447.17781673016833,-46387.500286102295,-46984.67810283246,177899.99914169312
2026-02-19,20260224,0.25/0.05,25781.15,5.24,26000,25600,26400,25000,0.25,-0.265,0.047,-0.05,78.75000047683716,-86.45000267028809,2.500001907348633,-100.74999284744264,400,600,42.45000076293945,53.75,6.849999904632568,10.600000381469728,16.899999618530273,180.8000030517578,7.099999904632568,25.399999618530273,,,,20.05,59.95,80.0,20.049999237060547,59.95000076293945,1,38.25,85.9,124.15,38.25,85.9000015258789,1,20.05,59.95,80.0,20.049999237060547,59.95000076293945,1,38.25,85.9,124.15,38.25,85.9000015258789,1,,,,,,,,,,2026,150.0,398.5905494785361,-64837.502002716064,-65386.0925521946,390937.49964237213
2026-02-20,20260224,0.35/0.15,25487.5,4.24,25650,25400,25850,25100,0.323,-0.375,0.151,-0.154,94.95000076293944,-11.049999237060549,0.299997329711914,-18.850000381469727,200,300,64.0,89.25,25.450000762939453,32.849998474121094,122.0,54.5,44.75,25.75,11.6,80.55,92.15,3.8,89.0,92.8,15.400001525878906,169.5500030517578,2,11.0,61.35,72.35,10.650001525878906,171.04999542236328,2,-8.95,97.85,88.9,2.6500015258789062,178.4000015258789,2,,,,-0.3499984741210937,109.6999969482422,1,-0.35,109.7,109.35,11.6,80.55,92.15,-0.35,109.7,109.35,2026,724.2101477977085,506.4880077672596,-8287.499427795412,-9518.19758336038,153787.4994277954
2026-02-20,20260224,0.25/0.1,25487.5,4.24,25700,25250,25950,24900,0.268,-0.24,0.104,-0.094,64.25,-24.050003051757812,0.0,-35.94999694824219,250,350,49.95000076293945,52.349998474121094,17.149999618530273,20.899999618530273,97.3000030517578,36.0,26.75,18.25,34.4,64.25,98.65,-2.4,53.75,51.35,32.0,118.0,2,6.2,39.45,45.65,5.299999237060547,128.5000038146973,2,-2.4,53.75,51.35,32.0,118.0,2,,,,-0.9000015258789062,89.05000305175781,1,-0.9,89.05,88.15,34.4,64.25,98.65,-0.9,89.05,88.15,2026,541.9310690231812,403.60884553544236,-18037.50228881836,-18983.042203376983,214312.5
2026-02-20,20260224,0.25/0.05,25487.5,4.24,25700,25250,26200,24550,0.268,-0.24,0.047,-0.051,81.64999961853027,-31.300003051757812,0.0,-50.64999771118164,500,700,49.95000076293945,52.349998474121094,7.75,12.899999618530272,97.3000030517578,36.0,8.850000381469727,11.5,34.4,64.25,98.65,-2.4,53.75,51.35,32.0,118.0,2,6.2,39.45,45.65,5.299999237060547,128.5000038146973,2,-2.4,53.75,51.35,32.0,118.0,2,,,,-0.9000015258789062,89.05000305175781,1,-0.9,89.05,88.15,34.4,64.25,98.65,-0.9,89.05,88.15,2026,454.76604266689844,371.4704087957019,-23475.00228881836,-24301.23874028096,463762.5002861023
2026-02-23,20260224,0.35/0.15,25736.5,1.24,25850,25650,26000,25400,0.339,-0.36,0.159,-0.14,77.89999961853027,10.549999237060549,10.549999237060549,-13.65000343322754,150,250,57.599998474121094,64.4000015258789,21.200000762939453,22.899999618530273,31.799999237060547,65.5,10.399999618530272,19.549999237060547,-7.05,36.35,29.3,-7.8,73.4,65.6,-14.85000228881836,109.75,2,-2.65,79.2,76.55,-10.04999542236328,112.14999771118164,2,-7.8,73.4,65.6,-7.8000030517578125,73.4000015258789,1,-2.65,79.2,76.55,-2.649993896484375,79.19999694824219,1,-7.4,32.95,25.55,,,,,,,2026,469.85828739827326,398.44473407696154,7912.499427795411,7044.196406320177,129075.0002861023
2026-02-23,20260224,0.25/0.1,25736.5,1.24,25900,25550,26100,25300,0.269,-0.245,0.088,-0.099,55.49999809265137,14.299996376037598,14.549996376037598,-5.600002288818359,200,250,41.599998474121094,41.04999923706055,10.649999618530272,16.5,21.950000762939453,38.400001525878906,5.300000190734863,13.850000381469728,-8.0,26.0,18.0,13.65,46.7,60.35,5.649997711181641,72.70000076293945,2,-1.7,48.75,47.05,-6.950000762939453,72.10000038146973,2,13.65,46.7,60.35,13.64999771118164,46.70000076293945,1,-1.7,48.75,47.05,-1.7000007629394531,48.75,1,-5.25,23.35,18.1,,,,,,,2026,344.637115271414,326.80986596559865,10724.997282028198,10053.550300791185,145875.00143051147
2026-02-23,20260224,0.25/0.05,25736.5,1.24,25900,25550,26200,25000,0.269,-0.245,0.052,-0.048,67.59999752044678,18.749995470046997,18.849998474121097,-10.200003147125244,300,550,41.599998474121094,41.04999923706055,6.050000190734863,9.0,21.950000762939453,38.400001525878906,3.950000047683716,7.550000190734863,-8.0,26.0,18.0,13.65,46.7,60.35,5.649997711181641,72.70000076293945,2,-1.7,48.75,47.05,-6.950000762939453,72.10000038146973,2,13.65,46.7,60.35,13.64999771118164,46.70000076293945,1,-1.7,48.75,47.05,-1.7000007629394531,48.75,1,-5.25,23.35,18.1,,,,,,,2026,339.2909578169245,314.5724371783132,14062.496602535248,13408.633207540011,361800.0018596649
2026-02-24,20260302,0.35/0.15,25504.7,6.24,25700,25350,26000,25000,0.366,-0.349,0.158,-0.156,150.4000015258789,9.000009536743164,9.000009536743164,-5.849998474121094,300,350,117.5500030517578,115.0,37.650001525878906,44.5,83.5999984741211,134.89999389648438,25.149999618530273,51.95000076293945,-10.0,121.55,111.55,4.1,116.8,120.9,-5.9000091552734375,238.3500061035156,2,-14.6,129.3,114.7,-22.70000457763672,237.5500030517578,2,4.1,116.8,120.9,-5.9000091552734375,238.3500061035156,2,-14.6,129.3,114.7,-14.600006103515623,129.3000030517578,1,-8.1,108.25,100.15,-10.0,121.55,111.55,,,,2026,324.2723549045828,620.2452792455816,6750.007152557373,5805.489518407208,149699.99885559082
2026-02-24,20260302,0.25/0.1,25504.7,6.24,25850,25200,26150,24800,0.251,-0.251,0.094,-0.097,99.29999923706056,6.649995803833008,8.300004005432129,-9.799999237060549,300,400,69.0,76.75,19.950000762939453,26.5,46.25,89.80000305175781,13.350000381469728,30.049999237060547,-7.15,61.7,54.55,-1.5,79.0,77.5,-8.64999771118164,140.70000076293945,2,-9.65,85.45,75.8,-14.449993133544922,145.89999771118164,2,-1.5,79.0,77.5,-1.5,79.0,1,-9.65,85.45,75.8,-9.649993896484377,85.44999694824219,1,-4.8,60.45,55.65,,,,,,,2026,337.4568170519448,451.9594729573126,4987.496852874756,4198.080562865498,225525.0005722046
2026-02-24,20260302,0.25/0.05,25504.7,6.24,25850,25200,26350,24500,0.251,-0.251,0.049,-0.052,121.69999980926514,7.349996566772461,10.45000457763672,-16.350000381469727,500,700,69.0,76.75,9.800000190734863,14.25,46.25,89.80000305175781,6.800000190734863,14.899999618530272,-7.15,61.7,54.55,-1.5,79.0,77.5,-8.64999771118164,140.70000076293945,2,-9.65,85.45,75.8,-14.449993133544922,145.89999771118164,2,-1.5,79.0,77.5,-1.5,79.0,1,-9.65,85.45,75.8,-9.649993896484377,85.44999694824219,1,-4.8,60.45,55.65,,,,,,,2026,312.02035240664634,421.274618417202,5512.497425079346,4779.202454255497,433725.00014305115
2026-02-25,20260302,0.35/0.15,25572.4,5.24,25750,25450,26000,25150,0.339,-0.34,0.14,-0.145,104.85000038146973,-5.450002670288086,5.099994659423828,-16.300006866455078,250,300,80.9000015258789,82.25,26.100000381469727,32.20000076293945,53.95000076293945,117.0500030517578,16.75,43.95000076293945,16.6,90.35,106.95,36.95,68.85,105.8,53.55000305175781,159.1999969482422,2,-2.05,67.6,65.55,-7.499996185302734,121.5999984741211,2,15.75,90.05,105.8,32.349998474121094,180.4000015258789,2,28.85,99.15,128.0,28.849998474121097,99.1500015258789,1,-5.45,54.0,48.55,16.6,90.35,106.95,,,,2026,303.76285474830445,504.7365044386492,-4087.5020027160645,-4896.001361903018,146362.4997138977
2026-02-25,20260302,0.25/0.1,25572.4,5.24,25850,25350,26100,25000,0.244,-0.256,0.095,-0.1,71.45000267028809,-7.299995422363281,5.950003623962402,-18.999995231628414,250,350,51.650001525878906,59.20000076293945,16.799999237060547,22.600000381469727,33.45000076293945,84.69999694824219,10.850000381469728,28.549999237060547,8.5,57.9,66.4,22.15,52.25,74.4,30.650001525878903,110.1500015258789,2,-1.4,47.85,46.45,-4.549995422363281,81.69999694824219,2,10.5,63.9,74.4,19.0,121.8000030517578,2,22.6,70.7,93.3,22.600006103515625,70.69999694824219,1,-3.15,33.85,30.7,8.5,57.9,66.4,,,,2026,194.8192023930118,402.08956502985575,-5474.996566772461,-6071.905334195328,208912.49799728394
2026-02-25,20260302,0.25/0.05,25572.4,5.24,25850,25350,26300,24650,0.244,-0.256,0.049,-0.05,89.90000247955322,-10.099994659423828,8.750003337860107,-27.04999589920044,450,700,51.650001525878906,59.20000076293945,8.5,12.449999809265137,33.45000076293945,84.69999694824219,5.550000190734863,12.600000381469728,8.5,57.9,66.4,22.15,52.25,74.4,30.650001525878903,110.1500015258789,2,-1.4,47.85,46.45,-4.549995422363281,81.69999694824219,2,10.5,63.9,74.4,19.0,121.8000030517578,2,22.6,70.7,93.3,22.600006103515625,70.69999694824219,1,-3.15,33.85,30.7,8.5,57.9,66.4,,,,2026,198.82712954814565,373.2185187602644,-7574.995994567871,-8147.041642876281,457574.9981403351
2026-02-26,20260302,0.35/0.15,25564.5,4.24,25700,25450,25900,25200,0.36,-0.34,0.165,-0.157,93.04999732971191,7.649993896484375,7.649997711181641,-17.350003242492676,200,250,77.44999694824219,75.5999984741211,27.899999618530273,32.099998474121094,48.75,81.80000305175781,16.600000381469727,28.549999237060547,-2.3,74.3,72.0,-0.2,82.55,82.35,-2.5000076293945312,156.85000610351562,2,-18.4,88.75,70.35,-13.849998474121094,128.8499984741211,2,-0.2,82.55,82.35,-5.750007629394531,160.10000610351562,2,-18.4,88.75,70.35,-18.400001525878903,88.75,1,4.55,40.1,44.65,-5.55,77.55,72.0,,,,2026,383.3577680093247,464.320158228548,5737.495422363281,4889.817496125408,117712.50200271606
2026-02-26,20260302,0.25/0.1,25564.5,4.24,25800,25350,26000,25050,0.251,-0.25,0.107,-0.103,61.80000114440918,7.750001907348633,9.150004386901855,-20.59999942779541,200,300,47.150001525878906,52.849998474121094,16.899999618530273,21.299999237060547,28.399999618530273,53.54999923706055,10.600000381469728,17.299999237060547,-6.3,45.9,39.6,-4.45,58.35,53.9,-10.75,104.25,2,-13.55,61.65,48.1,-11.40000343322754,86.10000228881836,2,-4.45,58.35,53.9,-14.449996948242188,107.04999923706056,2,-13.55,61.65,48.1,-13.550003051757812,61.650001525878906,1,2.15,24.45,26.6,-10.0,48.7,38.7,,,,2026,279.6279281428792,365.6448640953893,5812.501430511475,5167.228638273205,178649.99914169312
2026-02-26,20260302,0.25/0.05,25564.5,4.24,25800,25350,26200,24700,0.251,-0.25,0.048,-0.048,82.0499997138977,13.150001049041748,13.900002002716064,-27.550002098083496,400,650,47.150001525878906,52.849998474121094,7.150000095367432,10.800000190734863,28.399999618530273,53.54999923706055,5.0,8.050000190734863,-6.3,45.9,39.6,-4.45,58.35,53.9,-10.75,104.25,2,-13.55,61.65,48.1,-11.40000343322754,86.10000228881836,2,-4.45,58.35,53.9,-14.449996948242188,107.04999923706056,2,-13.55,61.65,48.1,-13.550003051757812,61.650001525878906,1,2.15,24.45,26.6,-10.0,48.7,38.7,,,,2026,228.93449616772529,342.98381513823676,9862.500786781311,9290.582475475348,425962.5002145767
2026-02-27,20260302,0.35/0.15,25354.95,3.24,25450,25250,25650,25050,0.383,-0.341,0.159,-0.16,87.85000419616699,4.500001907348633,13.200006484985352,-3.3500003814697266,200,200,70.4000015258789,68.05000305175781,22.950000762939453,27.649999618530273,31.399999618530273,101.4000015258789,11.850000381469728,37.599998474121094,-10.0,64.9,54.9,-1.85,76.0,74.15,-11.849998474121094,140.9000015258789,2,-12.55,94.55,82.0,-19.350006103515625,148.95000457763672,2,-1.85,76.0,74.15,-1.8499984741210935,76.0,1,-12.55,94.55,82.0,-12.550003051757812,94.5500030517578,1,-6.8,54.4,47.6,,,,,,,2026,1016.8231109912936,450.93186232298564,3375.0014305114746,1907.2464571971955,84112.49685287476
2026-02-27,20260302,0.25/0.1,25354.95,3.24,25550,25150,25750,24900,0.252,-0.235,0.1,-0.093,53.099998474121094,0.6999969482421875,10.099998474121094,-7.050002098083496,200,250,40.04999923706055,42.54999923706055,13.699999809265137,15.800000190734863,18.899999618530273,62.150001525878906,8.100000381469727,20.549999237060547,-7.15,31.5,24.35,8.0,47.8,55.8,0.8500022888183594,79.29999923706055,2,-8.8,59.85,51.05,-12.649999618530272,89.79999923706055,2,8.0,47.8,55.8,8.000003814697266,47.79999923706055,1,-8.8,59.85,51.05,-8.799999237060547,59.849998474121094,1,-3.85,29.95,26.1,,,,,,,2026,540.4193888546123,344.66406925466345,524.9977111816406,-360.0857469276351,147675.00114440918
2026-02-27,20260302,0.25/0.05,25354.95,3.24,25550,25150,25900,24700,0.252,-0.235,0.053,-0.052,66.14999866485596,1.3499970436096191,14.049998760223389,-9.250002384185793,350,450,40.04999923706055,42.54999923706055,7.25,9.199999809265137,18.899999618530273,62.150001525878906,6.099999904632568,10.149999618530272,-7.15,31.5,24.35,8.0,47.8,55.8,0.8500022888183594,79.29999923706055,2,-8.8,59.85,51.05,-12.649999618530272,89.79999923706055,2,8.0,47.8,55.8,8.000003814697266,47.79999923706055,1,-8.8,59.85,51.05,-8.799999237060547,59.849998474121094,1,-3.85,29.95,26.1,,,,,,,2026,535.99923344556,327.045410113631,1012.4977827072144,149.45313914802335,287887.50100135803
2026-03-02,20260310,0.35/0.15,24966.3,8.24,25250,24750,25650,24150,0.356,-0.353,0.146,-0.146,214.45000076293945,3.950000762939453,13.700000762939451,-32.39999198913574,400,600,153.1999969482422,169.3000030517578,44.25,63.79999923706055,97.5500030517578,230.3999938964844,25.75,91.6999969482422,-3.7,103.7,100.0,-4.5,193.7,189.2,-8.199996948242188,297.3999938964844,2,-0.7,196.7,196.0,16.600006103515625,264.6499938964844,2,-4.5,193.7,189.2,-4.5,193.6999969482422,1,-0.7,196.7,196.0,-0.6999969482421875,196.6999969482422,1,17.3,67.95,85.25,,,,,,,2026,1205.7188355311032,804.7818671851826,2962.50057220459,951.9998694883041,289162.4994277954
2026-03-02,20260310,0.25/0.1,24966.3,8.24,25450,24500,25800,23900,0.239,-0.246,0.095,-0.101,127.04999732971191,-1.4000120162963867,12.39999771118164,-35.64999771118164,350,600,85.25,111.8499984741211,26.149999618530273,43.900001525878906,51.150001525878906,155.35000610351562,15.199999809265137,62.849998474121094,-6.85,55.55,48.7,-7.95,127.4,119.45,-14.800003051757812,182.95000076293945,2,0.25,125.4,125.65,10.150001525878906,161.0,2,-7.95,127.4,119.45,-7.950004577636719,127.4000015258789,1,0.25,125.4,125.65,0.25,125.4000015258789,1,9.9,35.6,45.5,,,,,,,2026,620.4201159609655,575.3499528597044,-1050.00901222229,-2245.77908104296,354712.50200271606
2026-03-02,20260310,0.25/0.05,24966.3,8.24,25450,24500,25950,23450,0.239,-0.246,0.061,-0.053,158.64999866485596,-5.0500078201293945,16.600000381469727,-52.34999942779541,500,1050,85.25,111.8499984741211,15.449999809265137,23.0,51.150001525878906,155.35000610351562,9.399999618530272,33.400001525878906,-6.85,55.55,48.7,-7.95,127.4,119.45,-14.800003051757812,182.95000076293945,2,0.25,125.4,125.65,10.150001525878906,161.0,2,-7.95,127.4,119.45,-7.950004577636719,127.4000015258789,1,0.25,125.4,125.65,0.25,125.4000015258789,1,9.9,35.6,45.5,,,,,,,2026,618.9384791245134,527.1219457815795,-3787.505865097046,-4933.566290003139,668512.501001358
2026-03-04,20260310,0.35/0.15,24413.15,6.24,24750,24150,25150,23400,0.34,-0.359,0.157,-0.151,232.7499961853027,-21.599994659423828,9.949993133544922,-30.85000991821289,400,750,160.25,212.4499969482422,55.70000076293945,84.25,215.4499969482422,197.3999938964844,79.80000305175781,78.69999694824219,5.9,145.6,151.5,-2.0,243.3,241.3,3.899993896484375,388.90000915527344,2,-12.5,228.2,215.7,-20.050003051757812,396.5500030517578,2,-2.0,243.3,241.3,0.3000030517578125,405.8000030517578,2,-12.5,228.2,215.7,-20.050003051757812,396.5500030517578,2,-7.55,168.35,160.8,2.3,162.5,164.8,-7.55,168.35,160.8,2026,860.9564060158366,941.4508359137403,-16199.995994567871,-18002.40323649745,387937.50286102295
2026-03-04,20260310,0.25/0.1,24413.15,6.24,24950,23850,25350,23200,0.24,-0.254,0.099,-0.096,164.2000026702881,1.800008773803711,32.44999122619629,-8.200002670288086,400,650,97.0999984741211,144.5500030517578,31.850000381469727,45.599998474121094,135.25,135.64999389648438,45.150001525878906,63.349998474121094,11.75,86.25,98.0,-3.05,164.45,161.4,8.699996948242188,250.6999969482422,2,-8.3,153.9,145.6,-12.699989318847656,253.3999938964844,2,-3.05,164.45,161.4,-5.950004577636719,265.3499984741211,2,-8.3,153.9,145.6,-12.699989318847656,253.3999938964844,2,-4.4,99.5,95.1,-2.9,100.9,98.0,-4.4,99.5,95.1,2026,527.5890789379456,679.5052359270238,1350.0065803527832,142.91226548781378,364349.99799728394
2026-03-04,20260310,0.25/0.05,24413.15,6.24,24950,23850,25650,23150,0.24,-0.254,0.049,-0.065,202.20000076293945,-21.24999237060547,18.900007247924805,-33.94999694824219,700,700,97.0999984741211,144.5500030517578,14.100000381469728,25.350000381469727,135.25,135.64999389648438,18.950000762939453,28.5,11.75,86.25,98.0,-3.05,164.45,161.4,8.699996948242188,250.6999969482422,2,-8.3,153.9,145.6,-12.699989318847656,253.3999938964844,2,-3.05,164.45,161.4,-5.950004577636719,265.3499984741211,2,-8.3,153.9,145.6,-12.699989318847656,253.3999938964844,2,-4.4,99.5,95.1,-2.9,100.9,98.0,-4.4,99.5,95.1,2026,517.288478665101,601.6297466091537,-15937.494277954102,-17056.412503228355,373349.9994277954
2026-03-05,20260310,0.35/0.15,24601.0,5.24,24850,24400,25200,23850,0.342,-0.361,0.144,-0.155,182.00000762939453,-7.25,19.50000762939453,-18.949996948242188,350,550,120.8000030517578,164.5500030517578,38.650001525878906,64.69999694824219,197.6000061035156,86.80000305175781,59.70000076293945,35.45000076293945,11.7,117.05,128.75,19.95,154.7,174.65,31.649993896484375,271.75,2,-6.6,157.05,150.45,-10.600006103515623,285.5,2,7.1,167.55,174.65,14.899993896484377,288.5,2,-14.45,169.9,155.45,-18.449996948242188,298.34999084472656,2,-4.0,128.45,124.45,7.8,120.95,128.75,-4.0,128.45,124.45,2026,375.6534134716576,725.1482010801926,-5437.5,-6538.30161455185,275999.9942779541
2026-03-05,20260310,0.25/0.1,24601.0,5.24,25000,24150,25350,23550,0.244,-0.247,0.095,-0.098,117.04999923706056,-6.600004196166992,19.650001525878903,-18.600004196166992,350,600,75.44999694824219,106.0,23.799999237060547,40.599998474121094,123.1500015258789,56.150001525878906,33.04999923706055,22.600000381469727,3.5,71.7,75.2,8.3,101.3,109.6,11.79999542236328,173.0,2,-4.25,99.9,95.65,-7.400001525878906,177.9000015258789,2,1.1,108.5,109.6,0.3499984741210937,184.4499969482422,2,-10.2,109.15,98.95,-13.350006103515623,187.1500015258789,2,-3.15,78.0,74.85,-0.75,75.95,75.2,-3.15,78.0,74.85,2026,240.5888544868622,523.7167470002355,-4950.003147125244,-5714.308748612342,362212.5005722046
2026-03-05,20260310,0.25/0.05,24601.0,5.24,25000,24150,25600,23100,0.244,-0.247,0.049,-0.051,148.7999973297119,-5.650006294250488,28.550000190734863,-21.100004196166992,600,1050,75.44999694824219,106.0,11.5,21.149999618530273,123.1500015258789,56.150001525878906,12.649999618530272,12.199999809265137,3.5,71.7,75.2,8.3,101.3,109.6,11.79999542236328,173.0,2,-4.25,99.9,95.65,-7.400001525878906,177.9000015258789,2,1.1,108.5,109.6,0.3499984741210937,184.4499969482422,2,-10.2,109.15,98.95,-13.350006103515623,187.1500015258789,2,-3.15,78.0,74.85,-0.75,75.95,75.2,-3.15,78.0,74.85,2026,240.5888544868622,480.17876241639186,-4237.504720687866,-4958.27233759112,675900.0020027161
2026-03-06,20260310,0.35/0.15,24678.1,4.24,24900,24450,25200,24000,0.342,-0.335,0.149,-0.146,155.70000076293945,-22.699996948242188,8.299993515014648,-26.099998474121097,300,450,109.4000015258789,134.25,36.20000076293945,51.75,72.44999694824219,225.8000030517578,23.549999237060547,96.3000030517578,-5.5,105.6,100.1,-10.0,148.9,138.9,-15.5,254.49999237060547,2,-7.4,159.15,151.75,-8.649993896484375,241.9499969482422,2,-10.0,148.9,138.9,-19.800003051757812,258.7999954223633,2,-7.4,159.15,151.75,-7.399993896484375,159.14999389648438,1,-1.25,82.8,81.55,-9.8,109.9,100.1,,,,2026,1083.9415283668234,706.5140316716346,-17024.99771118164,-18815.4532712201,220724.9994277954
2026-03-06,20260310,0.25/0.1,24678.1,4.24,25050,24300,25300,23800,0.234,-0.257,0.108,-0.101,102.20000076293944,-28.550003051757812,6.500005722045898,-33.19999694824219,250,500,64.55000305175781,97.4499969482422,24.75,35.04999923706055,41.849998474121094,170.0500030517578,16.049999237060547,65.0999984741211,-6.75,61.85,55.1,-10.0,107.35,97.35,-16.75,169.1999969482422,2,-5.4,114.2,108.8,-5.349994659423828,161.3499984741211,2,-10.0,107.35,97.35,-10.0,107.3499984741211,1,-5.4,114.2,108.8,-5.399993896484375,114.1999969482422,1,0.05,47.15,47.2,,,,,,,2026,711.1408053602064,539.6210814944038,-21412.50228881836,-22663.264175672968,298349.9994277954
2026-03-06,20260310,0.25/0.05,24678.1,4.24,25050,24300,25550,23400,0.234,-0.257,0.049,-0.051,133.75,-41.150002002716064,10.55000352859497,-47.99999475479126,500,900,64.55000305175781,97.4499969482422,10.25,18.0,41.849998474121094,170.0500030517578,7.099999904632568,29.899999618530273,-6.75,61.85,55.1,-10.0,107.35,97.35,-16.75,169.1999969482422,2,-5.4,114.2,108.8,-5.349994659423828,161.3499984741211,2,-10.0,107.35,97.35,-10.0,107.3499984741211,1,-5.4,114.2,108.8,-5.399993896484375,114.1999969482422,1,0.05,47.15,47.2,,,,,,,2026,602.9235432946625,481.92856833249397,-30862.50150203705,-31947.353613664203,574687.5
2026-03-09,20260310,0.35/0.15,23716.95,1.24,23950,23500,24300,23050,0.348,-0.347,0.153,-0.147,174.50000762939453,-17.549991607666016,17.100013732910156,-27.949996948242188,350,450,129.60000610351562,138.8000030517578,43.45000076293945,50.45000076293945,226.6999969482422,57.95000076293945,73.0999984741211,19.5,1.2,151.8,153.0,1.1,94.9,96.0,2.2999954223632812,246.70000457763672,2,,,,3.5500030517578125,166.0,1,,,,1.1999969482421875,151.8000030517578,1,,,,3.5500030517578125,166.0,1,3.55,166.0,169.55,1.2,151.8,153.0,3.55,166.0,169.55,2026,1628.6987256234802,701.2663563950482,-13162.493705749512,-15492.45878776804,206624.9942779541
2026-03-09,20260310,0.25/0.1,23716.95,1.24,24100,23300,24450,23000,0.253,-0.241,0.103,-0.133,99.149995803833,-24.349998474121097,11.549997329711914,-36.75000190734863,350,300,82.75,88.94999694824219,27.399999618530273,45.150001525878906,146.64999389648438,35.150001525878906,40.95000076293945,17.350000381469727,-3.8,97.45,93.65,-4.75,62.3,57.55,-8.549991607666016,159.7499961853027,2,,,,3.4000015258789062,102.5999984741211,1,,,,-3.7999954223632817,97.4499969482422,1,,,,3.4000015258789062,102.5999984741211,1,3.4,102.6,106.0,-3.8,97.45,93.65,3.4,102.6,106.0,2026,1062.6463384303447,519.7507777332211,-18262.498855590824,-19844.89597175439,188137.50314712524
2026-03-09,20260310,0.25/0.05,23716.95,1.24,24100,23300,24750,23000,0.253,-0.241,0.049,-0.133,114.19999504089355,-36.64999961853027,14.049993515014648,-57.60000991821289,650,300,82.75,88.94999694824219,12.350000381469728,45.150001525878906,146.64999389648438,35.150001525878906,13.600000381469728,17.350000381469727,-3.8,97.45,93.65,-4.75,62.3,57.55,-8.549991607666016,159.7499961853027,2,,,,3.4000015258789062,102.5999984741211,1,,,,-3.7999954223632817,97.4499969482422,1,,,,3.4000015258789062,102.5999984741211,1,3.4,102.6,106.0,-3.8,97.45,93.65,3.4,102.6,106.0,2026,966.8029781069692,485.529851384572,-27487.499713897705,-28939.83254338925,401850.00371932983
2026-03-10,20260317,0.35/0.15,24138.35,7.24,24500,23850,24900,23200,0.338,-0.347,0.158,-0.151,234.95000457763672,27.700000762939453,27.700000762939453,-3.849987030029297,400,650,167.10000610351562,203.75,57.599998474121094,78.30000305175781,172.60000610351562,131.6999969482422,52.25,44.79999923706055,5.6,167.4,173.0,-8.1,173.0,164.9,-2.5,340.3999938964844,2,-3.0,172.95,169.95,-12.899993896484377,357.59999084472656,2,,,,5.600006103515625,167.39999389648438,1,,,,-9.899993896484377,184.6499938964844,1,-9.9,184.65,174.75,5.6,167.4,173.0,-9.9,184.65,174.75,2026,813.8287918712095,835.9765937858944,20775.00057220459,19125.195186547488,311287.49656677246
2026-03-10,20260317,0.25/0.1,24138.35,7.24,24700,23600,25100,22900,0.24,-0.255,0.098,-0.101,159.2500038146973,27.349998474121097,27.349998474121097,-5.400001525878906,400,700,101.3000030517578,140.75,32.04999923706055,50.75,99.8000030517578,86.05000305175781,25.600000381469727,28.350000381469727,-1.2,102.2,101.0,-9.55,116.95,107.4,-10.749992370605469,219.1499938964844,2,-1.6,115.0,113.4,-8.0,228.0,2,,,,-1.1999969482421875,102.1999969482422,1,,,,-6.400001525878906,113.0,1,-6.4,113.0,106.6,-1.2,102.2,101.0,-6.4,113.0,106.6,2026,595.2233551911785,594.8931744430771,20512.498855590824,19322.38232595657,405562.49713897705
2026-03-10,20260317,0.25/0.05,24138.35,7.24,24700,23600,25250,22300,0.24,-0.255,0.068,-0.046,198.70000457763672,40.79999828338623,40.79999828338623,-6.5500030517578125,550,1300,101.3000030517578,140.75,20.799999237060547,22.549999237060547,99.8000030517578,86.05000305175781,15.050000190734863,12.899999618530272,-1.2,102.2,101.0,-9.55,116.95,107.4,-10.749992370605469,219.1499938964844,2,-1.6,115.0,113.4,-8.0,228.0,2,,,,-1.1999969482421875,102.1999969482422,1,,,,-6.400001525878906,113.0,1,-6.4,113.0,106.6,-1.2,102.2,101.0,-6.4,113.0,106.6,2026,483.64500947384477,553.8674941943632,30599.998712539673,29562.48620887146,825974.9965667725
2026-03-11,20260317,0.35/0.15,24199.15,6.24,24450,23950,24850,23450,0.36,-0.337,0.147,-0.154,193.25,-40.85001564025879,0.0,-49.55000686645508,400,500,145.75,155.0500030517578,43.400001525878906,64.1500015258789,92.0500030517578,315.1000061035156,29.649999618530273,143.39999389648438,-8.15,132.35,124.2,-2.25,178.6,176.35,-10.400009155273438,310.95001220703125,2,2.5,212.3,214.8,2.5,212.3000030517578,1,-2.25,178.6,176.35,-2.25,178.60000610351562,1,2.5,212.3,214.8,2.5,212.3000030517578,1,,,,,,,,,,2026,1289.6131839242935,867.4832734913415,-30637.51173019409,-32794.60818760973,230062.5
2026-03-11,20260317,0.25/0.1,24199.15,6.24,24650,23750,25000,23200,0.24,-0.248,0.099,-0.104,120.6500015258789,-48.69999313354492,0.0,-58.94999313354492,350,550,81.8499984741211,108.3000030517578,27.200000762939453,42.29999923706055,52.650001525878906,231.3999938964844,19.700000762939453,95.0,-9.2,68.5,59.3,-4.25,125.05,120.8,-13.449996948242188,193.5500030517578,2,2.2,151.25,153.45,2.1999969482421875,151.25,1,-4.25,125.05,120.8,-4.25,125.0500030517578,1,2.2,151.25,153.45,2.1999969482421875,151.25,1,,,,,,,,,,2026,929.1417865098349,633.0026850918941,-36524.99485015869,-38087.13932176042,322012.4988555908
2026-03-11,20260317,0.25/0.05,24199.15,6.24,24650,23750,25250,22700,0.24,-0.248,0.051,-0.049,157.45000171661377,-73.59999179840088,0.0,-87.69999408721924,600,1050,81.8499984741211,108.3000030517578,12.800000190734863,19.899999618530273,52.650001525878906,231.3999938964844,10.600000381469728,42.400001525878906,-9.2,68.5,59.3,-4.25,125.05,120.8,-13.449996948242188,193.5500030517578,2,2.2,151.25,153.45,2.1999969482421875,151.25,1,-4.25,125.05,120.8,-4.25,125.0500030517578,1,2.2,151.25,153.45,2.1999969482421875,151.25,1,,,,,,,,,,2026,799.9505130723203,554.8401244966274,-55199.99384880066,-56554.78448636961,669412.4987125397
2026-03-12,20260317,0.35/0.15,23612.75,5.24,23900,23350,24350,22750,0.355,-0.347,0.15,-0.149,221.6499938964844,26.34999084472656,30.600006103515625,-8.100013732910156,450,600,161.64999389648438,180.5,51.400001525878906,69.0999984741211,136.0,142.3000030517578,37.70000076293945,45.29999923706055,3.35,172.65,176.0,-8.4,173.3,164.9,-5.0500030517578125,345.9499969482422,2,-11.05,125.85,114.8,-31.349998474121097,321.3499984741211,2,-9.2,180.65,171.45,-5.8499908447265625,353.29998779296875,2,,,,-20.300003051757812,195.5,1,-20.3,195.5,175.2,3.35,172.65,176.0,-20.3,195.5,175.2,2026,1700.0908727800368,776.4479402537308,19762.49313354492,17285.954320511148,283762.5045776367
2026-03-12,20260317,0.25/0.1,23612.75,5.24,24100,23100,24550,22500,0.25,-0.246,0.098,-0.103,140.5999984741211,24.89999771118164,27.499998092651367,-7.5500030517578125,450,600,98.3499984741211,120.25,31.25,46.75,78.0,87.75,21.549999237060547,28.5,-2.55,106.5,103.95,-6.85,114.8,107.95,-9.400009155273438,221.3000030517578,2,-8.15,78.35,70.2,-21.850006103515625,199.5,2,,,,-2.5500030517578125,106.5,1,,,,-13.70000457763672,121.1500015258789,1,-13.7,121.15,107.45,-2.55,106.5,103.95,-13.7,121.15,107.45,2026,1459.299019878949,557.3446587616635,18674.99828338623,16658.35460474562,344550.0011444092
2026-03-12,20260317,0.25/0.05,23612.75,5.24,24100,23100,24850,22050,0.25,-0.246,0.051,-0.056,177.89999771118164,36.549997329711914,39.44999694824219,-8.850008010864258,750,1050,98.3499984741211,120.25,15.350000381469728,25.350000381469727,78.0,87.75,9.899999618530272,14.5,-2.55,106.5,103.95,-6.85,114.8,107.95,-9.400009155273438,221.3000030517578,2,-8.15,78.35,70.2,-21.850006103515625,199.5,2,,,,-2.5500030517578125,106.5,1,,,,-13.70000457763672,121.1500015258789,1,-13.7,121.15,107.45,-2.55,106.5,103.95,-13.7,121.15,107.45,2026,1195.845592422128,517.4181692007934,27412.497997283936,25699.234235661013,654075.0017166138
2026-03-13,20260317,0.35/0.15,23415.5,4.24,23650,23200,24050,22750,0.357,-0.346,0.146,-0.15,184.3000030517578,-16.599985122680664,2.3999977111816406,-39.19999313354492,400,450,136.5500030517578,143.3000030517578,42.400001525878906,53.150001525878906,78.44999694824219,251.6499938964844,26.399999618530273,102.8000030517578,-8.65,119.75,111.1,-4.65,176.6,171.95,-13.300010681152344,296.3500061035156,2,26.4,206.45,232.85,17.150009155273438,337.8999938964844,2,-4.65,176.6,171.95,-13.25,313.25,2,26.4,206.45,232.85,26.40000915527344,206.4499969482422,1,-9.25,131.45,122.2,-8.6,136.65,128.05,,,,2026,948.8426953079811,768.3668271350335,-12449.988842010498,-14167.198364453514,199274.99771118164
2026-03-13,20260317,0.25/0.1,23415.5,4.24,23800,23000,24200,22550,0.264,-0.243,0.101,-0.1,120.29999732971191,-17.800004959106445,2.950002670288086,-36.449995040893555,400,450,89.25,92.9499969482422,27.899999618530273,34.0,51.349998474121094,172.10000610351562,18.299999237060547,67.05000305175781,0.4,80.1,80.5,-5.85,117.15,111.3,-5.4499969482421875,197.25,2,22.4,137.2,159.6,16.250015258789062,223.1499938964844,2,-5.85,117.15,111.3,-15.199996948242188,207.0,2,22.4,137.2,159.6,22.40000915527344,137.1999969482422,1,-6.15,85.95,79.8,-9.35,89.85,80.5,,,,2026,716.6982801983751,570.2263445547933,-13350.003719329834,-14636.928344083004,247275.00200271606
2026-03-13,20260317,0.25/0.05,23415.5,4.24,23800,23000,24500,22200,0.264,-0.243,0.049,-0.05,152.89999675750732,-28.500006675720215,2.950000762939453,-55.14999675750733,700,800,89.25,92.9499969482422,12.800000190734863,16.5,51.349998474121094,172.10000610351562,9.350000381469728,32.70000076293945,0.4,80.1,80.5,-5.85,117.15,111.3,-5.4499969482421875,197.25,2,22.4,137.2,159.6,16.250015258789062,223.1499938964844,2,-5.85,117.15,111.3,-15.199996948242188,207.0,2,22.4,137.2,159.6,22.40000915527344,137.1999969482422,1,-6.15,85.95,79.8,-9.35,89.85,80.5,,,,2026,617.9277547815245,513.0846380789304,-21375.00500679016,-22506.017399650616,485325.0024318695
2026-03-16,20260317,0.35/0.15,23268.45,1.24,23450,23100,23750,22800,0.347,-0.346,0.141,-0.16,133.7999973297119,-1.7500057220458984,17.99999237060547,-25.89999771118164,300,300,100.9499969482422,105.25,31.149999618530273,41.25,132.35000610351562,66.5999984741211,36.20000076293945,27.200000762939453,36.25,45.25,81.5,7.5,150.65,158.15,43.75,195.8999938964844,2,-11.0,233.7,222.7,-19.900001525878903,311.9499969482422,2,7.5,150.65,158.15,-3.699996948242187,266.34999084472656,2,-11.0,233.7,222.7,-12.849998474121094,349.3999938964844,2,-8.9,78.25,69.35,-11.2,115.7,104.5,-1.85,115.7,113.85,2026,568.2716474304243,567.6807040170145,-1312.5042915344238,-2448.4566429818624,124650.00200271606
2026-03-16,20260317,0.25/0.1,23268.45,1.24,23550,22950,23850,22650,0.266,-0.24,0.101,-0.107,88.29999923706055,-2.4000015258789062,16.249998092651367,-24.70000267028809,300,300,69.3499984741211,66.6500015258789,21.200000762939453,26.5,90.0,42.45000076293945,23.450000762939453,18.299999237060547,23.25,30.6,53.85,29.5,98.9,128.4,52.74999046325683,129.50000190734863,2,-7.65,158.55,150.9,-13.500007629394531,210.35000228881836,2,29.5,98.9,128.4,19.49999237060547,177.75,2,-7.65,158.55,150.9,-7.300010681152344,235.4000015258789,2,-5.85,51.8,45.95,-10.0,78.85,68.85,0.35,76.85,77.2,2026,460.89081407759,439.02087196548075,-1800.0011444091797,-2699.9128304522505,158775.0005722046
2026-03-16,20260317,0.25/0.05,23268.45,1.24,23550,22950,24100,22350,0.266,-0.24,0.046,-0.05,114.75,1.149998664855957,22.44999933242798,-45.7999963760376,550,600,69.3499984741211,66.6500015258789,9.149999618530272,12.100000381469728,90.0,42.45000076293945,8.949999809265137,9.899999618530272,23.25,30.6,53.85,29.5,98.9,128.4,52.74999046325683,129.50000190734863,2,-7.65,158.55,150.9,-13.500007629394531,210.35000228881836,2,29.5,98.9,128.4,19.49999237060547,177.75,2,-7.65,158.55,150.9,-7.300010681152344,235.4000015258789,2,-5.85,51.8,45.95,-10.0,78.85,68.85,0.35,76.85,77.2,2026,453.59614674958266,405.68943267315626,862.4989986419678,3.2134192192288538,363937.5
2026-03-17,20260324,0.35/0.15,23439.65,7.24,23750,23150,24150,22550,0.342,-0.342,0.149,-0.152,217.6500129699707,13.05001449584961,14.450016021728516,-2.0999908447265625,400,600,148.0500030517578,192.8500061035156,48.29999923706055,74.94999694824219,191.4499969482422,111.5999984741211,56.099998474121094,42.349998474121094,-2.8,171.75,168.95,11.85,162.6,174.45,9.04998779296875,334.3500061035156,2,13.25,183.6,196.85,49.850006103515625,321.3000030517578,2,14.6,194.85,209.45,11.79998779296875,366.6000061035156,2,-6.25,203.1,196.85,17.550003051757812,353.6000061035156,2,36.6,137.7,174.3,-2.8,171.75,168.95,23.8,150.5,174.3,2026,207.1174777547546,800.8657727420863,9787.510871887207,8779.527621390365,286762.490272522
2026-03-17,20260324,0.25/0.1,23439.65,7.24,23900,22900,24300,22200,0.259,-0.248,0.099,-0.094,156.70000648498535,15.000005722045898,16.050012588500977,-1.3999919891357422,400,700,99.25,131.35000610351562,28.899999618530273,45.0,127.1500015258789,73.9000015258789,32.900001525878906,26.450000762939453,-1.1,117.2,116.1,5.55,108.75,114.3,4.450004577636719,225.9499969482422,2,10.0,123.05,133.05,37.400001525878906,212.4000015258789,2,1.45,138.0,139.45,0.3499984741210937,255.1999969482422,2,-3.85,136.9,133.05,10.300010681152344,239.49999237060547,2,27.4,89.35,116.75,-1.1,117.2,116.1,14.15,102.6,116.75,2026,150.0,590.5762597926588,11250.004291534424,10509.428031741765,407474.995136261
2026-03-17,20260324,0.25/0.05,23439.65,7.24,23900,22900,24550,21750,0.259,-0.248,0.051,-0.051,193.1000051498413,19.70000267028809,22.40001106262207,-3.049997329711914,650,1150,99.25,131.35000610351562,13.550000190734863,23.950000762939453,127.1500015258789,73.9000015258789,12.850000381469728,14.800000190734863,-1.1,117.2,116.1,5.55,108.75,114.3,4.450004577636719,225.9499969482422,2,10.0,123.05,133.05,37.400001525878906,212.4000015258789,2,1.45,138.0,139.45,0.3499984741210937,255.1999969482422,2,-3.85,136.9,133.05,10.300010681152344,239.49999237060547,2,27.4,89.35,116.75,-1.1,117.2,116.1,14.15,102.6,116.75,2026,157.6613508041868,544.5085918649521,14775.002002716066,14072.832060046927,717674.996137619
2026-03-18,20260324,0.35/0.15,23713.2,6.24,23950,23500,24250,23000,0.342,-0.345,0.158,-0.151,158.95000076293945,-1.149993896484375,4.849998474121094,-14.14999771118164,300,500,112.6999969482422,146.0500030517578,41.04999923706055,58.75,133.89999389648438,127.0,52.0,48.79999923706055,29.1,109.9,139.0,6.1,163.35,169.45,35.199989318847656,273.25000762939453,2,-12.4,134.05,121.65,1.0999984741210938,269.0500030517578,2,6.1,163.35,169.45,30.24999237060547,278.2000045776367,2,,,,13.5,135.0,1,13.5,135.0,148.5,24.15,114.85,139.0,13.5,135.0,148.5,2026,1294.2846004869257,693.6914382425575,-862.4954223632812,-2850.4714610927645,255787.4994277954
2026-03-18,20260324,0.25/0.1,23713.2,6.24,24100,23300,24400,22750,0.239,-0.248,0.102,-0.102,104.70000839233398,-0.3999900817871094,3.3000030517578125,-13.599994659423828,300,550,69.30000305175781,99.3000030517578,24.549999237060547,39.349998474121094,84.44999694824219,84.75,31.75,32.349998474121094,33.0,68.0,101.0,2.25,111.0,113.25,35.25,179.0,2,-8.15,91.45,83.3,2.850006103515625,175.0,2,2.25,111.0,113.25,32.55000305175781,181.6999969482422,2,,,,11.0,83.55000305175781,1,11.0,83.55,94.55,30.3,70.7,101.0,11.0,83.55,94.55,2026,804.7149980585555,515.4483709724902,-299.99256134033203,-1620.1559303713777,333974.9937057495
2026-03-18,20260324,0.25/0.05,23713.2,6.24,24100,23300,24650,22250,0.239,-0.248,0.05,-0.05,137.4000062942505,-1.2999906539916992,2.5000009536743164,-22.49999713897705,550,1050,69.30000305175781,99.3000030517578,11.199999809265137,20.0,84.44999694824219,84.75,14.5,16.0,33.0,68.0,101.0,2.25,111.0,113.25,35.25,179.0,2,-8.15,91.45,83.3,2.850006103515625,175.0,2,2.25,111.0,113.25,32.55000305175781,181.6999969482422,2,,,,11.0,83.55000305175781,1,11.0,83.55,94.55,30.3,70.7,101.0,11.0,83.55,94.55,2026,723.877859849925,468.6065426568341,-974.9929904937744,-2167.4773930005335,684449.9952793121
2026-03-19,20260324,0.35/0.15,23265.25,5.24,23500,23050,23850,22500,0.349,-0.358,0.149,-0.153,188.39999771118164,-45.150001525878906,7.499996185302734,-51.54999923706055,350,550,123.3000030517578,169.39999389648438,40.349998474121094,63.95000076293945,61.79999923706055,316.5,24.25,120.5,4.85,121.6,126.45,0.95,187.0,187.95,5.799995422363281,308.5999984741211,2,-5.85,186.05,180.2,-16.100006103515625,307.75,2,0.95,187.0,187.95,-0.1500091552734375,314.5500030517578,2,-5.85,186.05,180.2,-5.850006103515625,186.0500030517578,1,-10.25,121.7,111.45,-1.1,127.55,126.45,,,,2026,1364.0348460382322,817.8612225084039,-33862.50114440918,-36044.39721295582,271200.00171661377
2026-03-19,20260324,0.25/0.1,23265.25,5.24,23650,22800,24000,22250,0.25,-0.246,0.099,-0.103,118.49999618530272,-34.64999961853027,7.699993133544922,-41.1500129699707,350,550,77.5999984741211,108.1999969482422,25.049999237060547,42.25,40.29999923706055,205.8999938964844,17.600000381469727,75.44999694824219,-0.75,76.5,75.75,-4.85,119.85,115.0,-5.599998474121094,196.3499984741211,2,-4.2,115.85,111.65,-10.29999542236328,191.4499969482422,2,-4.85,119.85,115.0,-9.349998474121094,200.0999984741211,2,-4.2,115.85,111.65,-4.1999969482421875,115.8499984741211,1,-6.1,75.6,69.5,-4.5,80.25,75.75,,,,2026,944.5526762855231,591.7742996261968,-25987.499713897705,-27523.826689809423,323625.00286102295
2026-03-19,20260324,0.25/0.05,23265.25,5.24,23650,22800,24250,21750,0.25,-0.246,0.051,-0.048,153.69999504089355,-50.949997901916504,10.799992561340332,-58.30001354217529,600,1050,77.5999984741211,108.1999969482422,12.25,19.850000381469727,40.29999923706055,205.8999938964844,10.699999809265137,30.850000381469727,-0.75,76.5,75.75,-4.85,119.85,115.0,-5.599998474121094,196.3499984741211,2,-4.2,115.85,111.65,-10.29999542236328,191.4499969482422,2,-4.85,119.85,115.0,-9.349998474121094,200.0999984741211,2,-4.2,115.85,111.65,-4.1999969482421875,115.8499984741211,1,-6.1,75.6,69.5,-4.5,80.25,75.75,,,,2026,857.1333731169715,525.0185822107281,-38212.49842643738,-39594.65038176508,672225.0037193298
2026-03-20,20260324,0.35/0.15,23239.55,4.24,23500,23000,23850,22500,0.343,-0.344,0.156,-0.148,183.20000076293945,-4.100000381469727,10.000007629394531,-12.64999008178711,350,500,131.1999969482422,155.5500030517578,45.95000076293945,57.599998474121094,76.6500015258789,218.1999969482422,26.100000381469727,81.44999694824219,2.05,139.85,141.9,-8.55,164.35,155.8,-6.5000152587890625,304.20001220703125,2,45.25,144.95,190.2,25.399993896484375,304.8000030517578,2,-8.55,164.35,155.8,-6.5000152587890625,304.20001220703125,2,29.6,160.6,190.2,9.749984741210938,320.45001220703125,2,-19.85,159.85,140.0,2.05,139.85,141.9,-19.85,159.85,140.0,2026,2037.9756594343082,743.4475202320529,-3075.000286102295,-5856.423465768656,237599.9994277954
2026-03-20,20260324,0.25/0.1,23239.55,4.24,23650,22800,24000,22300,0.253,-0.249,0.104,-0.103,123.25000190734865,-3.6500015258789062,9.149999618530272,-9.69999885559082,350,500,85.69999694824219,104.8000030517578,28.399999618530273,38.849998474121094,48.099998474121094,149.3000030517578,17.149999618530273,53.349998474121094,-2.5,91.0,88.5,-9.2,111.9,102.7,-11.70000457763672,202.9000015258789,2,34.75,96.55,131.3,20.79999542236328,200.70000457763672,2,-9.2,111.9,102.7,-11.70000457763672,202.9000015258789,2,23.6,107.7,131.3,9.650001525878906,211.8499984741211,2,-13.95,104.15,90.2,-2.5,91.0,88.5,-13.95,104.15,90.2,2026,1360.8724604772347,556.2554719141826,-2737.5011444091797,-4654.6290768005965,282562.4985694885
2026-03-20,20260324,0.25/0.05,23239.55,4.24,23650,22800,24250,21900,0.253,-0.249,0.053,-0.05,158.9000005722046,-6.15000057220459,11.850006103515623,-14.600001335144045,600,900,85.69999694824219,104.8000030517578,13.199999809265137,18.399999618530273,48.099998474121094,149.3000030517578,9.100000381469728,23.25,-2.5,91.0,88.5,-9.2,111.9,102.7,-11.70000457763672,202.9000015258789,2,34.75,96.55,131.3,20.79999542236328,200.70000457763672,2,-9.2,111.9,102.7,-11.70000457763672,202.9000015258789,2,23.6,107.7,131.3,9.650001525878906,211.8499984741211,2,-13.95,104.15,90.2,-2.5,91.0,88.5,-13.95,104.15,90.2,2026,1162.27032896949,503.56982790356494,-4612.500429153442,-6278.3405860264975,555824.9995708466
2026-03-23,20260324,0.35/0.15,22696.85,1.24,22900,22500,23250,22050,0.353,-0.36,0.14,-0.15,178.95000076293945,19.299991607666016,19.299991607666016,-26.40000343322754,350,450,119.5500030517578,145.4499969482422,35.0,51.04999923706055,66.05000305175781,170.60000610351562,19.700000762939453,57.29999923706055,-9.65,94.4,84.75,-10.0,198.45,188.45,-19.650001525878903,292.8499984741211,2,-22.7,216.55,193.85,-22.699996948242188,307.8000030517578,2,-10.0,198.45,188.45,-10.0,198.4499969482422,1,-22.7,216.55,193.85,-22.699996948242188,216.5500030517578,1,0.0,91.25,91.25,,,,,,,2026,2394.8070723088285,662.1576126851444,14474.993705749512,11418.029020755539,203287.4994277954
2026-03-23,20260324,0.25/0.1,22696.85,1.24,23050,22300,23350,21850,0.247,-0.25,0.103,-0.097,109.6500015258789,12.05000114440918,13.10000228881836,-25.10000228881836,300,450,72.4000015258789,92.75,24.200000762939453,31.299999237060547,38.79999923706055,107.4000015258789,14.850000381469728,33.75,-8.4,55.1,46.7,-8.5,131.1,122.6,-16.89999771118164,186.20000457763672,2,-14.95,139.4,124.45,-15.999996185302734,195.74999237060547,2,-8.5,131.1,122.6,-8.5,131.10000610351562,1,-14.95,139.4,124.45,-14.949996948242188,139.39999389648438,1,-1.05,56.35,55.3,,,,,,,2026,1518.3308395430763,484.6527312646876,9037.500858306885,7034.517287499121,255262.49885559082
2026-03-23,20260324,0.25/0.05,22696.85,1.24,23050,22300,23600,21600,0.247,-0.25,0.049,-0.055,137.6500015258789,16.400001049041748,17.600001335144043,-33.85000228881836,550,700,72.4000015258789,92.75,10.600000381469728,16.899999618530273,38.79999923706055,107.4000015258789,7.849999904632568,17.100000381469727,-8.4,55.1,46.7,-8.5,131.1,122.6,-16.89999771118164,186.20000457763672,2,-14.95,139.4,124.45,-15.999996185302734,195.74999237060547,2,-8.5,131.1,122.6,-8.5,131.10000610351562,1,-14.95,139.4,124.45,-14.949996948242188,139.39999389648438,1,-1.05,56.35,55.3,,,,,,,2026,1295.435796457393,449.9986690880902,12300.000786781311,10554.566321235827,421762.4988555908
2026-03-24,20260330,0.35/0.15,22719.05,6.24,23100,22400,23600,21750,0.341,-0.353,0.145,-0.166,267.00000381469727,12.699993133544922,13.200016021728516,-14.449993133544922,500,650,184.1000061035156,237.0,56.95000076293945,97.1500015258789,225.6000061035156,161.5500030517578,72.19999694824219,60.650001525878906,-6.05,186.65,180.6,-3.65,242.5,238.85,-9.699981689453123,429.1499938964844,2,-0.6,252.45,251.85,-3.899993896484375,437.4499969482422,2,-3.65,242.5,238.85,-9.699981689453123,429.1499938964844,2,-0.6,252.45,251.85,-3.899993896484375,437.4499969482422,2,-3.3,185.0,181.7,-6.05,186.65,180.6,-3.3,185.0,181.7,2026,1219.929479403899,961.7851213427792,9524.994850158691,7343.280249412012,287249.99713897705
2026-03-24,20260330,0.25/0.1,22719.05,6.24,23300,22100,23750,21750,0.253,-0.254,0.105,-0.166,142.5000038146973,1.1499977111816406,9.350004196166992,-26.79999542236328,450,350,119.4000015258789,158.3000030517578,38.04999923706055,97.1500015258789,148.10000610351562,103.1500015258789,49.25,60.650001525878906,-7.7,120.0,112.3,-5.45,161.2,155.75,-13.149993896484377,281.1999969482422,2,-0.7,168.0,167.3,-4.8000030517578125,286.0500030517578,2,-5.45,161.2,155.75,-13.149993896484377,281.1999969482422,2,-0.7,168.0,167.3,-8.5,289.75,2,-4.1,118.05,113.95,-7.7,120.0,112.3,-7.8,121.75,113.95,2026,1141.0415162736485,732.2728376123753,862.4982833862305,-1010.8160704997933,230624.99713897705
2026-03-24,20260330,0.25/0.05,22719.05,6.24,23300,22100,24100,21750,0.253,-0.254,0.05,-0.166,164.2500038146973,-5.700002670288086,14.150005340576172,-50.59999465942383,800,350,119.4000015258789,158.3000030517578,16.299999237060547,97.1500015258789,148.10000610351562,103.1500015258789,20.649999618530273,60.650001525878906,-7.7,120.0,112.3,-5.45,161.2,155.75,-13.149993896484377,281.1999969482422,2,-0.7,168.0,167.3,-4.8000030517578125,286.0500030517578,2,-5.45,161.2,155.75,-13.149993896484377,281.1999969482422,2,-0.7,168.0,167.3,-8.5,289.75,2,-4.1,118.05,113.95,-7.7,120.0,112.3,-7.8,121.75,113.95,2026,1141.0415162736485,694.4568232809859,-4275.002002716064,-6110.500342270699,476812.49713897705
2026-03-25,20260330,0.35/0.15,23272.1,5.24,23550,23000,24000,22400,0.361,-0.349,0.15,-0.149,235.14999771118164,14.850006103515623,17.200000762939453,-18.64999771118164,450,600,165.4499969482422,190.4499969482422,50.79999923706055,69.94999694824219,161.14999389648438,165.6999969482422,47.849998474121094,58.70000076293945,-10.0,175.45,165.45,-7.85,192.8,184.95,-17.850006103515625,368.25,2,-4.9,161.95,157.05,29.75,338.5,2,-7.85,192.8,184.95,-17.850006103515625,368.25,2,,,,34.649993896484375,176.5500030517578,1,34.65,176.55,211.2,-10.0,175.45,165.45,34.65,176.55,211.2,2026,2054.5245979741658,832.6704595784036,11137.504577636717,8250.309520084149,273637.50171661377
2026-03-25,20260330,0.25/0.1,23272.1,5.24,23750,22750,24150,22150,0.255,-0.249,0.105,-0.102,148.0,13.600006103515623,14.049999237060549,-17.10000228881836,400,600,100.9000015258789,126.0,32.95000076293945,45.95000076293945,95.4499969482422,107.9499969482422,31.0,38.0,17.35,106.65,124.0,-8.95,128.6,119.65,8.399993896484375,235.25,2,-2.35,106.05,103.7,22.79998779296875,213.3500061035156,2,-8.95,128.6,119.65,8.399993896484375,235.25,2,,,,25.149993896484375,107.3000030517578,1,25.15,107.3,132.45,17.35,106.65,124.0,25.15,107.3,132.45,2026,1184.7528833161987,599.3979541791153,10200.004577636717,8415.853740141403,339000.0
2026-03-25,20260330,0.25/0.05,23272.1,5.24,23750,22750,24400,21750,0.255,-0.249,0.057,-0.055,186.75000190734863,17.700008392333984,17.700008392333984,-24.70000267028809,650,1000,100.9000015258789,126.0,16.299999237060547,23.850000381469727,95.4499969482422,107.9499969482422,15.350000381469728,19.0,17.35,106.65,124.0,-8.95,128.6,119.65,8.399993896484375,235.25,2,-2.35,106.05,103.7,22.79998779296875,213.3500061035156,2,-8.95,128.6,119.65,8.399993896484375,235.25,2,,,,25.149993896484375,107.3000030517578,1,25.15,107.3,132.45,17.35,106.65,124.0,25.15,107.3,132.45,2026,1066.510738420635,549.3936872411538,13275.006294250488,11659.1018685887,609937.4985694885
2026-03-27,20260330,0.35/0.15,23037.15,3.24,23300,22800,23650,22300,0.342,-0.35,0.151,-0.152,191.85000228881836,4.750003814697266,22.89999771118164,-1.2000045776367188,350,500,133.0,163.5,44.099998474121094,60.54999923706055,57.95000076293945,202.6999969482422,20.549999237060547,53.0,-4.6,123.8,119.2,5.35,164.0,169.35,0.75,287.8000030517578,2,-19.75,178.7,158.95,-28.599998474121097,274.4499969482422,2,5.35,164.0,169.35,5.350006103515625,164.0,1,-19.75,178.7,158.95,-19.75,178.6999969482422,1,-8.85,95.75,86.9,,,,,,,2026,1228.0736077643417,706.4313540657787,3562.502861022949,1627.9978991928292,231112.49828338623
2026-03-27,20260330,0.25/0.1,23037.15,3.24,23450,22600,23800,22100,0.25,-0.256,0.099,-0.105,130.5499973297119,11.94999885559082,23.44999885559082,-0.9500064849853516,350,500,85.0,111.4499969482422,26.149999618530273,39.75,37.150001525878906,123.4499969482422,13.5,28.5,-6.65,80.5,73.85,-0.3,108.6,108.3,-6.9499969482421875,189.0999984741211,2,-13.95,116.75,102.8,-19.849994659423828,177.79999923706055,2,-4.3,112.6,108.3,-4.299995422363281,112.5999984741211,1,-13.95,116.75,102.8,-13.949996948242188,116.75,1,-5.9,61.05,55.15,,,,,,,2026,935.9419901352214,519.3443373295336,8962.499141693115,7507.21281422836,277087.50200271606
2026-03-27,20260330,0.25/0.05,23037.15,3.24,23450,22600,24050,21750,0.25,-0.256,0.048,-0.052,166.59999656677246,21.949998378753666,34.0499963760376,-0.950007438659668,600,850,85.0,111.4499969482422,11.350000381469728,18.5,37.150001525878906,123.4499969482422,7.099999904632568,8.850000381469727,-6.65,80.5,73.85,-0.3,108.6,108.3,-6.9499969482421875,189.0999984741211,2,-13.95,116.75,102.8,-19.849994659423828,177.79999923706055,2,-4.3,112.6,108.3,-4.299995422363281,112.5999984741211,1,-13.95,116.75,102.8,-13.949996948242188,116.75,1,-5.9,61.05,55.15,,,,,,,2026,697.8007649262,479.41399934206606,16462.49878406525,15285.284019796984,512550.00257492065
2026-03-30,20260407,0.35/0.15,22678.25,8.24,23150,22300,23750,21500,0.347,-0.355,0.149,-0.16,348.0499954223633,30.049999237060547,46.550010681152344,-3.300010681152344,600,800,236.1499938964844,296.0,72.4000015258789,111.6999969482422,98.1999969482422,366.75,27.299999237060547,119.6500015258789,-10.0,191.0,181.0,-3.35,318.9,315.55,-13.350006103515623,509.8999938964844,2,-5.8,336.1,330.3,-5.300018310546875,509.0500030517578,2,-3.35,318.9,315.55,-3.350006103515625,318.8999938964844,1,-5.8,336.1,330.3,-5.800018310546875,336.1000061035156,1,0.5,172.95,173.45,,,,,,,2026,577.9362221479028,1131.5281805891057,22537.49942779541,20828.0350250584,338962.50343322754
2026-03-30,20260407,0.25/0.1,22678.25,8.24,23400,21900,23900,21600,0.257,-0.246,0.112,-0.116,233.25,36.65000343322754,63.85000228881836,-1.5,500,300,151.75,187.9499969482422,50.099998474121094,56.349998474121094,57.95000076293945,215.3999938964844,20.399999618530273,56.349998474121094,-1.65,104.6,102.95,-5.15,200.7,195.55,-6.799995422363281,305.2999954223633,2,-6.4,209.0,202.6,-6.499992370605469,315.8499984741211,2,-5.15,200.7,195.55,-5.149993896484375,200.6999969482422,1,-6.4,209.0,202.6,-6.399993896484375,209.0,1,-0.1,106.85,106.75,,,,,,,2026,216.7204726080355,760.760921256793,27487.502574920654,26510.02118105583,200062.5
2026-03-30,20260407,0.25/0.05,22678.25,8.24,23400,21900,23900,21600,0.257,-0.246,0.112,-0.116,233.25,36.65000343322754,63.85000228881836,-1.5,500,300,151.75,187.9499969482422,50.099998474121094,56.349998474121094,57.95000076293945,215.3999938964844,20.399999618530273,56.349998474121094,-1.65,104.6,102.95,-5.15,200.7,195.55,-6.799995422363281,305.2999954223633,2,-6.4,209.0,202.6,-6.499992370605469,315.8499984741211,2,-5.15,200.7,195.55,-5.149993896484375,200.6999969482422,1,-6.4,209.0,202.6,-6.399993896484375,209.0,1,-0.1,106.85,106.75,,,,,,,2026,216.7204726080355,760.760921256793,27487.502574920654,26510.02118105583,200062.5
2026-04-01,20260407,0.35/0.15,22858.95,6.24,23200,22600,23650,21950,0.344,-0.357,0.157,-0.146,242.44999313354492,-2.300006866455078,16.85000228881836,-18.89999008178711,450,650,169.5,202.6499938964844,59.54999923706055,70.1500015258789,116.8499984741211,241.3000030517578,38.349998474121094,75.05000305175781,-10.0,192.1,182.1,-1.4,187.0,185.6,-11.399993896484377,379.1000061035156,2,-6.65,231.0,224.35,-15.149993896484377,391.1000061035156,2,16.15,205.1,221.25,6.149993896484375,397.2000122070313,2,-6.65,231.0,224.35,-6.649993896484375,231.0,1,-8.5,160.1,151.6,-10.0,192.1,182.1,,,,2026,671.8399604639636,1052.9582108799343,-1725.0051498413086,-3449.803321185206,305662.5051498413
2026-04-01,20260407,0.25/0.1,22858.95,6.24,23400,22350,23850,21700,0.251,-0.258,0.104,-0.1,162.29999923706055,1.75,16.5,-12.850008010864258,450,650,108.9000015258789,135.9499969482422,36.0,46.54999923706055,72.5999984741211,157.25,22.75,46.54999923706055,-10.0,125.0,115.0,22.65,124.55,147.2,12.649993896484377,249.5500030517578,2,-6.5,155.55,149.05,-12.849998474121094,256.75,2,9.1,138.1,147.2,-0.9000091552734375,263.1000061035156,2,-6.5,155.55,149.05,-6.5,155.5500030517578,1,-6.35,101.2,94.85,-10.0,125.0,115.0,,,,2026,859.7827616730611,746.8149379551353,1312.5,-294.09769962819644,365775.0005722046
2026-04-01,20260407,0.25/0.05,22858.95,6.24,23400,22350,23900,21300,0.251,-0.258,0.093,-0.054,189.3499984741211,0.5500011444091797,20.900001525878903,-19.200008392333984,500,1050,108.9000015258789,135.9499969482422,31.700000762939453,23.799999237060547,72.5999984741211,157.25,19.700000762939453,21.350000381469727,-10.0,125.0,115.0,22.65,124.55,147.2,12.649993896484377,249.5500030517578,2,-6.5,155.55,149.05,-12.849998474121094,256.75,2,9.1,138.1,147.2,-0.9000091552734375,263.1000061035156,2,-6.5,155.55,149.05,-6.5,155.5500030517578,1,-6.35,101.2,94.85,-10.0,125.0,115.0,,,,2026,751.2587727001296,696.9875658100785,412.50085830688477,-1035.7454802033235,645487.5011444092
2026-04-02,20260407,0.35/0.15,22272.6,5.24,22600,22000,23050,21450,0.345,-0.35,0.153,-0.156,231.00000762939453,-26.049991607666016,11.650005340576172,-34.69998550415039,450,550,165.8000030517578,193.0500030517578,56.0,71.8499984741211,321.5,84.69999694824219,119.3499984741211,29.799999237060547,11.15,137.7,148.85,-10.0,220.65,210.65,1.1500091552734375,358.34999084472656,2,,,,5.149993896484375,143.3000030517578,1,-10.0,220.65,210.65,0.5500030517578125,388.09999084472656,2,,,,-14.25,180.6999969482422,1,5.15,143.3,148.45,10.55,167.45,178.0,-14.25,180.7,166.45,2026,1295.2654345350936,1100.9010662229634,-19537.49370574951,-21933.660206507568,239249.9942779541
2026-04-02,20260407,0.25/0.1,22272.6,5.24,22800,21750,23250,21300,0.248,-0.248,0.1,-0.121,141.95000457763672,-35.299997329711914,10.700006484985352,-45.399993896484375,450,450,104.3000030517578,125.25,33.79999923706055,53.79999923706055,216.0,52.099998474121094,68.44999694824219,22.399999618530273,2.6,84.55,87.15,-7.3,145.3,138.0,-4.700004577636719,229.8500061035156,2,,,,3.1999969482421875,87.25,1,-7.3,145.3,138.0,-3.6500015258789062,250.0,2,,,,-10.349998474121094,112.4000015258789,1,3.2,87.25,90.45,3.65,104.7,108.35,-10.35,112.4,102.05,2026,742.5916906827856,770.4448189695977,-26474.997997283936,-27988.034506936317,231037.49656677246
2026-04-02,20260407,0.25/0.05,22272.6,5.24,22800,21750,23550,21300,0.248,-0.248,0.052,-0.121,159.65000343322754,-58.39999580383301,14.999995231628418,-71.64999580383301,750,450,104.3000030517578,125.25,16.100000381469727,53.79999923706055,216.0,52.099998474121094,27.649999618530273,22.399999618530273,2.6,84.55,87.15,-7.3,145.3,138.0,-4.700004577636719,229.8500061035156,2,,,,3.1999969482421875,87.25,1,-7.3,145.3,138.0,-3.6500015258789062,250.0,2,,,,-10.349998474121094,112.4000015258789,1,3.2,87.25,90.45,3.65,104.7,108.35,-10.35,112.4,102.05,2026,683.189599352513,705.7000314522923,-43799.996852874756,-45188.88648367956,442762.49742507935
2026-04-06,20260407,0.35/0.15,22632.85,1.24,22850,22450,23200,22050,0.346,-0.362,0.145,-0.151,172.10000228881836,-9.799989700317385,17.200000762939453,-18.449996948242188,350,400,118.6500015258789,137.8000030517578,38.20000076293945,46.150001525878906,232.9499969482422,44.849998474121094,80.05000305175781,15.850000381469728,-3.85,109.65,105.8,-10.15,139.25,129.1,-13.999992370605469,248.9000015258789,2,-11.05,150.05,139.0,-11.550003051757812,270.25,2,-10.15,139.25,129.1,-10.399993896484377,261.9499969482422,2,-11.05,150.05,139.0,-11.550003051757812,270.25,2,-0.5,120.2,119.7,-0.25,122.7,122.45,-0.5,120.2,119.7,2026,2615.255489418595,818.6422055150307,-7349.992275238038,-10783.889970171664,170924.99828338623
2026-04-06,20260407,0.25/0.1,22632.85,1.24,23000,22250,23350,21900,0.248,-0.242,0.093,-0.104,105.35000228881836,-17.800003051757812,14.050003051757812,-24.100001335144043,350,350,75.80000305175781,82.0999984741211,22.399999618530273,30.149999618530273,154.35000610351562,25.899999618530273,46.25,10.850000381469728,5.2,69.0,74.2,-10.0,81.35,71.35,-4.8000030517578125,150.3499984741211,2,-6.9,87.7,80.8,-7.349990844726563,162.6999969482422,2,2.0,83.45,85.45,-2.2000045776367188,161.8499984741211,2,-6.9,87.7,80.8,-9.149993896484377,166.04999542236328,2,-0.45,75.0,74.55,-4.2,78.4,74.2,-2.25,78.35,76.1,2026,1783.7931190620902,577.1157633225156,-13350.00228881836,-15710.911171202966,183487.49828338623
2026-04-06,20260407,0.25/0.05,22632.85,1.24,23000,22250,23550,21600,0.248,-0.242,0.049,-0.047,134.60000133514404,-19.10000467300415,19.450000762939453,-27.69999599456787,550,650,75.80000305175781,82.0999984741211,10.800000190734863,12.5,154.35000610351562,25.899999618530273,20.649999618530273,5.900000095367432,5.2,69.0,74.2,-10.0,81.35,71.35,-4.8000030517578125,150.3499984741211,2,-6.9,87.7,80.8,-7.349990844726563,162.6999969482422,2,2.0,83.45,85.45,-2.2000045776367188,161.8499984741211,2,-6.9,87.7,80.8,-9.149993896484377,166.04999542236328,2,-0.45,75.0,74.55,-4.2,78.4,74.2,-2.25,78.35,76.1,2026,1488.5080944173453,523.2324227831699,-14325.003504753113,-16336.74402195363,386549.99899864197
2026-04-07,20260413,0.35/0.15,22820.45,6.24,23200,22500,23700,21850,0.346,-0.351,0.155,-0.155,277.25,-2.9999923706054688,9.35000228881836,-4.850006103515625,500,650,193.0,232.75,64.4000015258789,84.0999984741211,287.6499938964844,142.4499969482422,99.8499984741211,50.0,-0.25,220.0,219.75,-8.7,199.25,190.55,-8.949996948242188,419.25,2,,,,-19.54998779296875,243.8999938964844,1,,,,-0.25,220.0,1,,,,-19.54998779296875,243.8999938964844,1,-19.55,243.9,224.35,-0.25,220.0,219.75,-19.55,243.9,224.35,2026,1372.6919453659427,1213.317186809353,-2249.9942779541016,-4836.003410129398,279562.5
2026-04-07,20260413,0.25/0.1,22820.45,6.24,23450,22200,23900,21850,0.24,-0.247,0.101,-0.155,140.75,-17.499996185302734,2.1500015258789062,-17.900001525878906,450,350,114.3000030517578,147.89999389648438,37.349998474121094,84.0999984741211,177.89999389648438,88.1500015258789,57.79999923706055,50.0,0.95,132.0,132.95,-10.0,125.0,115.0,-9.050003051757812,257.0,2,,,,-13.449996948242188,146.64999389648438,1,,,,0.9499969482421876,132.0,1,,,,-13.449996948242188,146.64999389648438,1,-13.45,146.65,133.2,0.95,132.0,132.95,-13.45,146.65,133.2,2026,731.3656032230831,852.6278081781902,-13124.99713897705,-14708.990550378323,231937.5
2026-04-07,20260413,0.25/0.05,22820.45,6.24,23450,22200,24200,21850,0.24,-0.247,0.047,-0.155,163.0999984741211,-30.29999732971191,3.0999956130981445,-30.300004959106445,750,350,114.3000030517578,147.89999389648438,15.0,84.0999984741211,177.89999389648438,88.1500015258789,22.649999618530273,50.0,0.95,132.0,132.95,-10.0,125.0,115.0,-9.050003051757812,257.0,2,,,,-13.449996948242188,146.64999389648438,1,,,,0.9499969482421876,132.0,1,,,,-13.449996948242188,146.64999389648438,1,-13.45,146.65,133.2,0.95,132.0,132.95,-13.45,146.65,133.2,2026,655.5617990857038,794.4499679931117,-22724.997997283932,-24175.009764362745,440175.0011444092
2026-04-08,20260413,0.35/0.15,23934.55,5.24,24150,23750,24550,23250,0.366,-0.364,0.148,-0.151,193.8999938964844,13.599987030029297,16.19998550415039,-3.350013732910156,400,500,134.5500030517578,156.64999389648438,41.650001525878906,55.650001525878906,135.10000610351562,124.0500030517578,37.70000076293945,41.150001525878906,10.75,129.0,139.75,-3.45,171.65,168.2,7.3000030517578125,300.6499938964844,2,4.9,131.0,135.9,0.8000030517578125,271.1999969482422,2,-3.45,171.65,168.2,1.4000091552734375,306.54998779296875,2,,,,-4.0999908447265625,140.1999969482422,1,-4.1,140.2,136.1,4.85,134.9,139.75,-4.1,140.2,136.1,2026,1083.8529268886562,842.2103537749653,10199.990272521973,8273.926991858352,229575.00457763672
2026-04-08,20260413,0.25/0.1,23934.55,5.24,24350,23550,24700,23000,0.241,-0.258,0.099,-0.098,116.5999984741211,14.849998474121094,15.850000381469728,-3.1999950408935547,350,550,76.5999984741211,101.6500015258789,25.950000762939453,35.70000076293945,73.0,77.5,22.200000762939453,26.549999237060547,-2.7,75.9,73.2,-6.85,111.95,105.1,-9.550003051757812,187.8499984741211,2,2.35,82.5,84.85,-2.2500076293945312,160.8000030517578,2,-6.85,111.95,105.1,-11.300003051757812,189.5999984741211,2,,,,-4.600006103515625,78.30000305175781,1,-4.6,78.3,73.7,-4.45,77.65,73.2,-4.6,78.3,73.7,2026,737.5662133759688,587.4235688404808,11137.49885559082,9812.509073374371,325050.0011444092
2026-04-08,20260413,0.25/0.05,23934.55,5.24,24350,23550,24950,22550,0.241,-0.258,0.051,-0.048,147.94999885559082,20.69999885559082,22.100000381469727,-2.7999963760375977,600,1000,76.5999984741211,101.6500015258789,12.350000381469728,17.950000762939453,73.0,77.5,9.350000381469728,13.899999618530272,-2.7,75.9,73.2,-6.85,111.95,105.1,-9.550003051757812,187.8499984741211,2,2.35,82.5,84.85,-2.2500076293945312,160.8000030517578,2,-6.85,111.95,105.1,-11.300003051757812,189.5999984741211,2,,,,-4.600006103515625,78.30000305175781,1,-4.6,78.3,73.7,-4.45,77.65,73.2,-4.6,78.3,73.7,2026,636.4506233602019,540.1044390366106,15524.999141693115,14348.444079296301,639037.5008583069
2026-04-09,20260413,0.35/0.15,23860.75,4.24,24100,23700,24400,23300,0.332,-0.362,0.152,-0.149,154.8499984741211,-0.7999992370605469,6.8000030517578125,-14.89999771118164,300,400,107.0,130.9499969482422,38.849998474121094,44.25,63.45000076293945,171.1999969482422,19.549999237060547,59.45000076293945,-0.9,102.35,101.45,-10.0,176.0,166.0,-10.900001525878906,278.3499984741211,2,-11.35,150.35,139.0,-7.500007629394531,252.90000915527344,2,-10.0,176.0,166.0,-17.100006103515625,284.5500030517578,2,-11.35,150.35,139.0,-15.750007629394531,261.15000915527344,2,3.85,102.55,106.4,-7.1,108.55,101.45,-4.4,110.8,106.4,2026,990.65368059966,752.6552141657735,-599.9994277954102,-2343.3083225608434,183862.50114440918
2026-04-09,20260413,0.25/0.1,23860.75,4.24,24200,23500,24550,23150,0.263,-0.238,0.098,-0.104,101.39999961853027,5.799999237060547,7.199999809265137,-9.750001907348633,350,350,77.80000305175781,76.69999694824219,23.200000762939453,29.899999618530273,42.849998474121094,103.4000015258789,11.899999618530272,38.75,-3.7,74.8,71.1,-10.0,107.2,97.2,-13.70000457763672,182.0,2,-6.35,88.3,81.95,-3.7000045776367183,161.9000015258789,2,-10.0,107.2,97.2,-17.95000457763672,186.25,2,-6.35,88.3,81.95,-9.600006103515623,167.8000030517578,2,2.65,73.6,76.25,-7.95,79.05,71.1,-3.25,79.5,76.25,2026,658.0053091399076,551.6282893294297,4349.99942779541,3140.365829326073,186450.0002861023
2026-04-09,20260413,0.25/0.05,23860.75,4.24,24200,23500,24750,22800,0.263,-0.238,0.053,-0.047,129.60000038146973,4.700000286102295,7.549997329711914,-16.649999618530273,550,700,77.80000305175781,76.69999694824219,11.699999809265137,13.199999809265137,42.849998474121094,103.4000015258789,6.599999904632568,14.75,-3.7,74.8,71.1,-10.0,107.2,97.2,-13.70000457763672,182.0,2,-6.35,88.3,81.95,-3.7000045776367183,161.9000015258789,2,-10.0,107.2,97.2,-17.95000457763672,186.25,2,-6.35,88.3,81.95,-9.600006103515623,167.8000030517578,2,2.65,73.6,76.25,-7.95,79.05,71.1,-3.25,79.5,76.25,2026,611.349104083658,499.90007323376966,3525.000214576721,2413.7510372592938,427799.9997138977
2026-04-10,20260413,0.35/0.15,23951.45,3.24,24100,23800,24350,23500,0.364,-0.344,0.158,-0.148,125.25000190734865,12.600000381469728,16.300003051757812,0.0,250,300,93.1500015258789,98.0,30.899999618530273,35.0,99.3000030517578,68.8499984741211,31.600000381469727,23.899999618530273,-10.0,109.0,99.0,-0.3,90.65,90.35,-10.300003051757812,199.6500015258789,2,-2.3,79.7,77.4,-3.0,186.5,2,,,,-10.0,109.0,1,,,,-0.7000045776367188,106.8000030517578,1,-0.7,106.8,106.1,-10.0,109.0,99.0,-0.7,106.8,106.1,2026,1339.8821886808996,623.124345434373,9450.000286102297,7486.993751987024,131062.49856948853
2026-04-10,20260413,0.25/0.1,23951.45,3.24,24200,23700,24450,23350,0.269,-0.265,0.106,-0.094,90.70000076293944,12.20000171661377,14.999998092651367,0.0,250,350,61.04999923706055,69.9000015258789,19.299999237060547,20.950000762939453,64.3499984741211,48.0,19.549999237060547,14.300000190734863,-10.0,73.0,63.0,-3.5,64.55,61.05,-13.499996185302734,137.54999923706055,2,-1.85,55.4,53.55,-3.6000022888183594,125.4000015258789,2,,,,-10.0,73.0,1,,,,-1.75,70.0,1,-1.75,70.0,68.25,-10.0,73.0,63.0,-1.75,70.0,68.25,2026,983.8210859996714,477.7178134592395,9150.001287460327,7688.462388001416,194474.9994277954
2026-04-10,20260413,0.25/0.05,23951.45,3.24,24200,23700,24650,23150,0.269,-0.265,0.048,-0.051,111.95000076293944,14.900002479553224,20.400001525878903,0.0,450,550,61.04999923706055,69.9000015258789,8.0,11.0,64.3499984741211,48.0,7.300000190734863,8.0,-10.0,73.0,63.0,-3.5,64.55,61.05,-13.499996185302734,137.54999923706055,2,-1.85,55.4,53.55,-3.6000022888183594,125.4000015258789,2,,,,-10.0,73.0,1,,,,-1.75,70.0,1,-1.75,70.0,68.25,-10.0,73.0,63.0,-1.75,70.0,68.25,2026,886.1737260487048,443.82098465812066,11175.001859664919,9845.007148958093,328537.4994277954
2026-04-13,20260421,0.35/0.15,23623.95,8.24,23950,23350,24400,22750,0.35,-0.348,0.144,-0.149,245.0999984741211,-10.999996185302734,4.549995422363281,-19.650001525878903,450,600,166.60000610351562,198.8999938964844,49.400001525878906,71.0,245.5500030517578,131.39999389648438,76.1500015258789,44.70000076293945,-7.8,183.25,175.45,-7.65,189.65,182.0,-15.449996948242188,372.8999938964844,2,,,,26.550003051757812,207.0,1,,,,-7.8000030517578125,183.25,1,,,,26.550003051757812,207.0,1,26.55,207.0,233.55,-7.8,183.25,175.45,26.55,207.0,233.55,2026,167.89493430804123,1057.3198221311627,-8249.99713897705,-9475.211895416256,266175.0011444092
2026-04-13,20260421,0.25/0.1,23623.95,8.24,24150,23100,24550,22650,0.248,-0.251,0.098,-0.128,143.79999923706055,-14.60000228881836,2.049999237060547,-23.900001525878903,400,450,101.9499969482422,132.0,30.549999237060547,59.599998474121094,156.1999969482422,84.55000305175781,45.54999923706055,36.79999923706055,7.25,114.35,121.6,-8.6,124.95,116.35,-1.3499908447265625,239.29999542236328,2,,,,18.5,130.0,1,,,,7.250007629394531,114.3499984741211,1,,,,18.5,130.0,1,18.5,130.0,148.5,7.25,114.35,121.6,18.5,130.0,148.5,2026,192.89491987277722,756.1614062334919,-10950.00171661377,-11899.058042720038,229650.0005722046
2026-04-13,20260421,0.25/0.05,23623.95,8.24,24150,23100,24800,22650,0.248,-0.251,0.049,-0.128,161.04999828338623,-25.95000171661377,1.4500045776367188,-39.550002098083496,650,450,101.9499969482422,132.0,13.300000190734863,59.599998474121094,156.1999969482422,84.55000305175781,16.950000762939453,36.79999923706055,7.25,114.35,121.6,-8.6,124.95,116.35,-1.3499908447265625,239.29999542236328,2,,,,18.5,130.0,1,,,,7.250007629394531,114.3499984741211,1,,,,18.5,130.0,1,18.5,130.0,148.5,7.25,114.35,121.6,18.5,130.0,148.5,2026,192.89491987277722,709.1406095784297,-19462.501287460327,-20364.536816911535,366712.5012874603
2026-04-15,20260421,0.35/0.15,24219.4,6.24,24450,24000,24800,23550,0.357,-0.338,0.144,-0.146,178.8000030517578,6.650003433227539,9.30000114440918,-4.099994659423828,350,450,128.3000030517578,139.4499969482422,37.349998474121094,51.599998474121094,120.4000015258789,128.9499969482422,31.350000381469727,45.849998474121094,3.6,130.6,134.2,18.2,129.8,148.0,21.79998779296875,260.40000915527344,2,-15.55,150.35,134.8,-32.80000305175781,278.6000061035156,2,3.65,144.35,148.0,7.2499847412109375,274.95001220703125,2,-15.55,150.35,134.8,-15.550003051757812,150.35000610351562,1,-17.25,128.25,111.0,3.6,130.6,134.2,,,,2026,424.29734030002095,799.9266446802359,4987.502574920654,3763.278589940398,203399.99771118164
2026-04-15,20260421,0.25/0.1,24219.4,6.24,24600,23850,24900,23350,0.254,-0.26,0.104,-0.098,121.04999542236328,8.049995422363281,9.249992370605469,-4.250007629394531,300,500,78.69999694824219,100.3499984741211,24.799999237060547,33.20000076293945,70.9000015258789,91.5999984741211,20.200000762939453,29.299999237060547,-1.6,80.25,78.65,11.3,93.1,104.4,9.70000457763672,173.3499984741211,2,-12.2,108.0,95.8,-23.449996948242188,185.5500030517578,2,0.55,103.85,104.4,-1.0499954223632812,184.0999984741211,2,-12.2,108.0,95.8,-12.199996948242188,108.0,1,-11.25,77.55,66.3,-1.6,80.25,78.65,,,,2026,315.80581036725545,592.4769091817132,6037.496566772461,5129.213847223492,284212.50343322754
2026-04-15,20260421,0.25/0.05,24219.4,6.24,24600,23850,25100,23000,0.254,-0.26,0.051,-0.048,152.29999542236328,12.249996185302734,13.249992370605469,-4.550009727478027,500,850,78.69999694824219,100.3499984741211,10.899999618530272,15.850000381469728,70.9000015258789,91.5999984741211,8.350000381469727,14.100000381469728,-1.6,80.25,78.65,11.3,93.1,104.4,9.70000457763672,173.3499984741211,2,-12.2,108.0,95.8,-23.449996948242188,185.5500030517578,2,0.55,103.85,104.4,-1.0499954223632812,184.0999984741211,2,-12.2,108.0,95.8,-12.199996948242188,108.0,1,-11.25,77.55,66.3,-1.6,80.25,78.65,,,,2026,336.77745701558484,542.9590586305943,9187.49713897705,8307.76062333087,523275.00343322754
2026-04-16,20260421,0.35/0.15,24305.6,5.24,24500,24150,24800,23750,0.352,-0.367,0.142,-0.154,163.59999465942383,3.3499908447265625,9.299993515014648,-18.450005531311035,300,400,103.8000030517578,138.14999389648438,31.200000762939453,47.150001525878906,66.25,158.3000030517578,16.0,48.29999923706055,-9.75,105.15,95.4,-10.0,152.75,142.75,-19.75,257.9000015258789,2,64.7,132.75,197.45,57.04999923706055,195.0999984741211,2,-10.0,152.75,142.75,-19.75,257.9000015258789,2,57.95,139.5,197.45,57.94999694824219,139.5,1,-7.65,62.35,54.7,-9.75,105.15,95.4,,,,2026,607.1574686648481,732.2270246347772,2512.493133544922,1173.1086402452966,177300.00400543213
2026-04-16,20260421,0.25/0.1,24305.6,5.24,24650,23950,24900,23550,0.235,-0.244,0.097,-0.095,94.1500015258789,5.550004005432129,9.399998664855955,-16.09999656677246,250,400,59.29999923706055,81.6500015258789,19.5,27.299999237060547,34.25,90.0999984741211,10.050000190734863,25.700000762939453,2.3,31.95,34.25,18.8,75.2,94.0,21.10000228881836,107.14999771118164,2,40.5,77.05,117.55,36.25,110.25000381469728,2,8.8,85.2,94.0,8.800003051757812,85.19999694824219,1,28.25,89.3,117.55,28.25,89.30000305175781,1,-4.25,33.2,28.95,,,,,,,2026,346.1380083459005,501.1243518742614,4162.503004074097,3315.2406438539347,229387.49885559082
2026-04-16,20260421,0.25/0.05,24305.6,5.24,24650,23950,25050,23300,0.235,-0.244,0.053,-0.052,116.95000076293944,9.650002002716064,13.999999046325684,-20.450005054473877,400,650,59.29999923706055,81.6500015258789,9.699999809265137,14.300000190734863,34.25,90.0999984741211,5.599999904632568,11.449999809265137,2.3,31.95,34.25,18.8,75.2,94.0,21.10000228881836,107.14999771118164,2,40.5,77.05,117.55,36.25,110.25000381469728,2,8.8,85.2,94.0,8.800003051757812,85.19999694824219,1,28.25,89.3,117.55,28.25,89.30000305175781,1,-4.25,33.2,28.95,,,,,,,2026,334.4278181542047,466.4878420963199,7237.501502037048,6436.585841786524,399787.4994277954
2026-04-17,20260421,0.35/0.15,24193.8,4.24,24350,24050,24600,23700,0.366,-0.364,0.164,-0.151,145.34999465942383,4.849994659423828,7.649995803833008,-2.1500091552734375,250,350,97.75,121.1999969482422,33.70000076293945,39.900001525878906,151.0500030517578,61.849998474121094,53.900001525878906,18.5,5.5,117.85,123.35,-0.8,89.75,88.95,4.700004577636719,207.5999984741211,2,,,,-15.650009155273438,146.0500030517578,1,,,,5.500007629394531,117.8499984741211,1,,,,-15.650009155273438,146.0500030517578,1,-15.65,146.05,130.4,5.5,117.85,123.35,-15.65,146.05,130.4,2026,598.2656853369782,705.2258392659397,3637.495994567871,2334.0044699649534,153487.50400543213
2026-04-17,20260421,0.25/0.1,24193.8,4.24,24500,23900,24750,23550,0.235,-0.258,0.09,-0.097,89.64999771118164,4.7999982833862305,7.9499969482421875,-2.4000015258789062,250,350,53.25,76.8499984741211,16.350000381469727,24.100000381469727,85.25,36.29999923706055,25.149999618530273,11.550000190734863,7.5,65.75,73.25,-4.65,56.3,51.65,2.8500022888183594,122.04999923706056,2,,,,-9.75,81.75,1,,,,7.5,65.75,1,,,,-9.75,81.75,1,-9.75,81.75,72.0,7.5,65.75,73.25,-9.75,81.75,72.0,2026,386.28327576371805,483.77402192751737,3599.998712539673,2729.9414148484375,195262.50171661377
2026-04-17,20260421,0.25/0.05,24193.8,4.24,24500,23900,24900,23350,0.235,-0.258,0.048,-0.053,109.6999979019165,5.849998950958252,10.949997901916504,-3.800003051757813,400,550,53.25,76.8499984741211,8.050000190734863,12.350000381469728,85.25,36.29999923706055,11.100000381469728,6.599999904632568,7.5,65.75,73.25,-4.65,56.3,51.65,2.8500022888183594,122.04999923706056,2,,,,-9.75,81.75,1,,,,7.5,65.75,1,,,,-9.75,81.75,1,-9.75,81.75,72.0,7.5,65.75,73.25,-9.75,81.75,72.0,2026,351.06115575153115,449.63443677488306,4387.499213218689,3586.8036206922748,330225.0015735626
2026-04-20,20260421,0.35/0.15,24295.85,1.24,24450,24150,24650,23900,0.323,-0.335,0.142,-0.145,95.34999656677246,-3.3000030517578125,0.0499954223632812,-14.39999771118164,200,250,66.5,80.94999694824219,23.149999618530273,28.950000762939453,104.3499984741211,48.650001525878906,37.95000076293945,16.399999618530273,7.2,85.7,92.9,-5.8,50.65,44.85,1.4000015258789062,136.3499984741211,2,12.55,45.15,57.7,1.8999977111816408,170.0500030517578,2,,,,7.200004577636719,85.69999694824219,1,,,,-10.650001525878906,124.9000015258789,1,-10.65,124.9,114.25,7.2,85.7,92.9,-10.65,124.9,114.25,2026,583.9061004780664,548.7456922327862,-2475.0022888183594,-3607.654081529212,115987.50257492065
2026-04-20,20260421,0.25/0.1,24295.85,1.24,24500,24050,24750,23800,0.269,-0.245,0.089,-0.1,73.6500015258789,-8.649996757507324,0.7500019073486328,-26.54999732971191,250,250,51.95000076293945,54.150001525878906,13.350000381469728,19.100000381469727,82.8499984741211,31.450000762939453,21.200000762939453,10.800000190734863,8.4,68.6,77.0,-7.3,33.9,26.6,1.0999984741210938,102.5,2,8.0,30.2,38.2,-1.9000015258789065,132.2500038146973,2,,,,8.400001525878906,68.5999984741211,1,,,,-9.900001525878906,102.0500030517578,1,-9.9,102.05,92.15,8.4,68.6,77.0,-9.9,102.05,92.15,2026,439.28803487045536,437.2848483452449,-6487.497568130493,-7364.070451346193,132262.49885559082
2026-04-20,20260421,0.25/0.05,24295.85,1.24,24500,24050,24850,23600,0.269,-0.245,0.056,-0.048,89.45000267028809,-7.999997138977051,0.3000020980834961,-30.69999647140503,350,450,51.95000076293945,54.150001525878906,8.0,8.649999618530273,82.8499984741211,31.450000762939453,11.649999618530272,5.199999809265137,8.4,68.6,77.0,-7.3,33.9,26.6,1.0999984741210938,102.5,2,8.0,30.2,38.2,-1.9000015258789065,132.2500038146973,2,,,,8.400001525878906,68.5999984741211,1,,,,-9.900001525878906,102.0500030517578,1,-9.9,102.05,92.15,8.4,68.6,77.0,-9.9,102.05,92.15,2026,369.77114646321206,410.126271535872,-5999.997854232788,-6779.895272231872,270412.49799728394
2026-04-21,20260428,0.35/0.15,24502.05,7.24,24750,24250,25100,23750,0.358,-0.339,0.155,-0.148,196.0,6.149990081787109,6.850006103515625,-3.7499923706054688,350,500,137.35000610351562,162.14999389648438,43.400001525878906,60.099998474121094,163.85000610351562,118.4000015258789,52.54999923706055,39.849998474121094,-9.45,146.2,136.75,-6.8,158.8,152.0,-16.25,305.0,2,-13.1,141.3,128.2,-16.350006103515625,287.1000061035156,2,,,,-9.449996948242188,146.1999969482422,1,,,,-3.25,145.8000030517578,1,-3.25,145.8,142.55,-9.45,146.2,136.75,-3.25,145.8,142.55,2026,652.8109154195506,883.5797493557606,4612.492561340332,3076.1018965650205,228000.0
2026-04-21,20260428,0.25/0.1,24502.05,7.24,24900,24050,25250,23550,0.262,-0.248,0.095,-0.102,134.6999969482422,6.349998474121094,6.899997711181641,-0.9000053405761719,350,500,87.69999694824219,109.9000015258789,23.5,39.400001525878906,105.75,77.0999984741211,28.25,26.25,-9.85,93.85,84.0,-8.0,107.0,99.0,-17.849998474121094,200.8499984741211,2,-10.55,93.7,83.15,-13.29999542236328,186.8499984741211,2,,,,-9.849998474121094,93.8499984741211,1,,,,-2.75,93.1500015258789,1,-2.75,93.15,90.4,-9.85,93.85,84.0,-2.75,93.15,90.4,2026,489.4566822557057,634.9266729772377,4762.49885559082,3638.1155003578774,273975.00228881836
2026-04-21,20260428,0.25/0.05,24502.05,7.24,24900,24050,25450,23150,0.262,-0.248,0.047,-0.048,169.94999885559082,10.699999809265137,11.59999942779541,-1.2000017166137695,550,900,87.69999694824219,109.9000015258789,10.25,17.399999618530273,105.75,77.0999984741211,11.649999618530272,11.949999809265137,-9.85,93.85,84.0,-8.0,107.0,99.0,-17.849998474121094,200.8499984741211,2,-10.55,93.7,83.15,-13.29999542236328,186.8499984741211,2,,,,-9.849998474121094,93.8499984741211,1,,,,-2.75,93.1500015258789,1,-2.75,93.15,90.4,-9.85,93.85,84.0,-2.75,93.15,90.4,2026,462.3340719533533,578.5122646837258,8024.9998569488525,6984.153520311773,547537.5008583069
2026-04-22,20260428,0.35/0.15,24426.5,6.24,24650,24200,25000,23750,0.359,-0.345,0.155,-0.148,186.05000686645508,10.800003051757812,16.60000228881836,-6.549995422363281,350,450,126.5,155.10000610351562,42.04999923706055,53.5,108.4499969482422,145.35000610351562,32.75,45.79999923706055,4.5,118.2,122.7,0.3,169.0,169.3,4.8000030517578125,287.1999969482422,2,-18.75,151.05,132.3,-27.29999542236328,276.9000015258789,2,0.3,169.0,169.3,0.3000030517578125,169.0,1,,,,0.0,0.0,0,-8.55,125.85,117.3,,,,,,,2026,413.4918105532896,825.5525757153893,8100.002288818359,6860.9579025496805,197962.4948501587
2026-04-22,20260428,0.25/0.1,24426.5,6.24,24800,24000,25150,23550,0.26,-0.244,0.099,-0.095,123.10000038146973,13.050003051757812,16.700000762939453,-4.099998474121094,350,450,81.69999694824219,98.3000030517578,24.649999618530273,32.25,66.8499984741211,88.0,18.200000762939453,26.600000381469727,-0.8,76.45,75.65,2.1,107.4,109.5,1.3000030517578125,183.8499984741211,2,-12.5,92.5,80.0,-18.650001525878903,172.8000030517578,2,2.1,107.4,109.5,2.0999984741210938,107.4000015258789,1,,,,0.0,0.0,0,-6.15,80.3,74.15,,,,,,,2026,528.7217821468818,584.1197230289708,9787.50228881836,8674.660783642506,245174.9997138977
2026-04-22,20260428,0.25/0.05,24426.5,6.24,24800,24000,25350,23250,0.26,-0.244,0.052,-0.049,152.95000076293945,18.550003051757812,22.699997901916504,-5.7000017166137695,550,750,81.69999694824219,98.3000030517578,11.649999618530272,15.399999618530272,66.8499984741211,88.0,8.350000381469727,12.100000381469728,-0.8,76.45,75.65,2.1,107.4,109.5,1.3000030517578125,183.8499984741211,2,-12.5,92.5,80.0,-18.650001525878903,172.8000030517578,2,2.1,107.4,109.5,2.0999984741210938,107.4000015258789,1,,,,0.0,0.0,0,-6.15,80.3,74.15,,,,,,,2026,481.0391755109255,538.9637052506599,13912.50228881836,12892.499408056774,447787.4994277954
2026-04-23,20260428,0.35/0.15,24245.2,5.24,24450,24050,24750,23650,0.35,-0.347,0.158,-0.142,160.85000610351562,15.399995803833008,21.350011825561523,-2.2499961853027344,300,400,107.3499984741211,135.35000610351562,38.54999923706055,43.29999923706055,74.80000305175781,132.60000610351562,24.100000381469727,37.849998474121094,-10.0,134.2,124.2,21.15,125.35,146.5,11.150001525878906,259.5499954223633,2,-15.5,147.2,131.7,-23.79999542236328,235.8999938964844,2,9.7,136.8,146.5,-0.3000030517578125,271.0,2,-15.5,147.2,131.7,-15.5,147.1999969482422,1,-8.3,88.7,80.4,-10.0,134.2,124.2,,,,2026,233.5621417299022,725.3111969723693,11549.996852874756,10591.123514172485,179362.49542236328
2026-04-23,20260428,0.25/0.1,24245.2,5.24,24600,23900,24900,23500,0.242,-0.257,0.098,-0.096,106.45000457763672,15.250007629394531,20.650001525878903,-3.2499961853027344,300,400,65.80000305175781,90.1500015258789,22.0,27.5,42.75,85.19999694824219,13.649999618530272,23.100000381469727,1.45,54.7,56.15,12.15,82.2,94.35,13.60000228881836,136.89999771118164,2,-12.75,97.5,84.75,-17.85000228881836,150.45000076293945,2,2.95,91.4,94.35,2.9499969482421875,91.4000015258789,1,-12.75,97.5,84.75,-12.75,97.5,1,-5.1,52.95,47.85,,,,,,,2026,246.82340924282178,526.2978643873253,11437.505722045898,10664.384448415753,220162.49656677246
2026-04-23,20260428,0.25/0.05,24245.2,5.24,24600,23900,25100,23250,0.242,-0.257,0.05,-0.048,132.850004196167,21.95000696182251,27.95000267028809,-4.649995803833008,500,650,65.80000305175781,90.1500015258789,10.300000190734863,12.800000190734863,42.75,85.19999694824219,6.900000095367432,10.149999618530272,1.45,54.7,56.15,12.15,82.2,94.35,13.60000228881836,136.89999771118164,2,-12.75,97.5,84.75,-17.85000228881836,150.45000076293945,2,2.95,91.4,94.35,2.9499969482421875,91.4000015258789,1,-12.75,97.5,84.75,-12.75,97.5,1,-5.1,52.95,47.85,,,,,,,2026,239.350690478714,489.00485855411506,16462.505221366882,15734.149672334053,387862.49685287476
2026-04-24,20260428,0.35/0.15,23968.5,4.24,24150,23800,24450,23500,0.361,-0.337,0.158,-0.149,137.3499984741211,4.999996185302734,11.39999771118164,-3.1000022888183594,300,300,109.0,102.8499984741211,37.400001525878906,37.099998474121094,81.5999984741211,123.0500030517578,27.700000762939453,44.599998474121094,-10.0,118.25,108.25,-0.5,100.2,99.7,-10.5,218.4499969482422,2,-10.85,110.7,99.85,-7.9499969482421875,189.3999938964844,2,-3.6,103.3,99.7,-13.600006103515623,221.5500030517578,2,-10.85,110.7,99.85,-10.849998474121094,110.6999969482422,1,2.9,78.7,81.6,-10.0,118.25,108.25,,,,2026,1307.7423001997804,692.3724763688374,3749.997138977051,1749.882362408433,121987.50114440918
2026-04-24,20260428,0.25/0.1,23968.5,4.24,24300,23700,24600,23350,0.247,-0.263,0.098,-0.093,96.29999732971191,1.2000007629394531,8.299997329711914,-11.34999942779541,300,350,65.0999984741211,74.0999984741211,21.299999237060547,21.600000381469727,47.599998474121094,89.44999694824219,16.299999237060547,25.649999618530273,-8.15,52.15,44.0,-3.65,72.55,68.9,-11.800003051757812,124.70000457763672,2,-8.4,79.4,71.0,-7.0500030517578125,125.6500015258789,2,-5.4,74.3,68.9,-5.400001525878906,74.30000305175781,1,-8.4,79.4,71.0,-8.400001525878906,79.4000015258789,1,1.35,46.25,47.6,,,,,,,2026,897.7728317790898,510.5066553308411,900.0005722045898,-508.278914905341,190275.00200271606
2026-04-24,20260428,0.25/0.05,23968.5,4.24,24300,23700,24800,23150,0.247,-0.263,0.052,-0.049,118.14999675750732,1.6500005722045898,11.349998474121094,-14.300000190734863,500,550,65.0999984741211,74.0999984741211,10.5,10.550000190734863,47.599998474121094,89.44999694824219,8.399999618530273,12.149999618530272,-8.15,52.15,44.0,-3.65,72.55,68.9,-11.800003051757812,124.70000457763672,2,-8.4,79.4,71.0,-7.0500030517578125,125.6500015258789,2,-5.4,74.3,68.9,-5.400001525878906,74.30000305175781,1,-8.4,79.4,71.0,-8.400001525878906,79.4000015258789,1,1.35,46.25,47.6,,,,,,,2026,777.6886645474933,472.30220319858694,1237.5004291534424,-12.490438592637872,323887.5024318695
2026-04-27,20260428,0.35/0.15,24061.85,1.24,24200,23950,24400,23750,0.33,-0.335,0.138,-0.146,82.55000305175781,17.000001907348633,17.000001907348633,0.0,200,200,64.30000305175781,62.25,20.950000762939453,23.049999237060547,57.45000076293945,35.5,16.549999237060547,10.850000381469728,1.65,53.0,54.65,-8.75,55.7,46.95,-7.099998474121094,108.70000076293944,2,-0.65,74.5,73.85,-5.799999237060547,128.5999984741211,2,3.95,63.85,67.8,-3.899993896484375,129.8499984741211,2,-0.65,74.5,73.85,-0.6500015258789062,74.5,1,-5.15,54.1,48.95,-7.85,66.0,58.15,,,,2026,382.6779677662735,456.80331705382446,12750.001430511475,11910.520145691376,88087.49771118164
2026-04-27,20260428,0.25/0.1,24061.85,1.24,24250,23850,24450,23650,0.271,-0.225,0.109,-0.094,56.5,13.80000066757202,14.200000762939451,-0.6499996185302734,200,200,48.79999923706055,37.95000076293945,16.0,14.25,42.25,19.399999618530273,12.550000190734863,6.400000095367432,-1.1,40.0,38.9,3.5,34.85,38.35,2.4000015258789062,74.8499984741211,2,-0.1,43.8,43.7,-4.399997711181641,83.8499984741211,2,-0.8,39.15,38.35,-9.200000762939451,88.20000076293945,2,-0.1,43.8,43.7,-0.0999984741210937,43.79999923706055,1,-4.3,40.05,35.75,-8.4,49.05,40.65,,,,2026,259.31433496301804,372.0885690832102,10350.000500679014,9718.597596632786,107625.0
2026-04-27,20260428,0.25/0.05,24061.85,1.24,24250,23850,24600,23500,0.271,-0.225,0.054,-0.05,71.84999990463257,19.80000042915344,20.500001430511475,-0.5,350,350,48.79999923706055,37.95000076293945,7.5,7.400000095367432,42.25,19.399999618530273,5.650000095367432,3.950000047683716,-1.1,40.0,38.9,3.5,34.85,38.35,2.4000015258789062,74.8499984741211,2,-0.1,43.8,43.7,-4.399997711181641,83.8499984741211,2,-0.8,39.15,38.35,-9.200000762939451,88.20000076293945,2,-0.1,43.8,43.7,-0.0999984741210937,43.79999923706055,1,-4.3,40.05,35.75,-8.4,49.05,40.65,,,,2026,254.86022211919982,353.43590405938755,14850.00032186508,14241.704195686492,208612.50007152557
2026-04-28,20260505,0.35/0.15,24138.7,7.24,24400,23950,24750,23550,0.342,-0.35,0.144,-0.151,176.0000038146973,7.8000030517578125,9.500007629394531,-5.349994659423828,350,400,122.9000015258789,141.3000030517578,39.20000076293945,49.0,76.69999694824219,172.3000030517578,23.299999237060547,57.5,-8.7,127.85,119.15,-3.85,135.6,131.75,-12.550010681152344,263.4500045776367,2,15.0,148.8,163.8,10.699996948242188,229.8000030517578,2,24.3,144.35,168.65,15.599983215332031,272.2000045776367,2,15.0,148.8,163.8,15.0,148.8000030517578,1,-4.3,81.0,76.7,-8.7,127.85,119.15,,,,2026,236.17504850637118,799.6270618521461,5850.002288818359,4814.200178459842,167999.99713897702
2026-04-28,20260505,0.25/0.1,24138.7,7.24,24550,23750,24850,23400,0.247,-0.238,0.106,-0.105,104.70000267028809,8.700002670288086,9.999998092651367,-1.7999954223632812,300,350,78.4000015258789,85.25,26.850000381469727,32.099998474121094,46.75,102.0999984741211,16.25,36.599998474121094,-8.3,75.2,66.9,-6.75,82.2,75.45,-15.04999542236328,157.39999389648438,2,11.05,89.0,100.05,8.450004577636719,138.3499984741211,2,14.85,86.45,101.3,14.850006103515623,86.44999694824219,1,11.05,89.0,100.05,11.050003051757812,89.0,1,-2.6,49.35,46.75,,,,,,,2026,150.0,570.8306087479086,6525.002002716064,5804.171393968156,183974.99799728394
2026-04-28,20260505,0.25/0.05,24138.7,7.24,24550,23750,25100,23100,0.247,-0.238,0.047,-0.049,139.5500020980835,12.70000410079956,14.500000953674316,-4.499998569488525,550,650,78.4000015258789,85.25,10.399999618530272,13.699999809265137,46.75,102.0999984741211,7.400000095367432,14.600000381469728,-8.3,75.2,66.9,-6.75,82.2,75.45,-15.04999542236328,157.39999389648438,2,11.05,89.0,100.05,8.450004577636719,138.3499984741211,2,14.85,86.45,101.3,14.850006103515623,86.44999694824219,1,11.05,89.0,100.05,11.050003051757812,89.0,1,-2.6,49.35,46.75,,,,,,,2026,150.0,514.6233514757769,9525.00307559967,8860.379724123894,382837.4984264374
2026-04-29,20260505,0.35/0.15,24146.8,6.24,24350,24000,24650,23650,0.353,-0.357,0.151,-0.154,149.3499984741211,-0.1999969482421875,2.9999961853027344,-20.100006103515625,300,350,107.5,119.4499969482422,35.04999923706055,42.54999923706055,125.1999969482422,105.3499984741211,44.150001525878906,36.849998474121094,13.15,124.35,137.5,-9.95,91.85,81.9,3.2000045776367188,216.1999969482422,2,17.25,80.95,98.2,13.300003051757812,257.9499969482422,2,,,,13.150001525878906,124.3499984741211,1,,,,-3.949996948242187,177.0,1,-3.95,177.0,173.05,13.15,124.35,137.5,-3.95,177.0,173.05,2026,1118.5242283907291,736.4491590925522,-149.99771118164062,-2004.971098664922,150487.50114440918
2026-04-29,20260505,0.25/0.1,24146.8,6.24,24500,23850,24750,23500,0.239,-0.255,0.108,-0.104,89.30000114440918,-0.8499946594238281,2.5500030517578125,-16.149995803833008,250,350,62.849998474121094,77.4000015258789,23.649999618530273,27.299999237060547,75.44999694824219,68.25,30.350000381469727,23.200000762939453,36.6,74.8,111.4,17.5,50.75,68.25,54.099998474121094,125.5500030517578,2,11.25,52.3,63.55,8.5,163.64999771118164,2,,,,36.599998474121094,74.80000305175781,1,,,,-2.75,111.3499984741211,1,-2.75,111.35,108.6,36.6,74.8,111.4,-2.75,111.35,108.6,2026,842.436663273299,533.6928157057495,-637.4959945678711,-2013.6254735469197,195524.99914169312
2026-04-29,20260505,0.25/0.05,24146.8,6.24,24500,23850,24950,23200,0.239,-0.255,0.054,-0.047,117.60000038146973,-1.3999967575073242,4.000002861022949,-26.34999656677246,450,650,62.849998474121094,77.4000015258789,10.75,11.899999618530272,75.44999694824219,68.25,14.649999618530272,10.050000190734863,36.6,74.8,111.4,17.5,50.75,68.25,54.099998474121094,125.5500030517578,2,11.25,52.3,63.55,8.5,163.64999771118164,2,,,,36.599998474121094,74.80000305175781,1,,,,-2.75,111.3499984741211,1,-2.75,111.35,108.6,36.6,74.8,111.4,-2.75,111.35,108.6,2026,700.5235323908533,482.5789617154479,-1049.9975681304932,-2233.100062236794,399299.9997138977
2026-04-30,20260505,0.35/0.15,23941.0,5.24,24150,23750,24450,23450,0.336,-0.332,0.144,-0.158,130.14999771118164,-4.300004959106445,5.450000762939453,-17.45000457763672,300,300,94.6999969482422,112.0,33.04999923706055,43.5,139.5500030517578,71.8499984741211,48.849998474121094,28.100000381469727,9.0,74.75,83.75,8.8,138.75,147.55,17.800003051757812,213.5,2,-14.5,171.0,156.5,36.54999542236328,249.6500015258789,2,8.8,138.75,147.55,7.700004577636719,233.5,2,-14.5,171.0,156.5,19.75,266.4499969482422,2,51.05,78.65,129.7,-1.1,94.75,93.65,34.25,95.45,129.7,2026,683.1011681612935,694.6251750138941,-3225.003719329834,-4602.730062505022,127387.50171661377
2026-04-30,20260505,0.25/0.1,23941.0,5.24,24250,23650,24550,23300,0.26,-0.265,0.106,-0.101,102.44999504089355,1.599994659423828,7.6999969482421875,-19.19999885559082,300,350,68.19999694824219,82.94999694824219,23.149999618530273,25.549999237060547,100.1500015258789,52.5,33.95000076293945,17.850000381469727,12.5,51.8,64.3,4.35,104.65,109.0,16.85000228881836,156.45000076293945,2,-11.2,130.9,119.7,27.550003051757812,186.6499938964844,2,4.35,104.65,109.0,0.3499984741210937,172.95000457763672,2,-11.2,130.9,119.7,14.100006103515623,200.09999084472656,2,38.75,55.75,94.5,-4.0,68.3,64.3,25.3,69.2,94.5,2026,510.4238532372631,549.1352176361428,1199.9959945678709,140.436923694465,185662.50371932983
2026-04-30,20260505,0.25/0.05,23941.0,5.24,24250,23650,24800,23050,0.26,-0.265,0.048,-0.047,130.39999389648438,-0.3500080108642578,9.999995231628418,-27.95000267028809,550,600,68.19999694824219,82.94999694824219,9.649999618530272,11.100000381469728,100.1500015258789,52.5,12.899999618530272,9.0,12.5,51.8,64.3,4.35,104.65,109.0,16.85000228881836,156.45000076293945,2,-11.2,130.9,119.7,27.550003051757812,186.6499938964844,2,4.35,104.65,109.0,0.3499984741210937,172.95000457763672,2,-11.2,130.9,119.7,14.100006103515623,200.09999084472656,2,38.75,55.75,94.5,-4.0,68.3,64.3,25.3,69.2,94.5,2026,469.6108551386462,496.6272606499911,-262.50600814819336,-1228.7441239368306,352200.0045776367
2026-05-04,20260505,0.35/0.15,24275.5,1.24,24400,24200,24600,23950,0.357,-0.378,0.156,-0.141,98.64999771118164,-28.40000343322754,3.749998092651367,-59.15000534057617,200,250,76.6500015258789,69.94999694824219,25.350000381469727,22.600000381469727,27.950000762939453,156.25,8.399999618530273,48.75,-1.25,54.3,53.05,-7.05,95.4,88.35,-8.300003051757812,149.70000076293945,2,-21.05,155.55,134.5,-28.70000457763672,213.70000457763672,2,-7.05,95.4,88.35,-7.0500030517578125,95.4000015258789,1,-21.05,155.55,134.5,-21.050003051757812,155.5500030517578,1,-7.65,58.15,50.5,,,,,,,2026,933.4274153691747,560.692508218278,-21300.002574920654,-22794.122498508106,113512.50171661377
2026-05-04,20260505,0.25/0.1,24275.5,1.24,24500,24100,24700,23850,0.244,-0.258,0.096,-0.095,59.74999904632568,-26.40000009536743,3.049999237060547,-58.199997901916504,200,250,44.95000076293945,44.099998474121094,14.25,15.050000190734863,15.649999618530272,103.25,5.150000095367432,27.600000381469727,-3.95,33.55,29.6,-8.4,62.4,54.0,-12.35000228881836,95.95000076293944,2,-17.5,105.35,87.85,-22.499998092651367,139.9499969482422,2,-8.4,62.4,54.0,-8.400001525878906,62.400001525878906,1,-17.5,105.35,87.85,-17.5,105.3499984741211,1,-5.0,34.6,29.6,,,,,,,2026,691.9406775304088,414.2973845234845,-19800.000071525574,-20906.238133579467,142687.50071525574
2026-05-04,20260505,0.25/0.05,24275.5,1.24,24500,24100,24850,23650,0.244,-0.258,0.048,-0.046,75.09999895095825,-32.40000081062317,4.6999993324279785,-80.74999713897705,350,450,44.95000076293945,44.099998474121094,6.650000095367432,7.300000190734863,15.649999618530272,103.25,3.200000047683716,8.199999809265137,-3.95,33.55,29.6,-8.4,62.4,54.0,-12.35000228881836,95.95000076293944,2,-17.5,105.35,87.85,-22.499998092651367,139.9499969482422,2,-8.4,62.4,54.0,-8.400001525878906,62.400001525878906,1,-17.5,105.35,87.85,-17.5,105.3499984741211,1,-5.0,34.6,29.6,,,,,,,2026,624.9711004815406,378.36081281286107,-24300.000607967377,-25303.33252126178,281175.0007867813
