date,open,close,high,low,rv,range_pct,trend_eff,acf1,spot_945,ret,gap_pct,rv_cc,expiry,dte,atm_iv,straddle_pct,vrp,year,m
2024-01-01,21732.15,21685.35,21834.35,21680.85,4.83626991411806,0.7063268015359732,0.1429409005628457,-0.08656416235411721,21706.15,,,,,,,,,2024,2024-01
2024-01-02,21755.6,21661.5,21755.6,21555.65,8.516703264383569,0.9190737097574744,0.04098508648394789,0.014888981790673118,21731.2,-0.10998208467928317,0.32395142342640515,,,,,,,2024,2024-01
2024-01-03,21677.0,21523.7,21677.0,21500.35,7.208001319189451,0.8149190386123608,0.02630252100840283,-0.1510731603571091,21570.2,-0.6361516977125281,0.07155552477897675,,,,,,,2024,2024-01
2024-01-04,21612.95,21669.6,21685.65,21564.55,4.437712088553207,0.560312220219832,0.0634704830053715,-0.17165918274432235,21612.8,0.6778574315754238,0.4146591896374785,,,,,,,2024,2024-01
2024-01-08,21751.55,21511.35,21763.95,21492.9,8.14202022251685,1.246118092733618,0.08220919556465862,0.08355784416733994,21650.15,-0.7302857459297818,0.3781795695352086,,,,,,,2024,2024-01
2024-01-09,21655.2,21551.95,21724.45,21517.85,8.489485155477652,0.9540433706453978,0.0457096412122144,-0.11170031181627288,21613.75,0.18873757342054986,0.6687167472055444,,,,,,,2024,2024-01
2024-01-10,21533.5,21625.4,21641.85,21448.65,8.742563060906697,0.8972066779668753,0.054492512479199715,-0.13235055923867042,21541.75,0.3408044283695899,0.08560710283757045,,,,,,,2024,2024-01
2024-01-12,21789.15,21908.25,21928.25,21715.15,6.665520519859092,0.9780096974870454,0.14728015480541265,0.013266923742944336,21742.2,1.3079526852682433,0.7572114273030728,,,,,,,2024,2024-01
2024-01-15,22036.95,22110.45,22115.55,21963.55,6.943438401365565,0.6897506233848151,0.04078737364781163,0.02346597815111829,22049.8,0.9229399883605494,0.5874499332443328,,,,,,,2024,2024-01
2024-01-16,22088.2,22031.5,22124.15,21969.8,8.150096844009166,0.6987893988645619,0.02482065997130442,-0.23483357139729766,22072.55,-0.35707097775034,0.10063114952432173,,,,,,,2024,2024-01
2024-01-17,21674.2,21577.25,21851.5,21550.45,9.054936572444007,1.3889786012863186,0.16319566257374976,-0.03131716145426686,21825.25,-2.061820575085671,1.6217688309919875,,,,,,,2024,2024-01
2024-01-18,21426.7,21479.15,21539.4,21285.55,12.084163382254125,1.1847368003472405,0.03581905583631294,-0.1921284211251301,21378.35,-0.4546455178486508,0.697725613783029,,,,,,,2024,2024-01
2024-01-19,21603.25,21638.2,21670.6,21575.0,8.34944950135828,0.44252600881811094,0.02639440480793075,-0.08696226823810334,21628.9,0.7404855406289323,0.5777696044768854,,,,,,,2024,2024-01
2024-01-20,21698.4,21585.7,21720.3,21541.8,7.340922329454094,0.8226413007410683,0.052935514918192296,-0.11057136960868694,21646.55,-0.24262646615706984,0.278211681193441,,,,,,,2024,2024-01
2024-01-23,21725.5,21243.05,21749.25,21193.0,13.260435896867884,2.5603553427999355,0.21974859912161324,-0.18719997213691672,21727.75,-1.587393505885848,0.6476509911654382,,,,,,,2024,2024-01
2024-01-24,21195.9,21460.7,21482.35,21137.2,15.113229468871333,1.6283809604687596,0.06139031583881876,-0.09001308202050852,21290.6,1.0245703889036673,0.22195494526444648,,,,,,,2024,2024-01
2024-01-25,21456.85,21370.75,21459.0,21247.05,11.118111015938153,0.9877964379673658,0.04233370765976271,-0.06992281364380214,21372.1,-0.41913823873406253,0.017939768973063153,,,,,,,2024,2024-01
2024-01-29,21439.55,21740.05,21763.25,21429.6,8.763692094799724,1.5562360217448663,0.11311740321787604,-0.3967531702531145,21537.65,1.728062889697357,0.32193535556777064,,,,,,,2024,2024-01
2024-01-30,21784.65,21528.8,21813.05,21501.8,9.556994757892614,1.42875832294758,0.12193655089460285,-0.08874880677398296,21748.35,-0.9717088967136744,0.20515132209908415,,,,,,,2024,2024-01
2024-01-31,21504.05,21709.65,21741.35,21448.85,9.176599336779377,1.3602088908833454,0.07771922627875572,-0.03406933495592524,21578.1,0.8400375311211183,0.11496228308126577,,,,,,,2024,2024-01
2024-02-01,21788.35,21689.65,21832.95,21658.75,13.50752510503087,0.799509829794366,0.017707985299031476,-0.2482760037609375,21752.55,-0.0921249306184091,0.36251160198343957,15.324249478674545,,,,,,2024,2024-02
2024-02-06,21830.9,21938.8,21951.4,21737.55,8.473590423961909,0.9795748228428611,0.05513907377566003,-0.07746039019405006,21847.35,1.1487045664637208,0.6512322697692197,15.84113171586545,,,,,,2024,2024-02
2024-02-07,22046.4,21949.8,22053.3,21860.15,8.985864907512669,0.8761067566586735,0.026718031564558438,-0.02635987504772325,21975.0,0.05013947891407966,0.4904552664685591,15.622116779420402,,,,,,2024,2024-02
2024-02-08,22011.05,21759.7,22011.05,21665.3,11.930875997350007,1.5708019381174456,0.15361547889123867,0.21236940195686435,21966.65,-0.8660671167846523,0.27904582274098644,15.828100362911318,,,,,,2024,2024-02
2024-02-13,21665.6,21728.0,21766.8,21543.35,10.71789508916862,1.0313584668783728,0.0801848480604936,0.010522176494603287,21606.55,-0.14568215554442432,0.43245081503882066,15.592146881532917,,,,,,2024,2024-02
2024-02-14,21591.0,21848.7,21870.85,21530.2,10.120381756949744,1.5777407253021993,0.16556964886013545,0.13827390265697245,21559.7,0.5555044182621538,0.6305228276877739,15.68801905528478,,,,,,2024,2024-02
2024-02-15,21923.25,21927.05,21953.85,21794.8,10.987603617317655,0.7254855005530625,0.0360096917035676,-0.2592570363327632,21840.9,0.3586025713200325,0.3412102321877164,15.692174706871048,,,,,,2024,2024-02
2024-02-16,22021.7,22035.7,22068.65,21968.95,6.773525047848331,0.4527352565878235,0.056900880963531124,-0.3254398143134709,21990.35,0.49550669150661975,0.4316586134477829,15.098565253154245,,,,,,2024,2024-02
2024-02-19,22107.5,22116.95,22186.65,22021.05,6.983505172644295,0.7490670586904996,0.06456813168165385,-0.10085245590850238,22057.7,0.368719850061483,0.3258348951928003,14.790474000835538,,,,,,2024,2024-02
2024-02-20,22111.35,22209.2,22215.6,22045.85,7.772034016761239,0.7677052735359895,0.03910527139058349,-0.0703283276212691,22108.95,0.4171009112920121,0.025319946918545,14.793984915519998,,,,,,2024,2024-02
2024-02-21,22230.35,22028.75,22249.4,21997.95,9.540061000265748,1.1311112960434755,0.12761079179622392,-0.06120927445328932,22234.05,-0.8125011256596371,0.09523080525186689,12.989656566833075,,,,,,2024,2024-02
2024-02-22,22090.0,22216.9,22252.5,21875.25,10.856757791293752,1.7077863286555002,0.07413760243948955,0.2546580481748841,22050.6,0.8541111048062211,0.2780457356863275,13.069903550995852,,,,,,2024,2024-02
2024-02-23,22295.5,22193.65,22297.5,22186.1,8.338784175299537,0.4996523962234597,0.027264669384858355,-0.1192253602169211,22261.6,-0.1046500636902592,0.353784731443163,12.926032137268828,,,,,,2024,2024-02
2024-02-26,22173.95,22117.15,22202.15,22075.15,6.90408048406101,0.5727441434656432,0.06351397997929044,-0.036355809049709586,22197.7,-0.3446931892680971,0.08876412847819148,12.970054941900425,,,,,,2024,2024-02
2024-02-27,22099.8,22194.2,22218.25,22085.65,6.644749194906666,0.6000054299133863,0.0463182897862225,-0.07904960553055615,22138.15,0.34837219081120807,0.07844591188287398,11.292258920547543,,,,,,2024,2024-02
2024-02-28,22223.75,21925.45,22229.15,21915.85,11.029689159968527,1.409753079475799,0.12207538994800397,0.06840686219306406,22209.85,-1.2109019473556137,0.1331428931883094,11.952778160934214,,,,,,2024,2024-02
2024-02-29,21932.15,22042.05,22060.55,21860.65,12.975619378816686,0.911447350122983,0.02067943403654124,0.02215997156636666,21957.3,0.5318020838796844,0.03055809572893864,11.870919605952746,,,,,,2024,2024-02
2024-03-01,22068.15,22327.3,22353.3,22047.75,7.719036611727832,1.384574601858331,0.14247355573636986,-0.1791626394108221,22170.55,1.2941173801892303,0.11841003899366598,11.189805738928317,,,,,,2024,2024-03
2024-03-04,22411.8,22397.65,22440.9,22358.3,6.278767851212541,0.36855585004329056,0.024930994568605758,-0.15860899307290635,22386.85,0.3150851200100391,0.37846044976328486,10.405501809630323,,,,,,2024,2024-03
2024-03-06,22338.25,22482.85,22497.2,22224.35,10.006685754927126,1.2214475171510848,0.05624265487715992,0.13993722777566894,22349.7,0.3803970505834142,0.26520639442084715,10.155465619113322,,,,,,2024,2024-03
2024-03-11,22526.6,22319.85,22526.6,22307.25,6.7734636630499905,0.9737377145241563,0.07460035523978856,-0.05942259801159805,22472.5,-0.7249970533095174,0.19459276737601172,10.61599854387117,,,,,,2024,2024-03
2024-03-13,22446.75,21981.05,22446.75,21905.65,13.062930349065915,2.4105939612638734,0.15055806740493202,-0.1110937461614942,22332.0,-1.5179313481049395,0.5685522080121519,11.459928126140152,,,,,,2024,2024-03
2024-03-14,21986.7,22153.05,22204.6,21917.5,9.85174965395091,1.3057894090518294,0.07465437788018503,-0.030752909731884208,22007.75,0.7824921921382177,0.025703958637102176,11.782477987972513,,,,,,2024,2024-03
2024-03-15,22074.85,21996.55,22120.9,21931.7,9.409768032514107,0.8570839665954729,0.031206427196069347,-0.18557058371871543,22043.3,-0.7064489991220224,0.3529987970053772,11.630757923622344,,,,,,2024,2024-03
2024-03-18,22006.05,22051.5,22123.7,21916.55,10.271030974087084,0.9413320427791515,0.06983264698151156,-0.19524691000100375,21959.45,0.249811902321051,0.04318859093812577,11.624206277235922,,,,,,2024,2024-03
2024-03-19,21959.9,21810.35,21978.3,21793.1,7.791892078986577,0.8433553886857441,0.10058641168341556,-0.015991322888601556,21965.7,-1.0935764006983706,0.415391243226082,12.183299255940723,,,,,,2024,2024-03
2024-03-20,21864.55,21853.6,21930.9,21710.2,10.132759653955546,1.0093964888369564,0.015973876974669992,-0.049278180045891,21859.6,0.19830034822916343,0.24850586991955748,12.13285937035993,,,,,,2024,2024-03
2024-03-21,22020.95,22014.8,22080.95,21941.3,7.125404476788128,0.6341688255956326,0.01591176965818969,0.21687434474997772,22004.35,0.7376359043818947,0.765777720833194,12.29704806641198,,,,,,2024,2024-03
2024-03-22,21951.0,22080.8,22180.7,21883.3,7.7118106395455825,1.3548357705799345,0.15817003669295493,-0.20705157888165127,21916.05,0.29979831749549213,0.2898050402456498,12.271906368987176,,,,,,2024,2024-03
2024-03-26,21993.4,22018.25,22073.2,21947.55,6.329278454598085,0.5713077559631592,0.0003739366177412415,-0.1419151622999444,22011.95,-0.28327777979058055,0.39581899206549975,12.203777248772385,,,,,,2024,2024-03
2024-03-27,22065.85,22145.45,22193.6,22052.85,4.929243679741076,0.6378634858842964,0.025435677626754184,-0.22886237160629297,22117.9,0.5777025876261721,0.2161843016588394,12.0336724137826,,,,,,2024,2024-03
2024-03-28,22186.35,22343.1,22516.0,22173.85,8.957930886879222,1.5421644389455746,0.09729805403891535,0.11969031265547432,22257.9,0.8925083933719824,0.18468805104434605,12.069303862126423,,,,,,2024,2024-03
2024-04-01,22461.65,22469.05,22529.95,22427.75,5.500403113832369,0.4549977405934147,0.03365828630067075,-0.1624023299051463,22493.15,0.5637087064910506,0.5305888618857946,12.20205864135877,,,,,,2024,2024-04
2024-04-02,22463.7,22464.3,22497.6,22388.15,5.598838041495341,0.4872305096666938,0.032804011700791426,-0.3719097352533022,22473.55,-0.021140190617763288,0.02381053048525761,12.111868410408286,,,,,,2024,2024-04
2024-04-03,22408.05,22445.55,22521.1,22346.5,6.133809871420629,0.7791842663685531,0.07252298263533878,-0.047849767220370786,22374.45,-0.08346576568154518,0.25039729704464664,12.082240735802005,,,,,,2024,2024-04
2024-04-04,22616.0,22541.2,22619.0,22303.8,13.371836363889702,1.3937035726919027,0.008382052546313773,-0.13670943959606002,22469.8,0.42614237566021007,0.75939328731085,11.162381467889563,,,,,,2024,2024-04
2024-04-05,22486.45,22525.5,22537.6,22427.6,6.1325945479568125,0.4891834860549353,0.03375745340156459,-0.2632192678535844,22474.4,-0.06965024044860435,0.24288857736056713,11.086960872781388,,,,,,2024,2024-04
2024-04-08,22581.7,22661.0,22697.3,22550.35,5.516904990479315,0.6507481721925308,0.06592566155101391,-0.11143866533978009,22609.15,0.6015404763490162,0.24949501675879393,10.35501012204824,,,,,,2024,2024-04
2024-04-09,22765.3,22642.05,22768.4,22612.25,6.427945833230083,0.6859123314869624,0.08221187025534732,-0.11395031670947144,22736.85,-0.08362384713825888,0.46026212435461566,10.329717431774316,,,,,,2024,2024-04
2024-04-10,22726.6,22735.05,22775.7,22673.7,5.057604689127137,0.4488132848732323,0.036394176931690635,-0.10616154598626235,22715.85,0.4107401935778743,0.3734202512581719,10.342897520954345,,,,,,2024,2024-04
2024-04-12,22687.65,22519.4,22726.45,22503.75,8.915201197873317,0.9815913062833775,0.08517238948036335,0.05285804741246865,22650.6,-0.948535411182283,0.20848865518218185,10.594665418988475,,,,,,2024,2024-04
2024-04-15,22365.8,22275.45,22427.45,22259.55,8.078453242897384,0.7506997290506106,0.0009984837838826698,0.06859968122327867,22284.35,-1.0832881870742606,0.682078563372035,9.827950092282798,,,,,,2024,2024-04
2024-04-16,22147.35,22177.45,22213.75,22079.45,6.730967205875081,0.6063930899182036,0.04125015300501941,-0.034676540305691755,22178.8,-0.4399462188193759,0.5750725574567572,9.60524621094604,,,,,,2024,2024-04
2024-04-18,22228.75,22045.75,22326.5,21961.7,18.092781453092922,1.6411179216105236,0.0860084395643241,-0.23263937992631142,22204.45,-0.593846452139446,0.2313160439996409,9.502039488675786,,,,,,2024,2024-04
2024-04-19,21839.95,22149.7,22179.55,21777.65,11.74331199188375,1.8402056781265423,0.14058265582656015,-0.1756834038765778,21842.6,0.47151945386298966,0.9335132621933862,9.607368651956465,,,,,,2024,2024-04
2024-04-22,22337.1,22370.5,22375.65,22198.15,6.879039921783173,0.7946420976760636,0.08478986858654596,-0.2473497609494228,22218.9,0.9968532305177913,0.8460611204666346,9.240840881274664,,,,,,2024,2024-04
2024-04-23,22447.55,22363.4,22447.55,22349.45,5.936469204930192,0.43701873923879686,0.008472476836941644,-0.08797140881776039,22394.25,-0.03173822668245396,0.3444268120962768,9.25385745971557,,,,,,2024,2024-04
2024-04-24,22426.5,22412.2,22476.45,22384.0,4.611529539017145,0.41223552493701976,0.013456464379947866,-0.0044874746904692234,22414.0,0.218213688437352,0.2821574536966631,8.971162546868335,,,,,,2024,2024-04
2024-04-25,22333.55,22559.25,22625.95,22305.25,10.863090376858759,1.4359562183351986,0.10477930996289606,0.06055872551345294,22393.45,0.6561158654661225,0.35092494266516505,9.168145814084387,,,,,,2024,2024-04
2024-04-26,22610.9,22450.2,22615.5,22385.55,7.094946750170619,1.016987382191778,0.13707592891761405,0.007671417072085328,22589.95,-0.48339372984473883,0.22895264691866757,9.308109653708188,,,,,,2024,2024-04
2024-04-29,22488.45,22633.15,22655.8,22441.9,6.248379394768389,0.9511549261954373,0.14784622510421544,-0.24740680750736643,22480.35,0.8149147891778341,0.17037710131757589,9.505956121912368,,,,,,2024,2024-04
2024-04-30,22684.9,22589.3,22783.35,22568.4,7.398387301948476,0.9475466058920122,0.044186827956990894,0.12748881145121718,22703.95,-0.1937423646288794,0.2286469183476525,9.09410318433814,,,,,,2024,2024-04
2024-05-02,22582.95,22656.75,22710.5,22580.6,8.165201295416903,0.5752127157878021,0.008779504893495316,-0.16327680326192673,22664.7,0.298592696542177,0.028110654159263504,8.945413886379391,,,,,,2024,2024-05
2024-05-03,22772.55,22456.7,22794.7,22348.05,11.718755594882735,1.9613525933635074,0.15472523104442043,0.04097546987899272,22766.4,-0.8829598243349057,0.5111059617994629,9.531408847100602,,,,,,2024,2024-05
2024-05-06,22565.2,22458.0,22588.8,22409.45,9.604419556809415,0.7948079343413686,0.030946015131689635,-0.20448507514015551,22482.05,0.005788918229310269,0.4831520214457097,9.526303872725576,,,,,,2024,2024-05
2024-05-07,22493.65,22304.5,22499.05,22232.05,10.051365567206483,1.1870016649143202,0.08384446726430302,-0.10206799332934646,22464.15,-0.6834980853148154,0.15874076053077335,9.687802580957804,,,,,,2024,2024-05
2024-05-08,22248.1,22306.75,22368.65,22185.2,10.530923915328064,0.8245647942970444,0.025771466905187713,-0.04189393763718741,22259.7,0.010087650474122078,0.25286377188460385,9.689900783808337,,,,,,2024,2024-05
2024-05-09,22247.85,21968.15,22307.75,21932.4,10.057117218058655,1.6871293181138787,0.1563662121480449,-0.0428515607470766,22247.75,-1.5179261882613981,0.2640456364105148,10.678601968645767,,,,,,2024,2024-05
2024-05-10,21992.1,22054.0,22131.3,21950.3,8.884950475376737,0.8230228127373013,0.017044888194837595,0.024103617665761135,22062.4,0.39079303446125646,0.1090214697186509,10.850866298289782,,,,,,2024,2024-05
2024-05-13,22037.3,22119.4,22131.65,21821.05,10.858728731129734,1.409428559760053,0.11521147403685264,0.18817293294092002,21881.1,0.29654484447265705,0.07572322481183003,10.782849509261716,,,,,,2024,2024-05
2024-05-14,22132.1,22223.8,22270.05,22081.25,7.899294142493667,0.8530595831394187,0.06476879646932626,-0.13779455933581863,22144.55,0.47198386936353476,0.05741566226931116,10.537508691942495,,,,,,2024,2024-05
2024-05-15,22265.0,22210.4,22297.55,22151.75,8.436761037495561,0.6548394340893747,0.049461593682696224,-0.0710738296682483,22295.55,-0.06029571900394437,0.18538683753452911,9.826702436842663,,,,,,2024,2024-05
2024-05-16,22324.3,22392.35,22432.25,22054.55,14.398134944310732,1.6918783567681888,0.05577495723427288,0.17654227427996097,22244.6,0.819210820156302,0.5128228217411657,10.113058762254573,,,,,,2024,2024-05
2024-05-17,22426.5,22465.4,22502.15,22345.65,8.74171051119834,0.6978351503801307,0.0804053068960485,0.08796505990871377,22353.8,0.3262274839398449,0.15250744115735682,9.8601499653116,,,,,,2024,2024-05
2024-05-21,22448.75,22507.55,22591.1,22440.9,5.245366799133506,0.6690795701319543,0.05089885206844343,-0.04987089670310128,22479.5,0.187621854051101,0.07411397081735771,9.767875099186785,,,,,,2024,2024-05
2024-05-22,22577.4,22620.5,22629.5,22483.15,7.058686526013405,0.6482145862676771,0.05776008624621375,-0.127679781583165,22492.65,0.5018316076161211,0.31034030802998824,9.299760322365566,,,,,,2024,2024-05
2024-05-23,22600.75,22951.0,22993.6,22577.45,9.560219072920866,1.8413105759764514,0.16643313093570208,-0.0820234072013967,22668.45,1.4610640790433393,0.08731018324086293,10.537625875362206,,,,,,2024,2024-05
2024-05-24,22932.4,22952.0,23026.4,22908.0,7.262939473102644,0.5163000819800869,0.029159519725557553,-0.08421605830278762,22980.95,0.004357108622721206,0.08104222038254338,10.541723718308772,,,,,,2024,2024-05
2024-05-27,23039.6,22931.05,23110.8,22871.2,7.619762240746976,1.039948610218921,0.08707785642062603,0.3937919955319286,22990.95,-0.09127744858835607,0.38166608574414784,10.371140711151906,,,,,,2024,2024-05
2024-05-28,22985.45,22865.05,22998.55,22858.5,7.12426308172309,0.6092984910019132,0.04712612367202386,-0.22481251483328607,22954.6,-0.2878193541071994,0.2372329221732139,10.251828843599922,,,,,,2024,2024-05
2024-05-29,22792.0,22705.8,22825.5,22685.45,7.667266809154031,0.6144699894699863,0.07048939456730584,-0.16960921574627302,22806.8,-0.6964778122068416,0.31948322877054514,10.24512311992374,,,,,,2024,2024-05
2024-05-30,22642.15,22555.85,22705.75,22417.0,8.202698114566322,1.2752764203046087,0.11236589497459228,-0.09372357509342387,22611.6,-0.6604039496516334,0.2803248509191336,10.503698080194921,,,,,,2024,2024-05
2024-05-31,22572.0,22547.95,22653.75,22465.1,9.71112951341512,0.8357699805068292,0.05319214053987908,0.1438849862855409,22628.65,-0.03502417332974517,0.07160005054120955,10.44224467816078,,,,,,2024,2024-05
2024-06-03,23338.7,23305.95,23338.7,23062.3,9.08965901870983,1.1842990397922826,0.09096527005314506,-0.05071659118234426,23084.65,3.361724680070699,3.506970700218859,15.463489536510705,,,,,,2024,2024-06
2024-06-04,23153.6,21996.45,23159.45,21281.45,63.1547092123073,8.111049685578053,0.0754558152002669,-0.0159480044408346,22618.15,-5.61873684617018,0.6536957300603552,25.7922807615187,,,,,,2024,2024-06
2024-06-05,22131.6,22573.0,22670.4,21791.95,24.297663695913826,3.9692114442697357,0.16080274648049597,-0.02073209596566154,21943.25,2.6211047691786504,0.614417326432215,27.40257449115959,,,,,,2024,2024-06
2024-06-06,22799.5,22849.05,22910.15,22642.6,18.87874968819961,1.1734906467247217,0.014693297361589006,-0.24994496986473397,22736.8,1.2229211890311342,1.0034111549195979,27.70147428811116,,,,,,2024,2024-06
2024-06-07,22824.3,23270.05,23320.2,22789.05,11.927855815696233,2.327125037788679,0.17165898617511693,-0.1187423839262178,22934.3,1.8425273698468914,0.10831960190904599,27.610286814148115,,,,,,2024,2024-06
2024-06-10,23321.15,23234.45,23411.9,23227.15,9.782720592158848,0.7921993555206326,0.008090614886731384,0.10582100067127784,23303.25,-0.15298634940620337,0.21959557456903145,27.654761063731097,,,,,,2024,2024-06
2024-06-11,23288.2,23261.8,23389.45,23206.65,7.068466833567768,0.7849468829707718,0.04225019669551555,-0.16977724328750096,23258.85,0.11771313717345855,0.23133751821109438,27.66025863778763,,,,,,2024,2024-06
2024-06-12,23330.6,23305.65,23441.95,23295.95,7.726188731003656,0.6257875922608077,0.01768202080237654,-0.32867360989974775,23375.7,0.18850647843247081,0.2957638703797505,27.650664694592468,,,,,,2024,2024-06
2024-06-13,23481.05,23399.35,23481.05,23353.9,6.577765723992138,0.5415004865625592,0.0038534792044989455,-0.24559407717280016,23386.25,0.4020484303162375,0.7526072003998907,27.629971900697274,,,,,,2024,2024-06
2024-06-14,23469.45,23451.55,23490.4,23334.25,4.731317775079703,0.6653330180298279,0.18020207187620343,-0.14838319579816622,23340.65,0.22308311983025852,0.2995809712663,27.555371829832588,,,,,,2024,2024-06
2024-06-18,23573.85,23562.3,23579.05,23499.7,4.830198782348007,0.3366017854529428,0.014095992544266567,-0.21359177717223282,23565.8,0.4722502350590796,0.5215007110404235,27.56589060944622,,,,,,2024,2024-06
2024-06-19,23630.85,23521.4,23664.0,23412.9,10.443755182554426,1.0625940243368248,0.01843280986650282,-0.11059656194860043,23566.25,-0.17358237523500408,0.29093085140246,27.60707469468478,,,,,,2024,2024-06
2024-06-20,23587.7,23579.15,23624.0,23442.6,9.097499572595781,0.7690448835622017,0.04492523488156538,-0.16813196467324887,23501.15,0.24552109993452031,0.2818709770676886,27.589220904532784,,,,,,2024,2024-06
2024-06-21,23654.4,23453.15,23667.1,23398.2,12.44358173205488,1.1367863906926314,0.015600142467053695,-0.04096348859118762,23579.3,-0.5343704077543032,0.31913788240882646,27.308734085898926,,,,,,2024,2024-06
2024-06-24,23393.0,23549.15,23558.1,23350.0,7.517104649806656,0.8895823536955437,0.07256354090608658,-0.25822592167217356,23400.65,0.4093266789322536,0.2564687472685012,27.32331696465824,,,,,,2024,2024-06
2024-06-25,23585.55,23721.9,23754.15,23562.05,6.487032648383301,0.8144817483586441,0.07695519645914281,-0.1263552089234709,23595.65,0.7335721246839011,0.15457033481036664,27.38639586918201,,,,,,2024,2024-06
2024-06-26,23736.25,23840.25,23889.9,23670.45,7.246396248398571,0.9245352572542029,0.12550665375372452,-0.32799991457282884,23693.1,0.4989060741340312,0.06049262495837482,27.348966760130054,,,,,,2024,2024-06
2024-06-27,23887.25,24036.1,24087.45,23805.4,11.288649758828308,1.1807554239186147,0.07928057911888323,-0.16534986279270775,23871.4,0.8215098415494726,0.19714558362433632,27.202212793169895,,,,,,2024,2024-06
2024-06-28,24095.45,24009.8,24174.0,23985.8,9.217945754375439,0.7810603246671082,0.05516349094330663,-0.17398998018641057,24148.95,-0.10941874929792927,0.2469202574461038,27.014055155884893,,,,,,2024,2024-06
2024-07-01,24032.9,24123.15,24164.0,23992.7,5.9241124918643555,0.7127729071397928,0.06688947686022886,-0.2540198719522763,24077.05,0.4720988929520553,0.0962107139584667,26.9839186823774,,,,,,2024,2024-07
2024-07-02,24232.6,24117.8,24236.35,24056.4,8.177004693914892,0.7425946864966908,0.04030563514804406,-0.22906480836159226,24075.1,-0.02217786648924802,0.4537135490182642,24.54115485920136,,,,,,2024,2024-07
2024-07-03,24292.15,24290.8,24309.15,24207.1,5.67302349493401,0.42009455729526984,0.024827586206897217,-0.19342333702312664,24285.1,0.7173125243596035,0.7229100498387098,11.532285493144997,,,,,,2024,2024-07
2024-07-04,24370.9,24304.65,24401.0,24281.0,6.451470629795388,0.49239051491738095,0.08530214064450758,-0.2890302858084244,24396.65,0.05701747163535664,0.3297544749452541,8.458734278878877,,,,,,2024,2024-07
2024-07-05,24213.4,24316.75,24363.0,24168.85,6.081088200138543,0.8018287394583224,0.02738414400612706,-0.06136247491726358,24218.65,0.04978471197898404,0.3754425593456401,7.899261169876073,,,,,,2024,2024-07
2024-07-08,24331.05,24331.05,24344.6,24240.55,7.249253959578544,0.42764286785814537,0.03664531506033099,-0.2518370994261442,24276.6,0.05880720079780577,0.05880720079780577,5.487587076139213,,,,,,2024,2024-07
2024-07-09,24352.95,24417.25,24443.6,24331.9,5.121620000407828,0.4586713313992641,0.053452234741282155,-0.2906028941861789,24381.4,0.35427981940772124,0.09000844599802438,5.318510653074385,,,,,,2024,2024-07
2024-07-10,24439.55,24314.15,24461.05,24141.8,10.097487914475309,1.3062842810117208,0.03298669350329816,0.05291064090232096,24372.85,-0.42224247202284904,0.09132887610192597,5.817396741433988,,,,,,2024,2024-07
2024-07-11,24402.65,24338.5,24402.65,24193.75,7.839983042791092,0.856054567844072,0.020396246089676797,-0.03692042742955609,24333.55,0.10014744500630446,0.36398558041306206,5.83260166453218,,,,,,2024,2024-07
2024-07-12,24388.2,24512.4,24592.2,24331.15,10.67028464990966,1.0703946990757796,0.060763942411445844,0.12182024019166776,24417.6,0.7145058241058377,0.2042032171251318,6.064434915098355,,,,,,2024,2024-07
2024-07-15,24598.0,24588.35,24635.05,24522.75,5.867276088906145,0.4565411822099328,0.03448275862068844,0.06334439832453459,24552.95,0.3098431814102076,0.34921101156963896,6.070309994694822,,,,,,2024,2024-07
2024-07-16,24626.05,24601.1,24661.25,24587.65,5.084212266376065,0.2988705050139935,0.004040510048799444,-0.28912458714905226,24635.3,0.05185382508383629,0.15332464358122078,6.038161263134079,,,,,,2024,2024-07
2024-07-18,24550.6,24779.35,24837.75,24504.45,10.504563380375217,1.3576042948033828,0.11579993924162833,0.05247228423575836,24585.75,0.7245610968615201,0.20527537386539896,6.109551991809069,,,,,,2024,2024-07
2024-07-19,24854.8,24525.85,24854.8,24508.15,8.162208900866236,1.3947004200395812,0.12679395981530214,-0.31185234472379053,24747.55,-1.0230292562153576,0.3044874058439895,7.625083445453488,,,,,,2024,2024-07
2024-07-22,24450.45,24515.9,24595.2,24362.3,7.264061508568051,0.9525387058315959,0.0014031300593637147,0.054205076455933636,24499.6,-0.04056943999900531,0.3074307312488589,7.184682335522348,,,,,,2024,2024-07
2024-07-23,24578.9,24474.95,24582.55,24074.2,23.15172706961241,2.068237390607385,0.00795959194676559,-0.11284456221994452,24501.45,-0.1670344551903069,0.25697608490815593,7.276921876595467,,,,,,2024,2024-07
2024-07-24,24447.5,24441.9,24504.25,24307.25,11.871326423695852,0.8058083648634831,0.008746745009014486,-0.0681555396483517,24413.2,-0.13503602663130776,0.11215548959242483,7.0730093003498,,,,,,2024,2024-07
2024-07-25,24240.75,24416.6,24426.15,24210.8,6.549185635019163,0.8883801037509242,0.10160998850008171,-0.13079011496015078,24277.75,-0.10351077453063517,0.8229720275428676,7.002390836732912,,,,,,2024,2024-07
2024-07-26,24435.35,24851.75,24861.15,24410.9,7.556924492367817,1.8426173555934333,0.22221826851225365,-0.10927317814100419,24524.65,1.7821891663868161,0.07679201854475792,8.861589169115245,,,,,,2024,2024-07
2024-07-29,24957.4,24840.95,24999.75,24774.6,10.735911291745682,0.9021372418601354,0.03019675597617149,0.07785693732345202,24901.7,-0.043457704185823065,0.4251209673363121,8.837214610672541,,,,,,2024,2024-07
2024-07-30,24851.25,24840.9,24971.75,24798.65,7.7411347447870416,0.6965444394145105,0.004416635995583364,0.023244749407515655,24874.55,-0.00020128054684098728,0.041463792648821496,8.78318511870304,,,,,,2024,2024-07
2024-07-31,24877.55,24979.3,24984.6,24856.5,5.852286373061764,0.5149220883889232,0.07076780758556558,-0.1576340358308548,24878.2,0.557145675076165,0.14753893780015126,8.874434277818143,,,,,,2024,2024-07
2024-08-01,25032.8,25006.0,25078.3,24956.4,5.39424532406549,0.48696110702757106,0.05092048570309418,-0.14117210682095674,25046.6,0.1068885036810574,0.214177338836552,8.643123126061127,,,,,,2024,2024-08
2024-08-02,24827.1,24699.45,24851.9,24686.85,7.360211180509093,0.6647977411779987,0.03355559560281088,-0.034714692317891614,24750.1,-1.2259057826121689,0.7154282972086756,9.924229093788595,,,,,,2024,2024-08
2024-08-05,24327.75,24051.8,24350.05,23893.7,16.47603310662801,1.8758413745619655,0.05361026190551303,-0.01559953847015662,24255.4,-2.6221231646858634,1.5048918093317876,13.811521551411508,,,,,,2024,2024-08
2024-08-06,24194.55,24033.05,24382.6,23960.4,13.91141161264186,1.7450210894602178,0.120782357983325,-0.06535337535165098,24290.4,-0.07795674336223968,0.5935106727978701,13.805611735365392,,,,,,2024,2024-08
2024-08-07,24289.45,24316.05,24337.7,24184.9,9.732112663708122,0.6290797033279851,0.010114514910190955,-0.0881526493979394,24254.35,1.1775450889504269,1.0668641724625116,14.426982733089325,,,,,,2024,2024-08
2024-08-08,24251.7,24098.7,24340.5,24079.7,14.450079163131477,1.0753885294639107,0.03394014812436017,-0.0702705735109433,24230.95,-0.8938540593558475,0.26464002171404655,14.697352891479554,,,,,,2024,2024-08
2024-08-09,24387.35,24363.75,24419.75,24311.2,5.9611781781803845,0.44510781204189587,0.032024606477294985,-0.22723856369210763,24401.45,1.0998518592289175,1.1977824529953773,15.242435395202737,,,,,,2024,2024-08
2024-08-12,24320.25,24348.8,24472.8,24212.1,9.142436564600205,1.0719462176581274,0.041765825797240766,0.2033775169844017,24254.35,-0.06136165409676986,0.1785439433584779,15.013619142923734,,,,,,2024,2024-08
2024-08-13,24359.0,24135.25,24359.95,24116.5,8.117960831895477,0.9994252637628832,0.12148869610087734,-0.12234201583887942,24343.75,-0.8770452753318447,0.04189118149560134,15.247420031202575,,,,,,2024,2024-08
2024-08-14,24193.65,24143.7,24196.5,24099.7,6.016169084822715,0.4001049862257215,0.018659919577103477,-0.19554399994200786,24150.5,0.03501103158243257,0.2419697330667825,15.245480038686395,,,,,,2024,2024-08
2024-08-16,24339.65,24539.2,24563.9,24204.5,9.60598086447307,1.476602991415248,0.10174258299327386,-0.021910722162919945,24327.15,1.6381084920704003,0.8115988850093458,16.206938541631914,,,,,,2024,2024-08
2024-08-19,24636.8,24579.0,24638.8,24522.95,6.427538370789801,0.47023152357448433,0.03898893110854034,-0.0006857444275687913,24618.2,0.16218947642954173,0.397730977374966,15.797960598243174,,,,,,2024,2024-08
2024-08-20,24660.3,24672.85,24734.3,24607.2,4.840330449566458,0.5154033000409506,0.048636461241141696,-0.11577991871393174,24664.9,0.381830017494611,0.3307701696570131,15.849130483548688,,,,,,2024,2024-08
2024-08-21,24684.25,24781.9,24787.95,24654.5,5.354765104888986,0.5406281333238836,0.06421411008133197,-0.10762507094882515,24690.3,0.4419838000069065,0.04620463383842033,15.892689303571617,,,,,,2024,2024-08
2024-08-22,24867.35,24811.35,24867.35,24784.45,4.013235458855138,0.3333688551453927,0.029053548343199672,-0.052674117043448564,24828.05,0.11883673164687636,0.34480810591599464,15.875399722074185,,,,,,2024,2024-08
2024-08-23,24852.2,24831.85,24858.4,24771.65,4.836013961318384,0.34906366438383724,0.02428622201160983,-0.22223166250071716,24788.2,0.08262347675560555,0.16464239148616944,15.860634483363615,,,,,,2024,2024-08
2024-08-26,24917.0,25009.35,25043.8,24874.7,4.665316613695433,0.6786531283862365,0.0459610027855189,-0.01290665259515827,24971.3,0.7148077972442657,0.34290638836818044,14.76406971416187,,,,,,2024,2024-08
2024-08-27,25032.8,24997.05,25073.1,24973.65,5.453118470099753,0.39727877025341585,0.010850266324718381,-0.22187367021147378,25000.65,-0.04918160607931821,0.0937649319154632,14.76449095392166,,,,,,2024,2024-08
2024-08-28,25024.8,25044.85,25129.6,24964.65,5.98629068023164,0.6591461270419627,0.06136162687886692,-0.12321114060173786,24988.9,0.1912225642625831,0.11101309954575367,14.773991275812612,,,,,,2024,2024-08
2024-08-29,25040.3,25156.75,25192.9,24998.5,11.189361932154133,0.7763485261758104,0.06436889226988335,0.03974135818799952,25064.85,0.4467984435922112,0.01816740767063285,14.728381717763412,,,,,,2024,2024-08
2024-08-30,25226.4,25247.0,25268.35,25199.4,5.262528361700233,0.27332477087494483,0.0068395101002073945,-0.20145292558658806,25222.5,0.35875063352777126,0.27686406232920735,14.770735734626578,,,,,,2024,2024-08
2024-09-02,25333.65,25273.9,25333.65,25235.5,4.416248880201871,0.3874293676592258,0.04048653344917428,-0.12438939683484208,25308.95,0.10654731255199668,0.34320909414979894,13.977611752550892,,,,,,2024,2024-09
2024-09-03,25303.1,25265.9,25321.7,25235.8,4.057723589820732,0.3394840948342356,0.02250759458713005,-0.14314555063863615,25273.55,-0.0316532074590814,0.11553420722563157,9.570108913087171,,,,,,2024,2024-09
2024-09-04,25110.0,25206.35,25216.0,25083.8,4.519860046636442,0.5264834727200347,0.09562732209202796,0.10565784768478226,25093.55,-0.23569316747079627,0.6170371924214102,9.657401151122837,,,,,,2024,2024-09
2024-09-05,25264.65,25144.8,25275.45,25127.75,4.462859716536554,0.5846113047281507,0.07023575638507236,-0.1755674647001626,25206.65,-0.24418450112768664,0.23129092470748347,9.131806756301627,,,,,,2024,2024-09
2024-09-06,25095.9,24868.5,25168.75,24801.3,9.752786387516474,1.4641833925063483,0.11099117575626563,-0.14142421230533095,25028.0,-1.0988355445261,0.19447360885749276,9.4710083804394,,,,,,2024,2024-09
2024-09-09,24825.1,24942.25,24957.5,24753.15,6.966535413531203,0.8231588190984067,0.05162134651737698,-0.0024400045927158746,24844.0,0.29655990510082386,0.1745179644932371,8.819474090417474,,,,,,2024,2024-09
2024-09-10,25011.7,25052.1,25130.5,24896.8,6.6290392841920625,0.934362718247863,0.05388084500355826,-0.06931636973129587,24962.15,0.4404173641110898,0.27844320380079335,8.863221159846907,,,,,,2024,2024-09
2024-09-11,25036.0,24951.8,25113.7,24885.15,7.343695394633626,0.9128854449592558,0.11876589252415704,-0.1518129381939633,25066.9,-0.4003656380103804,0.0642660695111319,8.277053544052897,,,,,,2024,2024-09
2024-09-12,25047.75,25314.95,25433.35,24941.45,12.209171930658593,1.9638490483177045,0.14739505670778563,0.0932734908714092,25040.7,1.455406022811978,0.3845413958111221,9.430144024032316,,,,,,2024,2024-09
2024-09-13,25430.5,25343.55,25430.5,25292.45,6.269818868966337,0.54285208706081,0.013550607816652415,-0.38135636110406046,25351.05,0.11297671929038078,0.4564496473427715,7.850177962552306,,,,,,2024,2024-09
2024-09-16,25410.6,25377.6,25445.7,25336.2,4.995792602494713,0.4309225283936625,0.04965174129353522,-0.2578168254054447,25437.9,0.13435371129932872,0.26456435661144084,7.850816801723311,,,,,,2024,2024-09
2024-09-17,25409.1,25407.15,25441.65,25352.25,3.959063736760806,0.35184245014581966,0.024943310657596165,0.10510988565212907,25391.2,0.11644127104220026,0.1241252127860859,7.808283298430833,,,,,,2024,2024-09
2024-09-18,25403.3,25343.45,25482.2,25285.55,7.239764267930311,0.7741120248156793,0.040576057605757825,-0.004715456847633901,25428.55,-0.2507168257754211,0.015153214744678678,7.84928634371964,,,,,,2024,2024-09
2024-09-19,25494.4,25448.65,25611.95,25376.05,9.397037642588579,0.9253012426258372,0.11219102156610022,-0.14725401997375315,25611.1,0.4150973920283185,0.5956174080482324,7.922188053276059,,,,,,2024,2024-09
2024-09-20,25530.8,25820.35,25849.25,25426.6,21.675730384368602,1.6554514547135282,0.08106831234405648,0.08887774758195986,25455.75,1.4605882826790317,0.3228069072426232,9.220881437450302,,,,,,2024,2024-09
2024-09-23,25877.1,25930.15,25956.0,25847.35,4.317685855461817,0.4198693052931027,0.031135747139993786,-0.0121283567763495,25897.25,0.4252459784627405,0.21978788048961917,9.061102254223577,,,,,,2024,2024-09
2024-09-24,25930.2,25951.9,26011.55,25886.85,4.857654747701232,0.480906433425121,0.0066013408973676505,-0.15588197528358713,25958.3,0.08387919082613049,0.00019282572603085413,9.028230868798602,,,,,,2024,2024-09
2024-09-25,25920.8,26013.5,26032.8,25871.35,4.8926235175026305,0.6228588623807935,0.01849290507658387,-0.0530091133969626,25940.3,0.2373621969874895,0.11983708321935405,9.0298573084746,,,,,,2024,2024-09
2024-09-26,26015.8,26183.9,26250.9,25998.4,6.277864986613337,0.9705640418514903,0.1766815359048398,-0.029976169734666328,26031.4,0.6550444961270108,0.008841563034578392,9.137575804462017,,,,,,2024,2024-09
2024-09-27,26234.3,26175.0,26277.35,26151.4,5.733774550737431,0.4800966673400743,0.06488271366696616,-0.13829864972259234,26240.85,-0.03399035285042151,0.19248469479336006,9.154469606173254,,,,,,2024,2024-09
2024-09-30,26060.95,25822.8,26134.7,25794.1,7.52802980748821,1.306936239853122,0.12508777209349128,-0.3015526457009475,26010.4,-1.345558739255015,0.4357211079274115,10.64367502670064,,,,,,2024,2024-09
2024-10-01,25832.0,25812.55,25907.6,25739.2,7.774335350780302,0.6519046144317041,0.04645120405576665,-0.11741407988419582,25868.1,-0.03969360410179812,0.035627430023077444,10.64512862362873,,,,,,2024,2024-10
2024-10-03,25451.6,25266.0,25639.45,25230.3,8.927455605822146,1.6075610177749198,0.2114855863261459,-0.20318322818447138,25626.4,-2.1173808864292765,1.398350802226056,13.234353474484964,,,,,,2024,2024-10
2024-10-04,25223.15,25048.0,25485.05,24966.8,17.139005273456846,2.054660103912477,0.06242602652423327,0.17435627247076108,25195.4,-0.8628195994617283,0.16959550383914834,13.572975639944875,,,,,,2024,2024-10
2024-10-07,25102.4,24819.0,25143.0,24694.35,16.395474829145805,1.7872793039709407,0.07376825232992372,-0.04144251849932604,25067.35,-0.9142446502714785,0.21718300862345608,13.39223258271266,,,,,,2024,2024-10
2024-10-08,24862.0,25039.5,25044.0,24756.8,10.369586836201687,1.1551765746923044,0.07402706262722927,0.1310280895268755,24829.3,0.8884322494862706,0.1732543615778237,13.73044179590066,,,,,,2024,2024-10
2024-10-09,25068.2,25019.55,25234.05,24947.7,11.204645791208133,1.142283849658127,0.05227316324573208,0.005251994421551085,25088.9,-0.07967411489846477,0.11461890213462222,13.6445909397918,,,,,,2024,2024-10
2024-10-10,25083.5,25008.9,25134.05,24979.4,7.9941976224627,0.6165407538820252,0.010012071291630122,-0.02134528765879664,25011.65,-0.04256671283056068,0.25560012070560134,13.565260817746802,,,,,,2024,2024-10
2024-10-11,24988.3,24975.05,25028.65,24920.05,6.460442698382495,0.43460339438858264,0.03562209602478275,-0.11905018577805501,25003.4,-0.13535181475395897,0.0823706760393339,12.454563995700582,,,,,,2024,2024-10
2024-10-14,25029.3,25142.3,25159.75,25017.5,5.718795387201078,0.5683339126543692,0.01572876616567692,-0.13653450775547762,25108.15,0.6696683289923344,0.2172167823487836,12.713916422139512,,,,,,2024,2024-10
2024-10-15,25196.55,25065.15,25212.05,25008.15,7.733425297802706,0.809237772631562,0.07900541407659845,0.09240015845391641,25149.6,-0.3068533905012605,0.21577182676206785,12.731590115394228,,,,,,2024,2024-10
2024-10-16,25022.15,24959.9,25093.4,24908.45,7.2784729221267135,0.7391451174259634,0.06408280114512035,-0.13900097314742,25071.0,-0.41990572567888185,0.17155293305645136,12.775915496239696,,,,,,2024,2024-10
2024-10-17,25029.5,24750.2,25029.5,24728.9,6.496347148619493,1.200982840248501,0.062324761675881385,-0.14634795675860324,24823.15,-0.8401475967451777,0.27884727102271967,13.045388655276415,,,,,,2024,2024-10
2024-10-18,24694.95,24862.65,24886.2,24567.65,9.381547447734844,1.2899398460009002,0.12894916057205283,-0.05660236371398828,24654.75,0.45433976291100464,0.2232305193493378,13.067269257420861,,,,,,2024,2024-10
2024-10-21,24968.95,24739.45,24978.3,24679.6,11.419242132026866,1.1962857869473915,0.02652464975039807,-0.00963448553223758,24747.6,-0.49552240006596193,0.4275489539530053,11.717737520654852,,,,,,2024,2024-10
2024-10-22,24805.05,24481.75,24882.0,24445.8,12.3106997685296,1.758512883465265,0.14359482794233117,-0.1868507349590867,24864.9,-1.0416561402941449,0.2651635343550396,11.817838023008811,,,,,,2024,2024-10
2024-10-23,24419.1,24436.0,24604.25,24378.1,11.12788139806924,0.9261193082464196,0.013715330691862601,-0.3328248715876783,24416.55,-0.18687389586120595,0.2559049087585752,11.744804976810952,,,,,,2024,2024-10
2024-10-24,24444.8,24414.6,24480.65,24341.2,5.6021602344938675,0.5704689749967303,0.04207742245732236,0.07326239493361085,24361.25,-0.08757570797185421,0.036012440661314926,11.60419882180676,,,,,,2024,2024-10
2024-10-25,24428.3,24211.8,24440.25,24073.9,10.20764565401139,1.4996950258511585,0.1142198638580687,-0.1369172257239506,24363.9,-0.8306505123983121,0.05611396459495044,11.147853141214584,,,,,,2024,2024-10
2024-10-28,24273.55,24365.3,24492.6,24134.9,10.585386470004728,1.4736204634262278,0.11270418352194424,0.17526018688679817,24146.8,0.633988385828399,0.255040930455408,11.669468993678027,,,,,,2024,2024-10
2024-10-29,24352.1,24454.0,24484.5,24140.85,10.349905767702277,1.4111719317841231,0.11209373204426855,0.11366165872277346,24239.3,0.3640423060664144,0.054175405186884795,11.317323948345713,,,,,,2024,2024-10
2024-10-30,24397.15,24349.25,24498.2,24307.3,8.48978241365567,0.7824684440600703,0.03407480436256045,-0.1178752943013088,24398.35,-0.4283552792999079,0.23247730432648384,11.296710661818821,,,,,,2024,2024-10
2024-10-31,24356.9,24238.5,24372.45,24172.6,5.511711879384348,0.8205067147297159,0.09092605551667808,-0.07460303951074011,24284.25,-0.45483947144162595,0.031417805476552374,9.044725073622924,,,,,,2024,2024-10
2024-11-04,24316.75,23990.95,24316.75,23816.15,10.999223392556798,2.0586632670895515,0.030731290903916915,-0.0450266765103587,24052.75,-1.021309074406418,0.322833508674214,9.213340034908683,,,,,,2024,2024-11
2024-11-05,23943.5,24199.05,24229.05,23842.75,12.099642182736684,1.6133815022866302,0.11529193288086087,0.09913128763402827,23946.75,0.8674104193456156,0.19778291397380965,9.579978126950373,,,,,,2024,2024-11
2024-11-06,24312.15,24493.9,24537.6,24204.05,8.765128429744161,1.3719477709704786,0.08494909538940534,-0.03753689438600978,24352.15,1.2184362609276134,0.4673737192162575,10.100328678237481,,,,,,2024,2024-11
2024-11-07,24500.9,24190.6,24503.35,24179.05,7.541125999736351,1.3236248464342095,0.11705463533404713,0.1771855719998351,24355.25,-1.2382674870069832,0.028578544045654297,10.865281461627161,,,,,,2024,2024-11
2024-11-08,24223.9,24110.35,24276.15,24066.65,7.285734080457002,0.8648483522471608,0.06919746404824136,0.060057382337721954,24252.25,-0.331740428100169,0.1376567757724212,10.870160387947623,,,,,,2024,2024-11
2024-11-11,24092.55,24122.1,24336.8,24004.6,10.421950250077002,1.378849478365722,0.00795812072019633,0.20460036729557984,24146.45,0.048734257279559046,0.07382721528306213,10.899913759415687,,,,,,2024,2024-11
2024-11-12,24236.05,23842.4,24242.0,23839.15,12.56077694530594,1.6621933029515887,0.10532826720862477,-0.32559761865850273,24149.65,-1.1595176207709779,0.47238839072882843,10.961706757039662,,,,,,2024,2024-11
2024-11-13,23829.75,23603.95,23873.6,23509.6,12.080829679433922,1.5275023867224793,0.09608961396014605,-0.007188745402955248,23752.2,-1.000109049424558,0.05305673925444232,11.270514472903677,,,,,,2024,2024-11
2024-11-14,23541.35,23559.6,23675.9,23484.15,8.451244057013014,0.814524230768414,0.04463035683797348,0.1585725721365245,23574.45,-0.18789228074115316,0.2652098483516663,11.267176580625863,,,,,,2024,2024-11
2024-11-18,23606.8,23462.7,23606.8,23350.4,11.144642732035297,1.0861277259094744,0.035241855873642605,-0.01362868528774922,23374.85,-0.41129730555695687,0.20034295998234697,11.088790075820645,,,,,,2024,2024-11
2024-11-19,23554.9,23468.7,23780.65,23464.8,7.787415971642036,1.340909959286612,0.09899865066401801,0.23948225866253398,23706.25,0.02557250444321646,0.39296415161085285,10.821396583677071,,,,,,2024,2024-11
2024-11-21,23507.3,23346.7,23507.3,23263.15,7.960553658515555,1.0386135370714538,0.0044771979872430786,-0.43263349675500073,23340.85,-0.5198413205673935,0.1644743850319763,10.82798780995068,,,,,,2024,2024-11
2024-11-22,23427.3,23873.5,23956.1,23359.0,14.44031377808987,2.548735876520122,0.1773952840513387,-0.1363380246362138,23474.3,2.2564216784384916,0.3452308034968432,13.721712678940289,,,,,,2024,2024-11
2024-11-25,24259.9,24250.8,24351.55,24135.45,9.677597291707677,0.8907703659124667,0.03160430006462092,0.1394546520316816,24283.65,1.5804134291159677,1.618531007183699,14.986872894953986,,,,,,2024,2024-11
2024-11-26,24311.8,24192.95,24336.65,24125.4,8.123238086508769,0.8689196192795269,0.026704076580294323,-0.06978352912355155,24255.3,-0.23854883137874872,0.25153809358866575,15.003627328196826,,,,,,2024,2024-11
2024-11-27,24241.1,24277.35,24354.55,24145.65,7.812362247608988,0.8617595736167,0.06838819523269123,-0.18250213698927384,24181.75,0.34886196185250906,0.1990249225497509,14.762906086777644,,,,,,2024,2024-11
2024-11-28,24289.1,23957.45,24345.75,23873.35,16.503971537779993,1.9449053279042925,0.14302444184201807,0.24225514138084966,24268.9,-1.317689121753396,0.04839902213380487,15.297936395999967,,,,,,2024,2024-11
2024-11-29,23962.6,24123.65,24188.45,23947.35,11.07841937706661,1.0061512523682832,0.06813082385238678,0.039364230695381544,24011.5,0.6937299253468199,0.021496444738478004,15.468662378622794,,,,,,2024,2024-11
2024-12-02,24154.65,24275.25,24301.7,24008.65,9.504985554865373,1.2132239548078703,0.08454776092985002,-0.2350191623899102,24137.6,0.6284289483556638,0.1285046002574175,15.592402778940496,,,,,,2024,2024-12
2024-12-03,24377.1,24445.85,24481.35,24280.0,6.255990055373023,0.8259801206870323,0.1273654763863699,-0.21726219584736645,24308.45,0.7027734008918429,0.4195631352921225,15.696118123066155,,,,,,2024,2024-12
2024-12-04,24501.15,24461.55,24573.2,24366.3,12.669677159580392,0.8444501584619556,0.05233439640299126,0.01770982575232289,24551.95,0.06422357987143634,0.22621426540703204,15.180480632800949,,,,,,2024,2024-12
2024-12-05,24512.2,24701.55,24857.75,24295.55,18.557827002826887,2.2935517823777576,0.02667152550019873,0.35882640780809844,24477.65,0.981131612673769,0.20705965075802357,15.261729095904267,,,,,,2024,2024-12
2024-12-06,24742.9,24669.0,24751.05,24620.5,9.463686327147427,0.5276261068831837,0.027642384990317556,-0.3050761445258113,24711.05,-0.13177310735560388,0.16739840212456336,14.700018923995483,,,,,,2024,2024-12
2024-12-09,24627.8,24626.6,24705.0,24580.05,7.174177040599222,0.5073534785892395,0.020395668312097135,0.01376956165774163,24658.25,-0.17187563338603162,0.16701122866755735,13.938051427551274,,,,,,2024,2024-12
2024-12-10,24634.85,24620.5,24677.8,24510.65,7.832845746784494,0.6785103217596122,0.04441556455928167,-0.06882939067456383,24652.3,-0.024769964185067384,0.033500361397842404,13.856334630306419,,,,,,2024,2024-12
2024-12-11,24641.2,24629.5,24691.75,24583.85,6.416821518025574,0.4378845186111125,0.023116648905648504,-0.333065237098026,24606.05,0.03655490343412726,0.0840762778985038,13.857097037919027,,,,,,2024,2024-12
2024-12-12,24624.8,24539.5,24675.25,24527.95,5.295747832599669,0.5981774471264711,0.11976047904191965,-0.06068156695445417,24646.65,-0.3654154570738366,0.019082807202752683,13.163221403614124,,,,,,2024,2024-12
2024-12-13,24505.05,24781.3,24792.3,24180.8,16.342466692223535,2.4954040085615006,0.11994541884381255,0.03384333567768406,24385.3,0.9853501497585571,0.1403859084333492,12.747630018585507,20250102,20.239583333333332,13.27888250350952,2.5025322632897686,-3.0635841887140156,2024,2024-12
2024-12-16,24763.75,24648.25,24781.25,24601.75,8.086133757773165,0.7248498309020242,0.04104859335038196,-0.27033401155444337,24751.35,-0.5368967729699414,0.07081952924180568,12.96380882660166,20250102,17.239583333333332,14.168119907379145,2.4655220826338766,6.08198614960598,2024,2024-12
2024-12-17,24607.8,24320.3,24624.1,24303.45,11.660150167524755,1.3030421248547122,0.08851198552691196,-0.08115593829912948,24548.5,-1.3305204223423628,0.16410901382450938,13.940095370125045,20250102,16.239583333333332,14.967823982238768,2.525612562885716,3.307673814714013,2024,2024-12
2024-12-18,24301.1,24214.7,24394.45,24149.85,10.144851178405881,1.006538798655214,0.1029645460025214,0.1769357075320266,24376.0,-0.4342051701664795,0.0789463945757296,14.103673274456389,20250102,15.239583333333334,15.173179149627684,2.4753856001660828,5.0283279712218025,2024,2024-12
2024-12-19,23886.95,23961.6,24004.9,23870.3,6.46916999748982,0.563487594690834,0.00917515791415051,-0.29420782695038095,23953.65,-1.0452328544231504,1.3535166654965791,14.55578338720693,20250102,14.239583333333332,14.68550825119018,2.3211493864191883,8.21633825370036,2024,2024-12
2024-12-20,23979.9,23629.9,24065.8,23537.35,14.906227467293215,2.203720616015916,0.18473601672765347,0.06376917702146098,24047.3,-1.3842982104700696,0.07637219551284158,13.187639912950432,20250102,13.239583333333334,15.739334583282465,2.3956951761882443,0.8331071159892502,2024,2024-12
2024-12-23,23738.25,23747.2,23869.55,23647.2,10.695108064049782,0.9366739334196856,0.002012598342872799,0.01049269333692697,23747.9,0.4964049784383251,0.4585292362642157,11.911990158829774,20250102,10.239583333333334,14.718273639678953,1.9700689581121513,4.0231655756291715,2024,2024-12
2024-12-24,23783.95,23729.15,23867.65,23685.15,6.4108288561620705,0.767324182904858,0.027125086385623665,-0.21333787565180498,23756.3,-0.07600896105646182,0.15475508691551454,11.901279835621644,20250102,9.239583333333334,13.250308036804197,1.687341909739798,6.839479180642127,2024,2024-12
2024-12-26,23778.55,23760.3,23854.5,23653.6,8.283382641484872,0.8448791032253921,0.04396026094742541,-0.09532112492537109,23802.75,0.13127313873442237,0.20818276255154533,11.81865176979639,20250102,7.239583333333334,12.82931089401245,1.4450010899927201,4.5459282525275775,2024,2024-12
2024-12-27,23808.0,23832.45,23938.85,23800.6,5.279468674552317,0.5806871639784946,0.05695621108502101,-0.1999210601810686,23870.25,0.30365778209870964,0.20075504097170072,10.983836309111943,20250102,6.239583333333333,13.436613559722899,1.4090761768457205,8.157144885170581,2024,2024-12
2024-12-30,23810.1,23640.8,23915.35,23599.3,11.064287415946817,1.3273778774553626,0.030564669314452158,0.11148166806990138,23731.1,-0.804155678497176,0.0937796995273299,10.972783677988977,20250102,3.2395833333333335,14.053441047668455,1.0566303289775865,2.9891536317216385,2024,2024-12
2024-12-31,23559.5,23668.8,23689.85,23460.45,9.483407326822482,0.9737048748912236,0.07097715119105596,-0.11721878704508899,23519.3,0.11843930831443306,0.34389699164156795,10.66965257501655,20250102,2.2395833333333335,17.810792922973633,1.1167423941039247,8.327385596151151,2024,2024-12
2025-01-01,23652.4,23756.85,23822.8,23562.8,8.725244486267256,1.0992541983054573,0.09536924357906959,0.020620047231878165,23595.15,0.37200872034068855,0.06928952883119566,10.390551704513463,20250102,1.2395833333333333,22.992296218872067,1.0690756039720257,14.267051732604811,2025,2025-01
2025-01-02,23791.85,24167.95,24226.7,23751.55,9.709954993289672,1.997112456576523,0.20976497168510186,-0.16944814572017505,23827.8,1.730448270709295,0.14732592915307485,12.329113499426565,20250109,7.239583333333334,17.082334518432614,1.9193966326925969,7.372379525142941,2025,2025-01
2025-01-03,24196.45,23990.15,24196.45,23976.0,8.854999173407418,0.9110840639845957,0.03748788759689739,0.08642702300928934,24083.3,-0.7356850705169449,0.11792477227070552,11.909876506062695,20250109,6.239583333333333,14.927819728851317,1.557303206170906,6.072820555443899,2025,2025-01
2025-01-06,24051.0,23629.6,24089.95,23551.9,14.72237246440981,2.2371211176250436,0.1086334629208537,0.08657475662315482,23929.95,-1.5029084853575458,0.2536457671169057,12.849622281102382,20250109,3.2395833333333335,18.421905517578125,1.3850843689528902,3.699533053168315,2025,2025-01
2025-01-07,23694.95,23694.6,23795.2,23637.8,10.228106571736442,0.6642765652596923,0.01512635488058912,-0.12336243394568283,23752.3,0.2750787148322553,0.2765599079121106,12.965504439635438,20250109,2.2395833333333335,20.45678853988647,1.278823524458684,10.22868196815003,2025,2025-01
2025-01-08,23739.75,23675.2,23751.85,23496.15,11.749367896481406,1.0770964310913007,0.023444668746558584,-0.18920098448911316,23640.9,-0.08187519519214925,0.19054974551164783,12.957461004950874,20250109,1.2395833333333333,16.307394981384274,0.7584313432329703,4.558027084902868,2025,2025-01
2025-01-09,23689.5,23554.55,23689.5,23503.05,7.867234268833818,0.7870575571455738,0.07146345433827493,-0.06118045984864263,23611.9,-0.5096049874974695,0.06040075691018387,12.974484892100879,20250116,7.239583333333334,13.585200786590573,1.5318546874594683,5.7179665177567545,2025,2025-01
2025-01-10,23572.75,23437.35,23596.6,23344.35,12.605587757576126,1.0700915251720737,0.017644697081757383,-0.08442689408642579,23446.0,-0.49756841034959143,0.07726744938876262,13.00261874069234,20250116,6.239583333333333,15.72561883926391,1.6414314002538413,3.1200310816877845,2025,2025-01
2025-01-13,23213.65,23088.7,23340.95,23047.25,11.821100452322069,1.265203877890813,0.0803916885598284,-0.1436898402799549,23236.45,-1.4875828538635893,0.9544594418737451,12.908893710788574,20250116,3.2395833333333335,18.28093814849853,1.3741341859524918,6.4598376961764625,2025,2025-01
2025-01-14,23172.3,23206.85,23264.95,23134.15,6.934568438536064,0.5644670576507264,0.005298890544790412,-0.19019443042502532,23176.35,0.5117221844451958,0.36208188421174015,13.239891630175002,20250116,2.2395833333333335,15.532455444335932,0.9723273875054574,8.597887005799869,2025,2025-01
2025-01-15,23245.5,23228.1,23293.65,23146.45,8.677561404476956,0.6332408423135691,0.011953424996902846,-0.062031776742411046,23204.2,0.09156779140642168,0.16654565354625728,12.720413672796797,20250116,1.2395833333333333,14.978491783142086,0.6970720817782988,6.3009303786651305,2025,2025-01
2025-01-16,23391.65,23350.65,23391.65,23272.05,4.467612732184669,0.51129355988142,0.009483809781872767,-0.26660021582094634,23319.4,0.5275937334521696,0.7041040808331456,12.96779025539647,20250123,7.239583333333334,12.841121673583983,1.4513667255891285,8.373508941399313,2025,2025-01
2025-01-17,23282.3,23203.1,23292.1,23100.35,9.938496125731138,0.8235870167466273,0.010658884963908408,0.11057859478250345,23199.05,-0.6318881915492791,0.29271133780002234,12.681137382264671,20250123,6.239583333333333,14.202409267425539,1.4832504180279606,4.263913141694401,2025,2025-01
2025-01-20,23306.2,23337.05,23391.1,23170.65,7.606329690742236,0.9458856441633431,0.08998410174881079,-0.08228913777109013,23221.05,0.5772935512927235,0.4443371790838313,12.061006555095773,20250123,3.2395833333333335,19.714233398437493,1.4855056606270227,12.107903707695257,2025,2025-01
2025-01-21,23425.35,23053.05,23426.3,22976.85,21.806330167325044,1.9186479604360267,0.09569219705141963,0.21334068062367764,23346.3,-1.2169490145498285,0.3783683027632101,12.537417439175199,20250123,2.2395833333333335,19.792717933654778,1.2370268652923926,-2.0136122336702655,2025,2025-01
2025-01-22,23115.45,23161.75,23169.55,22981.3,10.351130688900254,0.8143903752684892,0.0480874917564306,-0.3005430502670037,23065.3,0.4715211219339821,0.27068001847911916,12.726741058731317,20250123,1.2395833333333333,19.87196445465088,0.9262832112562113,9.520833765750625,2025,2025-01
2025-01-23,23138.8,23216.3,23270.8,23090.65,5.587240885975182,0.778562414645521,0.021832299702518085,-0.09805920432312765,23192.75,0.23551760985245362,0.09908577719732747,12.759146781661403,20250130,7.239583333333334,15.067263126373287,1.6940638514039275,9.480022240398107,2025,2025-01
2025-01-24,23177.8,23090.35,23347.3,23050.0,11.168670833813977,1.282692921675048,0.07970814632800842,0.06486705541892758,23241.3,-0.5425067732584443,0.16583176475148953,12.746476093304757,20250130,6.239583333333333,15.982789039611811,1.6677207851743516,4.8141182057978344,2025,2025-01
2025-01-27,22946.3,22816.85,23007.45,22786.9,10.487909161409007,0.9611571364446524,0.08599248852413177,-0.06495546272816222,22974.75,-1.18447749817564,0.6238536877959833,13.070747567186375,20250130,3.2395833333333335,20.579468250274655,1.5512682135670002,10.091559088865647,2025,2025-01
2025-01-28,22969.95,22978.6,23137.95,22857.65,12.237363406084174,1.2202899875707143,0.04477457692804443,0.032543223035453005,22881.15,0.7089059182139534,0.6709953389709922,13.409615125735913,20250130,2.2395833333333335,22.561393260955807,1.4107681991200998,10.324029854871632,2025,2025-01
2025-01-29,23032.65,23176.2,23183.35,22976.5,11.763233947628587,0.8980729529602478,0.046343814312137424,-0.26933853855814655,23044.55,0.8599305440714522,0.23521885580497504,13.76597574308429,20250130,1.2395833333333333,28.604321479797356,1.3300324805648192,16.84108753216877,2025,2025-01
2025-01-30,23175.7,23297.95,23322.05,23139.2,8.811860541394337,0.7889729328563907,0.0009671179883946205,-0.0010321405452725738,23205.5,0.5253233921005185,0.002157385593837269,12.191997486312431,20250206,7.239583333333334,27.342473030090332,3.0723320428649727,18.530612488695994,2025,2025-01
2025-01-31,23295.2,23533.85,23546.8,23277.4,8.312356045859987,1.1564614169442538,0.09206766299885003,0.07669034295738537,23359.25,1.0125354376672613,0.011803613622662912,12.70432587534106,20250206,6.239583333333333,26.246737480163574,2.7385297567645845,17.93438143430359,2025,2025-01
2025-02-01,23528.25,23495.3,23632.45,23318.3,20.2724127515949,1.3352034256691487,0.015286563914875081,-0.048590730065026205,23560.4,-0.1638066019796991,0.02379551157162263,11.571917176838571,20250206,5.239583333333333,21.476325511932366,2.05450666284515,1.2039127603374666,2025,2025-02
2025-02-03,23322.1,23359.7,23381.6,23222.0,8.210501706280104,0.6843294557522631,0.07244050526903442,0.05194903854793911,23250.65,-0.5771367039365205,0.73716871033781,11.672826682030122,20250206,3.2395833333333335,15.454351902008053,1.1623330632502982,7.2438501957279495,2025,2025-02
2025-02-04,23509.95,23708.65,23762.75,23423.15,10.870999771992768,1.4444947777430346,0.09572453524658246,-0.2569321987247534,23559.45,1.493811992448535,0.6432017534471868,12.92215524272331,20250206,2.2395833333333335,18.312179565429688,1.145824698574212,7.44117979343692,2025,2025-02
2025-02-05,23803.5,23686.75,23807.3,23680.45,6.245835467957125,0.5329048249206989,0.05977789345826626,-0.15200567907636972,23790.3,-0.09237134969727334,0.400064955195667,12.78367751233917,20250206,1.2395833333333333,15.354150772094725,0.7141566164608218,9.1083153041376,2025,2025-02
2025-02-06,23770.5,23628.05,23773.55,23556.25,5.397109133277498,0.9141583054626503,0.09158748320978857,-0.15068780114685246,23672.55,-0.2478178728614111,0.3535732002068581,12.676991711055056,20250213,7.239583333333334,15.406727790832514,1.7385114956004224,10.009618657555016,2025,2025-02
2025-02-07,23656.95,23563.15,23694.5,23443.2,12.083828394617809,1.0622671138925317,0.03153013910355361,0.03701622144851037,23582.35,-0.2746735342103901,0.12231225175163285,11.400859800615663,20250213,6.239583333333333,15.300811767578121,1.5961089284845846,3.2169833729603123,2025,2025-02
2025-02-10,23568.6,23376.05,23568.6,23316.3,8.224425224138956,1.0704920954150832,0.012986120654116239,-0.05641796066322747,23412.2,-0.7940364509838593,0.02312933542416573,11.71953534580499,20250213,3.2395833333333335,17.090335369110104,1.2869358840764977,8.865910144971147,2025,2025-02
2025-02-11,23390.05,23068.55,23390.05,22986.65,10.760693735719144,1.7246649750641738,0.1581190344143139,0.11485153154786962,23337.1,-1.3154489317057427,0.059890357866287935,12.662013653171028,20250213,2.2395833333333335,17.861083984374996,1.1164626412525887,7.100390248655852,2025,2025-02
2025-02-12,23069.8,23057.8,23144.7,22798.35,15.96584896040488,1.5013134054044777,0.042608501041541263,-0.27601283094886925,22885.65,-0.04660024145427544,0.00541863272724985,12.48863893165926,20250213,1.2395833333333333,17.99252653121948,0.837424331517256,2.0266775708145985,2025,2025-02
2025-02-13,23063.6,23019.4,23235.5,22992.2,10.012878512298455,1.0549090341490457,0.04889941095234001,0.05533115625600368,23124.95,-0.16653800449304423,0.025154177761965713,12.31409815115207,20250220,7.239583333333334,15.17013120651245,1.7130848246386412,5.1572526942139945,2025,2025-02
2025-02-14,23097.7,22897.25,23133.7,22774.85,13.390444457322534,1.5536178926906237,0.040825464018237084,0.10409376492629398,23047.65,-0.5306393737456339,0.34014787527041346,12.20875261392997,20250220,6.239583333333333,14.627597332000727,1.5272706761860753,1.237152874678193,2025,2025-02
2025-02-17,22835.5,22963.5,22974.2,22725.45,13.299735992822626,1.089312692956143,0.07088858594621521,-0.12382785648368533,22784.8,0.2893360556398772,0.2696830405398032,11.519719356382542,20250220,3.2395833333333335,19.938257217407223,1.4988062216916542,6.638521224584597,2025,2025-02
2025-02-18,22977.6,22923.15,22992.5,22801.5,9.749992751351193,0.8312443423159948,0.013180284371123766,-0.12921187123302827,22928.75,-0.17571363250374894,0.06140178979685551,11.38400844943935,20250220,2.2395833333333335,20.147422313690182,1.2602082405200552,10.397429562338989,2025,2025-02
2025-02-19,22847.55,22913.8,23049.95,22814.85,9.70712935406885,1.0289943560688222,0.004404208465867831,0.023751998890516934,22921.6,-0.04078846057370411,0.32979760634992417,11.334456760671191,20250220,1.2395833333333333,18.948056697845455,0.8854094154755198,9.240927343776605,2025,2025-02
2025-02-20,22836.2,22906.25,22923.85,22812.75,6.7144168811098055,0.4865082631961471,0.05822546481525087,-0.22804584974018255,22849.9,-0.03294957623789507,0.3386605451736413,11.192049735206048,20250227,7.239583333333334,14.193265438079832,1.597162404242606,7.478848556970027,2025,2025-02
2025-02-21,22857.55,22764.35,22921.0,22720.3,8.82743860490136,0.8780468597903132,0.028885206485362604,-0.2531803406874095,22833.15,-0.6194815825375288,0.21260572987722437,10.587561957943938,20250227,6.239583333333333,13.435851573944092,1.401690099928209,4.608412969042732,2025,2025-02
2025-02-24,22613.25,22549.75,22668.05,22518.8,7.411598989593093,0.6600112765745746,0.00462324600535394,-0.12624911912933426,22581.2,-0.9427020758334792,0.6637571465910486,10.723654150088189,20250227,3.2395833333333335,14.856574058532711,1.117079694613218,7.444975068939618,2025,2025-02
2025-02-25,22533.45,22526.3,22625.3,22513.9,4.868866826508797,0.49437613858507157,0.045556839608297664,-0.04507175854695382,22606.2,-0.10399228372820479,0.07228461512877038,10.117514182572501,20250227,2.2395833333333335,11.416208267211914,0.7152904820281258,6.547341440703117,2025,2025-02
2025-02-27,22585.35,22510.85,22613.3,22508.4,3.6158361517606665,0.4644603692216318,0.00713781473056571,-0.1625117591316533,22553.85,-0.06858649667278449,0.2621380342088919,9.81447432855758,20250306,7.239583333333334,11.667282581329344,1.3152965082497174,8.051446429568678,2025,2025-02
2025-02-28,22426.75,22127.4,22450.35,22104.85,9.653725043593,1.5405709699354566,0.08255687973998135,-0.11716686214267273,22273.45,-1.703400804500932,0.3735976207029035,10.201947304670309,20250306,6.239583333333333,12.40450382232666,1.3042433929184745,2.7507787787336593,2025,2025-02
2025-03-03,22207.3,22142.5,22261.55,22004.7,11.499649378732212,1.1566016580133496,0.0002675162333710773,-0.18619958071824597,22103.55,0.06824118513697464,0.361090774334083,10.277716408144427,20250306,3.2395833333333335,16.659432411193844,1.2531923605031772,5.1597830324616325,2025,2025-03
2025-03-04,21986.85,22079.45,22105.05,21964.6,6.766731590221924,0.638790913659759,0.053914835164833565,-0.14722939067512583,22023.0,-0.2847465281698103,0.7029468217229384,10.223170404382927,20250306,2.2395833333333335,15.053166389465328,0.9471915655184175,8.286434799243406,2025,2025-03
2025-03-05,22086.15,22346.65,22394.9,22067.8,7.812823355402059,1.4810186474329032,0.0858191099058894,-0.07680726064949156,22234.1,1.2101750722957272,0.030344958773875774,9.601307258260157,20250306,1.2395833333333333,16.795065879821774,0.7821319573352594,8.982242524419714,2025,2025-03
2025-03-06,22487.15,22527.75,22556.45,22245.85,11.037858744885806,1.3812332821189086,0.12755870988956625,-0.292644452909401,22316.15,0.8104122989351703,0.6287295858663278,10.35732300121867,20250313,7.239583333333334,13.962383747100827,1.5755406111874835,2.92452500221502,2025,2025-03
2025-03-07,22519.4,22536.95,22633.8,22464.75,8.970267490313837,0.750686075117451,0.05965232706043473,-0.029016256740749254,22488.35,0.04083852137919397,0.0370653971213164,10.408131811226784,20250313,6.239583333333333,12.94551372528076,1.350921713028114,3.9752462349669226,2025,2025-03
2025-03-10,22542.1,22441.1,22676.75,22429.05,7.174425514833416,1.0988328505330058,0.15620998719590573,0.10575881626809734,22651.8,-0.42530156032649646,0.022851361874609566,10.429637743714586,20250313,3.2395833333333335,14.903055191040037,1.1211029452327947,7.728629676206621,2025,2025-03
2025-03-11,22350.45,22520.5,22522.1,22314.7,7.903736589952443,0.9279455223496521,0.09623249249031907,-0.3018898453480369,22367.15,0.3538150981903909,0.40394633061657803,10.419106794834747,20250313,2.2395833333333335,16.290631294250485,1.0218110177280422,8.386894704298042,2025,2025-03
2025-03-12,22553.7,22468.5,22577.4,22329.55,8.831656668032338,1.0989327693460593,0.008242977617145516,-0.12159426151099151,22465.5,-0.23090073488599705,0.14742123842721444,9.53066608218108,20250313,1.2395833333333333,16.638477802276608,0.7767465669582249,7.80682113424427,2025,2025-03
2025-03-13,22556.0,22382.9,22558.05,22377.35,7.287740671819211,0.8011172193651389,0.08248780109983883,-0.013436045363340997,22489.9,-0.3809778133831765,0.38943409662415274,9.56571237298545,20250320,7.239583333333334,11.19866132736206,1.2596765794946077,3.9109206555428493,2025,2025-03
2025-03-17,22386.8,22515.25,22577.0,22384.15,7.241490729043432,0.861445137313053,0.036631479439104206,-0.18715880207820082,22556.4,0.5912996081830268,0.017424015654787794,9.916670913383,20250320,3.2395833333333335,14.15783309936523,1.0659945938963518,6.916342370321799,2025,2025-03
2025-03-18,22670.15,22848.75,22857.8,22599.2,6.948856559540271,1.1407070531072732,0.11899017749439685,0.15911375817423498,22671.15,1.4812182853843447,0.6879781481440528,11.261774004256697,20250320,2.2395833333333335,15.950785636901852,1.0019341493328937,9.00192907736158,2025,2025-03
2025-03-19,22888.3,22911.8,22940.7,22807.95,6.366863331427034,0.5799906502448849,0.05923187883159173,-0.13478797866555647,22857.0,0.27594507358170706,0.1730948082498962,11.257180849874638,20250320,1.2395833333333333,16.506654262542718,0.7684735596354679,10.139790931115684,2025,2025-03
2025-03-20,23038.75,23165.7,23216.7,22973.95,6.92182261255984,1.0536595952471381,0.14507546017621953,-0.07235797007580308,23037.95,1.1081626061680172,0.5540813030840086,11.908459394187307,20250327,7.239583333333334,11.7872953414917,1.325421776258372,4.865472728931859,2025,2025-03
2025-03-21,23180.9,23355.65,23402.7,23132.8,7.441094102165822,1.164320626032645,0.05610585728703626,-0.13601264909482844,23269.35,0.8199622718070287,0.06561424865210164,12.20460480641487,20250327,6.239583333333333,10.912916660308838,1.1478618804312157,3.4718225581430158,2025,2025-03
2025-03-24,23515.45,23674.6,23708.75,23433.5,6.748932616579846,1.1705070496205685,0.13462793733681558,-0.022195645740804012,23483.2,1.365622451098547,0.6842027517966809,12.989491539242644,20250327,3.2395833333333335,14.962490081787102,1.1248466729256845,8.213557465207256,2025,2025-03
2025-03-25,23752.85,23605.95,23869.6,23601.4,12.6839011273745,1.1291276625752156,0.0419828457189522,-0.10740527712362519,23781.55,-0.28997322024447714,0.33052300778049215,12.775343488109057,20250327,2.2395833333333335,17.7989821434021,1.1130477069334934,5.115081016027599,2025,2025-03
2025-03-26,23701.0,23464.3,23736.5,23451.7,9.635434992866204,1.2016370617273502,0.08048591080541351,-0.14617947780753016,23622.0,-0.6000605779475143,0.4026527210300834,12.427437406039807,20250327,1.2395833333333333,17.57343435287475,0.8219032846350197,7.937999360008545,2025,2025-03
2025-03-27,23441.5,23601.05,23646.45,23412.2,6.26145045953464,0.9992961201288314,0.027539044450604205,-0.041416189569352474,23550.15,0.5828002540028798,0.0971688906125423,12.442342040514724,20250403,7.239583333333334,12.931035995483398,1.4558293943075336,6.669585535948759,2025,2025-03
2025-03-28,23607.6,23495.15,23649.2,23450.2,9.210403145664262,0.8429488808688728,0.025332344382950026,-0.03656945031962773,23520.2,-0.44870884981811354,0.027753002514718794,12.637483893314519,20250403,6.239583333333333,12.369452476501463,1.298670916693915,3.1590493308372007,2025,2025-03
2025-04-01,23365.2,23179.7,23565.15,23136.4,13.15438396144738,1.8349939225857255,0.16166831283110172,0.09879934306195788,23530.85,-1.3426175189347633,0.5530928723587625,11.956807188543927,20250403,2.2395833333333335,14.242794513702393,0.8909580466743825,1.088410552255013,2025,2025-04
2025-04-02,23216.3,23330.8,23350.0,23158.45,8.387494655997472,0.8250668711207181,0.07683101166927263,-0.15724139518222952,23196.65,0.651863483996773,0.15789678037247956,12.027938550537213,20250403,1.2395833333333333,17.91708993911743,0.8330944338945493,9.52959528311996,2025,2025-04
2025-04-03,23162.5,23241.6,23306.5,23145.8,5.669829915195444,0.6937938478143583,0.018156071410510993,-0.25796494646423607,23226.3,-0.38232722409862196,0.7213640338093796,12.091849812536498,20250409,6.239583333333333,13.750170707702637,1.4343653924872815,8.080340792507194,2025,2025-04
2025-04-04,23213.1,22914.05,23214.7,22857.45,10.155236343246695,1.539001684393726,0.09613989846079347,-0.2303946711957084,23054.35,-1.4093263802836264,0.12262494836844384,12.908034269188196,20250409,5.239583333333333,13.66482830047607,1.3086467280502039,3.5095919572293752,2025,2025-04
2025-04-07,21808.95,22238.0,22254.0,21743.65,19.34077278227189,2.3400943190754186,0.014313472463252272,-0.13702450921440143,22003.75,-2.950373242617521,4.822805222123538,16.63751283210537,20250409,2.2395833333333335,41.46587944030761,2.59114920818717,22.12510665803572,2025,2025-04
2025-04-08,22475.7,22547.2,22697.2,22270.85,21.779023704386006,1.8969375814768936,0.012855783817139442,0.12675236037808915,22519.15,1.3904128069071042,1.0688910873279944,17.416835980608333,20250409,1.2395833333333333,29.162857055664055,1.3579553537844802,7.383833351278049,2025,2025-04
2025-04-09,22461.2,22421.2,22468.7,22353.25,9.119509841164218,0.5139974711947747,0.042937245564175754,-0.3158512037473494,22452.85,-0.5588277036616573,0.3814220834515991,17.467273798188756,20250417,8.239583333333334,22.94733905792236,2.7515437362872364,13.827829216758142,2025,2025-04
2025-04-11,22735.2,22845.25,22923.9,22709.95,10.850320453303496,0.9410517611457156,0.005853786586164962,-0.19765710871803044,22843.1,1.8912903858847807,1.400460278664828,18.68862427390527,20250417,6.239583333333333,20.55584669113159,2.144411182565968,9.705526237828092,2025,2025-04
2025-04-15,23343.85,23344.1,23357.1,23207.0,4.390088932130222,0.6429959068448373,0.011980531636088403,-0.1603501651156603,23303.0,2.183604906928127,2.182510587540065,20.07291246409636,20250417,2.2395833333333335,18.056914329528805,1.1290391402168243,13.666825397398583,2025,2025-04
2025-04-16,23353.65,23433.3,23452.2,23273.05,7.409330719662194,0.7671177738811769,0.05692607487872869,0.12593936624031501,23360.85,0.38210939809202316,0.040909694526680696,19.96296559406996,20250417,1.2395833333333333,13.730740070343018,0.6406016969668438,6.321409350680824,2025,2025-04
2025-04-17,23406.6,23837.75,23872.35,23298.55,11.130099248035565,2.4514453188416914,0.223825153296181,0.05786988184460783,23416.25,1.7259626258358862,0.11394041812292643,20.625293445555904,20250424,7.239583333333334,14.985349655151367,1.689638644767089,3.8552504071158022,2025,2025-04
2025-04-21,23917.5,24120.6,24189.55,23903.65,7.506817639381891,1.1953590467231017,0.08439678284182056,-0.20988393181436968,24017.15,1.1865633291732625,0.3345533869597572,20.425865412758686,20250424,3.2395833333333335,17.84470129013061,1.3444559154457725,10.33788365074872,2025,2025-04
2025-04-22,24201.65,24134.05,24242.6,24072.0,6.235692080453889,0.7049106155985172,0.009716029101151848,-0.2517635923361718,24166.6,0.05576146530352766,0.33601983366915444,20.44126434074098,20250424,2.2395833333333335,13.764648437499998,0.8642092742633266,7.528956357046109,2025,2025-04
2025-04-23,24359.3,24287.9,24359.3,24119.95,9.054789142578619,0.9825816012775348,0.004485903567928977,-0.10565031970947901,24331.4,0.6374810692776567,0.9333286373401917,20.25211314829287,20250424,1.2395833333333333,14.758277893066404,0.6877943664323511,5.703488750487786,2025,2025-04
2025-04-24,24284.0,24245.05,24347.85,24216.15,5.217060760395262,0.542332399934101,0.014726583649158529,-0.34960733062205257,24256.85,-0.17642529819376085,0.016057378365363917,20.18536795500411,20250430,6.239583333333333,15.407489776611328,1.6100606758575737,10.190429016216065,2025,2025-04
2025-04-25,24290.05,23991.05,24365.45,23847.85,15.092062274303785,2.1309136868800276,0.046749439253986114,0.07435478158454834,24206.1,-1.0476365278685784,0.1856048966696333,20.146349866483042,20250430,5.239583333333333,16.22205257415771,1.552707813747426,1.129990299853926,2025,2025-04
2025-04-28,24077.55,24312.9,24355.1,24054.05,9.337869910485024,1.2503348554981686,0.07718784958265339,0.17793489474766117,24190.25,1.3415419500188763,0.36055112218931207,20.58298205397654,20250430,2.2395833333333335,16.810305595397946,1.0506299088512063,7.472435684912922,2025,2025-04
2025-04-29,24375.35,24325.45,24457.65,24290.75,7.778658818253394,0.6847081170116591,0.007679629694568494,-0.3217701275599084,24347.7,0.05161868802159297,0.25685952724683325,20.39476431617586,20250430,1.2395833333333333,16.28758335113525,0.7573610711725498,8.508924532881856,2025,2025-04
2025-04-30,24314.0,24246.25,24396.15,24198.75,6.4260152284809395,0.8118779304104691,0.030093821915384147,0.035599671238899205,24359.8,-0.3255849326528448,0.04707004392519032,20.416563527131224,20250508,8.239583333333334,15.826200962066647,1.9012881628604685,9.400185733585708,2025,2025-04
2025-05-02,24321.4,24313.65,24589.15,24238.5,11.638926486396935,1.4417344396293035,0.059937715967748294,0.04806062719468484,24529.7,0.2779811311027558,0.3099448368304447,20.299933958645312,20250508,6.239583333333333,14.66645860671997,1.5299820342350612,3.027532120323036,2025,2025-05
2025-05-05,24421.05,24459.5,24526.4,24400.65,7.353034184736254,0.5149246244530846,0.0019669264952288067,-0.009873391163890067,24461.05,0.5998687979797301,0.4417271779432408,19.52480468178715,20250508,3.2395833333333335,14.43252897262573,1.087443098313441,7.079494787889477,2025,2025-05
2025-05-06,24509.65,24334.85,24509.65,24331.8,5.333158934201174,0.7256325569724666,0.07906930888297596,-0.09027737713838804,24452.05,-0.5096179398597744,0.2050328093379017,19.663269469823742,20250508,2.2395833333333335,10.043871879577635,0.6287816358955589,4.710712945376461,2025,2025-05
2025-05-07,24234.0,24409.3,24449.6,24220.0,8.670598805603817,0.9474292316579952,0.014845230574857933,0.14381254210325112,24383.15,0.305939835256841,0.4144262241189023,19.535836861838824,20250508,1.2395833333333333,15.953452587127682,0.7429310877629793,7.282853781523865,2025,2025-05
2025-05-08,24437.4,24153.2,24447.25,24150.2,5.50939443109104,1.2155548462602372,0.13647149715799464,0.17585292901668095,24386.25,-1.0491902676438847,0.11512005669971348,19.167848854853982,20250515,7.239583333333334,14.617310523986813,1.6429340054189734,9.107916092895774,2025,2025-05
2025-05-09,23967.55,24038.65,24164.25,23949.2,11.039711239478253,0.8972548299680163,0.03383196868922163,-0.07636736269708387,24081.5,-0.47426427968136897,0.7686352118973949,15.267507598476879,20250515,6.239583333333333,20.691480159759518,2.1582957872225568,9.651768920281265,2025,2025-05
2025-05-12,24400.15,24920.25,24944.8,24378.85,8.45986916889002,2.319452954182662,0.19667006889511918,0.1377140992431212,24606.45,3.6674272473703695,1.5038282099868239,18.936298386288673,20250515,3.2395833333333335,16.358829021453854,1.2309780317619339,7.898959852563834,2025,2025-05
2025-05-13,24884.3,24592.25,24973.8,24547.5,15.43866445042307,1.713128358041011,0.04740451187597278,-0.2125874640519601,24753.5,-1.3161986737693199,0.144260190006118,19.67865262716257,20250515,2.2395833333333335,24.061743259429928,1.504029745497638,8.623078809006858,2025,2025-05
2025-05-14,24619.15,24685.75,24767.55,24535.55,9.629366005188713,0.9423558490037226,0.05820633059789074,0.12355702161200753,24739.7,0.380201079608411,0.10938405391942574,18.94903991584229,20250515,1.2395833333333333,19.993501186370846,0.9298819429975215,10.364135181182133,2025,2025-05
2025-05-15,24703.55,25035.3,25116.25,24494.45,18.879024611862775,2.517047145045952,0.15488807027486595,0.0712607423431233,24508.2,1.415999108797572,0.07210637716090762,18.167779942463476,20250522,7.239583333333334,15.82467699050903,1.7814446026371402,-3.0543476213537453,2025,2025-05
2025-05-16,25065.25,25013.1,25070.0,24953.05,6.511707346875804,0.46658222040474656,0.006578947368418595,-0.29785880338562787,25022.1,-0.08867479119483157,0.1196310809137513,18.235700167733626,20250522,6.239583333333333,14.235174655914303,1.4920810247881497,7.723467309038499,2025,2025-05
2025-05-19,25004.25,24935.35,25062.95,24916.65,6.279760274234728,0.5851005329094024,0.055855403539601056,-0.029748539391205274,25005.65,-0.31083712134841734,0.03538146011489163,17.594006770748578,20250522,3.2395833333333335,17.785647392272946,1.3378976473387327,11.505887118038217,2025,2025-05
2025-05-20,25001.0,24713.85,25010.35,24669.7,7.9057652368444975,1.3625454981800642,0.1459882840781928,-0.04768980097775401,24899.1,-0.8882971363947223,0.2632808442632806,17.641013282744268,20250522,2.2395833333333335,17.00651693344116,1.0630906215415103,9.10075169659666,2025,2025-05
2025-05-21,24759.5,24800.4,24946.2,24685.35,10.75380396735071,1.0535350067650888,0.0035427203205550873,-0.11030126366463712,24818.2,0.3502084863346022,0.1847142391816714,17.65611996292144,20250522,1.2395833333333333,22.00361967086792,1.025457124207235,11.24981570351721,2025,2025-05
2025-05-22,24734.25,24637.0,24737.5,24462.4,10.212931322847766,1.112222929743164,0.02304504665652885,-0.13361558381293173,24570.4,-0.6588603409622529,0.26672956887793253,17.772938595884845,20250529,7.239583333333334,16.350447177886963,1.8430713627108863,6.137515855039197,2025,2025-05
2025-05-23,24650.3,24845.15,24909.05,24614.05,9.47360805436228,1.196739999107516,0.039346049046322315,-0.02147701615100383,24766.35,0.8448674757478569,0.05398384543573442,17.9484544075098,20250529,6.239583333333333,15.172036170959469,1.5876380530366492,5.698428116597189,2025,2025-05
2025-05-26,24919.1,24996.35,25079.2,24900.5,8.654659238032245,0.7171206022689453,0.03286799231084212,0.02454995000166622,25066.55,0.6085694793551033,0.2976436044861863,17.465551685820717,20250529,3.2395833333333335,21.48356437683105,1.616895835492949,12.828905138798806,2025,2025-05
2025-05-27,24958.25,24837.7,25062.9,24704.1,16.086771306950432,1.4376007933248642,0.006971119647176828,-0.26359473357227586,24804.35,-0.6346926651290996,0.1524222536490316,17.17545880502159,20250529,2.2395833333333335,27.716989040374756,1.7323574169379252,11.630217733424324,2025,2025-05
2025-05-28,24852.35,24755.6,24864.25,24737.05,6.464698191060685,0.511822825608044,0.030582663019064146,-0.2161627106938145,24798.6,-0.33054590400883876,0.058982917097782916,17.24679677418022,20250529,1.2395833333333333,28.858824729919423,1.3418096182849033,22.39412653885874,2025,2025-05
2025-05-29,24845.9,24880.85,24892.6,24677.3,8.222194961673726,0.8665413609488859,0.00477013480815858,-0.011640934613544514,24802.7,0.5059461293606349,0.3647659519462332,17.231556309891833,20250605,7.239583333333334,16.002600669860836,1.800408838762545,7.780405708187111,2025,2025-05
2025-05-30,24837.05,24736.65,24863.95,24717.4,6.523946319603627,0.5900459193020076,0.05274313198010917,0.09109322850686655,24831.8,-0.5795621934137962,0.17603900188296606,17.40503163774784,20250605,6.239583333333333,15.81058025360107,1.6492964789171862,9.286633933997443,2025,2025-05
2025-06-02,24717.55,24690.7,24754.4,24526.15,7.889844735225986,0.9234329454173249,0.11815137307434966,-0.1945534613784353,24567.35,-0.1857567617280509,0.07721336559316505,17.324153537667936,20250605,3.2395833333333335,20.067794799804684,1.510948461874163,12.177950064578699,2025,2025-06
2025-06-03,24787.6,24538.4,24845.1,24502.15,11.34926191748808,1.3835546805660779,0.038692363991216394,0.04168233447638304,24644.55,-0.61683143855783,0.3924554589379792,17.37441105456484,20250605,2.2395833333333335,28.253808021545407,1.7657047659481888,16.904546104057324,2025,2025-06
2025-06-04,24571.6,24614.2,24644.25,24530.45,5.083013510106998,0.4631363037002038,0.08929509402248054,-0.1595484870899572,24550.4,0.3089035959964681,0.13529814494830372,17.37499945322208,20250605,1.2395833333333333,16.461697101593014,0.7655679620219719,11.378683591486016,2025,2025-06
2025-06-05,24665.45,24761.4,24899.85,24613.1,8.928053954420081,1.1625573423553999,0.014339575993572449,0.06841528395098123,24756.45,0.5980287801350403,0.20821314525760748,16.975351031252856,20250612,7.239583333333334,14.301086425781248,1.6104893752870146,5.373032471361167,2025,2025-06
2025-06-06,24748.2,25000.3,25029.5,24671.45,10.232854838293898,1.446771886440223,0.21257199275958835,-0.012682490136665189,24686.3,0.9648081287810806,0.05330877898664932,17.06451987838426,20250612,6.239583333333333,14.126210689544674,1.4738943901869723,3.893355851250776,2025,2025-06
2025-06-09,25127.2,25102.15,25143.45,25077.15,3.917773386266831,0.2638574930752303,0.011433828361151602,-0.10002767775279184,25108.8,0.40739511125866823,0.5075939088730941,11.198518740465556,20250612,3.2395833333333335,16.373306751251217,1.2324364244736594,12.455533364984387,2025,2025-06
2025-06-10,25199.3,25091.5,25199.3,25055.45,4.165682155077331,0.570849190255279,0.014103071042573091,-0.10187106018553857,25111.45,-0.04242664472964286,0.3870186418294841,10.003457565633035,20250612,2.2395833333333335,14.725893497467041,0.9224875565762983,10.56021134238971,2025,2025-06
2025-06-11,25136.2,25125.75,25222.4,25081.3,5.236787773661218,0.5613418098201087,0.0207275803722478,0.07220668837798906,25125.0,0.13650040850488043,0.17814797839905694,9.950968831238107,20250612,1.2395833333333333,11.991888523101807,0.5657711351688821,6.755100749440588,2025,2025-06
2025-06-12,25164.5,24856.0,25196.2,24825.9,9.016462310202932,1.4715174154066215,0.11799897784324967,0.06921155189354264,25100.0,-1.0735997930410024,0.15422425201236933,9.463862891737191,20250619,7.239583333333334,12.804927349090573,1.4416334904522534,3.78846503888764,2025,2025-06
2025-06-13,24509.05,24735.55,24754.35,24508.1,6.583773376571159,1.0047309055226539,0.05437371011271775,0.061145959395883236,24613.7,-0.48459124557451716,1.3958400386224645,9.597468629797412,20250619,6.239583333333333,14.701509952545164,1.5381677931538762,8.117736575974005,2025,2025-06
2025-06-16,24737.25,24940.95,24967.1,24703.6,7.0400293515137795,1.065195201568485,0.1461291800274867,0.04433265321115279,24754.85,0.8303837998346664,0.0068726994144174824,10.03730819996425,20250619,3.2395833333333335,15.098123550415036,1.1361409986325912,8.058094198901255,2025,2025-06
2025-06-17,24980.3,24841.5,24982.05,24813.7,4.783532416462996,0.6739310576734409,0.011931112670732644,0.012231237709124059,24875.25,-0.39874182819821247,0.15777265902059412,9.60169590941453,20250619,2.2395833333333335,15.298144817352293,0.9575783035275713,10.514612400889298,2025,2025-06
2025-06-18,24795.65,24798.75,24947.55,24750.45,6.205241640447081,0.794897492100423,0.10270594793944621,0.004293088285482216,24945.15,-0.17209105730330299,0.1845701749089157,9.547710841395869,20250619,1.2395833333333333,17.44999265670776,0.8113801742057228,11.244751016260679,2025,2025-06
2025-06-19,24814.95,24744.7,24863.1,24733.4,6.109564623636859,0.5226687944162576,0.044019273050474934,-0.10523641715809921,24843.05,-0.2179545339986877,0.0653258732798978,9.267482109406808,20250626,7.239583333333334,13.094481945037842,1.4728465059502935,6.9849173214009825,2025,2025-06
2025-06-20,24800.5,25079.75,25136.2,24783.65,6.717632484914353,1.4215439204854712,0.1393560975609755,0.121762417746926,24884.6,1.354027327063978,0.22550283495050838,10.01234914609508,20250626,6.239583333333333,12.395359992980955,1.29337016003764,5.677727508066602,2025,2025-06
2025-06-23,24955.45,24958.2,25057.0,24824.85,6.457828182489915,0.9302577192557195,0.11042003919229895,0.17977501371323396,24858.75,-0.4846539538870931,0.4956189754682483,9.953671214445572,20250626,3.2395833333333335,16.08565711975097,1.2108412530799015,9.627828937261054,2025,2025-06
2025-06-24,25186.55,25071.55,25317.7,24999.7,14.561789365970823,1.2625786382017385,0.04475419168824423,-0.01826576809442481,25167.1,0.4541593544406197,0.9149297625629993,9.790243817281548,20250626,2.2395833333333335,15.274523258209225,0.9579967739768016,0.7127338922384023,2025,2025-06
2025-06-25,25156.3,25238.35,25266.8,25125.05,5.54792122847828,0.5634771409149995,0.057735247208929974,0.005247453331337384,25195.15,0.6652959230681654,0.33803255083950656,9.915993977858466,20250626,1.2395833333333333,15.284048080444332,0.7106526575621015,9.736126851966052,2025,2025-06
2025-06-26,25281.35,25530.4,25565.3,25259.9,9.98896533068116,1.2080051104865754,0.09403353698167331,0.02379560673888839,25365.8,1.157167564440642,0.17037563866100225,10.521860579365214,20250703,7.239583333333334,13.195826053619381,1.4892098810209022,3.206860722938222,2025,2025-06
2025-06-27,25546.2,25632.45,25654.2,25523.55,4.660693195344656,0.5114263569532903,0.12172824726560139,-0.08200000602677011,25533.2,0.3997195500266226,0.06188700529563551,10.2144100788102,20250703,6.239583333333333,12.313827514648436,1.2847978437945804,7.6531343193037795,2025,2025-06
2025-06-30,25667.95,25507.45,25669.35,25473.3,5.729676518895975,0.7637929791822069,0.0654103509490661,0.013753852594140439,25581.9,-0.48766309892342985,0.13849632009426127,10.412092834647046,20250703,3.2395833333333335,14.156309127807615,1.0642290056641608,8.42663260891164,2025,2025-06
2025-07-01,25566.5,25533.0,25593.4,25501.8,4.680771815689252,0.3582813447284618,0.04897841726618847,-0.12756361160844415,25575.3,0.10016681400923932,0.23150099284718895,10.001065994680909,20250703,2.2395833333333335,14.2881326675415,0.8944176607899028,9.607360851852249,2025,2025-07
2025-07-02,25595.75,25442.85,25608.1,25378.75,5.6026720920815265,0.8960471953351574,0.08584323477940216,0.08168727065458938,25533.65,-0.35307249441899335,0.2457603885168247,10.180545020257897,20250703,1.2395833333333333,13.209922790527342,0.6152665148700678,7.6072506984458155,2025,2025-07
2025-07-03,25508.1,25396.7,25587.5,25384.35,8.437314121474447,0.7964136882010084,0.06827607134427945,0.10550654216819806,25513.0,-0.18138691223663628,0.25645711860109444,10.119269567278561,20250710,7.239583333333334,11.131606578826904,1.257986112759151,2.694292457352457,2025,2025-07
2025-07-04,25440.7,25467.8,25470.25,25331.65,6.077859242449474,0.5447963302896482,0.05335295740962164,0.09120412198552912,25395.95,0.27995763229080595,0.1732508554260992,9.649847445567856,20250710,6.239583333333333,11.231807708740234,1.1736123399666396,5.15394846629076,2025,2025-07
2025-07-07,25454.25,25454.95,25489.8,25407.25,5.5117802762672525,0.3243073357101438,0.007203526502527601,-0.0053153187280256505,25449.85,-0.050455869764953754,0.05320443854592849,9.58957064205675,20250710,3.2395833333333335,12.662436008453366,0.9526578921983301,7.150655732186113,2025,2025-07
2025-07-08,25444.6,25523.1,25548.05,25424.15,5.385338817768424,0.4869402545137193,0.026226685796273876,-0.008692885288268618,25473.05,0.26772788789606317,0.04066006808106648,9.60387026249915,20250710,2.2395833333333335,12.490989208221432,0.7871063732061925,7.105650390453008,2025,2025-07
2025-07-09,25518.15,25464.65,25548.7,25424.35,6.139269640807122,0.4873002157288133,0.013811461001456238,0.06538107440605732,25485.3,-0.22900823175866503,0.019394195846100803,9.666340508025549,20250710,1.2395833333333333,11.568224430084227,0.5387419534074851,5.428954789277105,2025,2025-07
2025-07-10,25516.85,25348.25,25524.05,25340.45,6.417658938547484,0.7195245494643678,0.0841658562461342,-0.13693193718567415,25445.3,-0.4571042602195652,0.20499005484071464,8.918823439880304,20250717,7.239583333333334,10.329997539520262,1.1634761745853177,3.9123386009727783,2025,2025-07
2025-07-11,25282.05,25140.55,25322.45,25129.0,6.894223199415007,0.7651673816007829,0.12005770704656844,-0.06839961062691814,25300.2,-0.8193859536654413,0.26116201315673493,9.28147554916733,20250717,6.239583333333333,9.398850917816162,0.9839843344227979,2.5046277184011547,2025,2025-07
2025-07-14,25151.1,25087.1,25151.1,25001.95,6.4379020761027705,0.5930158124296664,0.008292303705621513,0.03983659495656841,25087.5,-0.2126047361732386,0.0419640779537378,8.89779493720533,20250717,3.2395833333333335,11.965981006622313,0.8994519243682269,5.528078930519542,2025,2025-07
2025-07-15,25094.05,25219.65,25245.2,25088.45,5.783755105463628,0.6246500664500151,0.06861244019138706,0.12685054904280624,25095.7,0.5283591965592027,0.027703481071950087,8.912881587472771,20250717,2.2395833333333335,11.69090414047241,0.7308024941558868,5.907149035008782,2025,2025-07
2025-07-16,25218.95,25198.55,25255.3,25121.05,5.5364260256034585,0.5323377856730752,0.07196858124693307,-0.08649691712697383,25151.85,-0.08366492001277148,0.0027756134601375493,8.88558193093491,20250717,1.2395833333333333,11.221520900726318,0.5222279963057126,5.68509487512286,2025,2025-07
2025-07-17,25238.2,25109.5,25238.35,25101.0,5.629787032634518,0.5442147221275627,0.07565685343463018,-0.09504016624495983,25186.4,-0.35339335001418615,0.1573503237289442,8.958821214135291,20250724,7.239583333333334,9.379801273345945,1.055331460835045,3.750014240711428,2025,2025-07
2025-07-18,25144.6,24965.55,25144.6,24918.65,7.685148587218617,0.8986024832369458,0.05268935236004427,-0.20780482051203242,25034.8,-0.5732889942053787,0.13978772974372333,7.852334971055656,20250724,6.239583333333333,9.701359272003172,1.0125905045352652,2.0162106847845553,2025,2025-07
2025-07-21,25037.2,25093.3,25111.4,24882.3,7.26736932090449,0.9150384228268424,0.09561091340450886,0.033059623533785346,24952.3,0.5117051296686936,0.28699547977113493,7.869604728608159,20250724,3.2395833333333335,11.56479549407959,0.8706612216108335,4.2974261731751,2025,2025-07
2025-07-22,25181.8,25064.9,25182.0,25035.55,5.7100375667072765,0.5815708170186433,0.04555438831057202,-0.13018236873144415,25110.65,-0.11317762111797691,0.35268378411768,7.718501244206029,20250724,2.2395833333333335,10.538781642913817,0.6616714178903548,4.82874407620654,2025,2025-07
2025-07-23,25135.55,25209.2,25233.5,25085.5,5.359358091036694,0.5888074858119277,0.12780798030567203,-0.27397043796943643,25100.35,0.5757054686035046,0.28186826997114167,7.621996317022471,20250724,1.2395833333333333,10.630981922149656,0.4946146230067665,5.271623831112962,2025,2025-07
2025-07-24,25244.9,25051.9,25246.25,25018.7,6.578102855969966,0.9013701777388672,0.10773276357958422,0.08948692857077237,25190.25,-0.6239785475143922,0.14161496596480916,6.570674938524124,20250731,7.239583333333334,8.80031108856201,0.9910580845973082,2.2222082325920436,2025,2025-07
2025-07-25,24985.35,24829.15,24994.85,24806.35,8.360369824631556,0.7544421030724004,0.05980439313772591,-0.17911494775339007,24923.8,-0.8891541160550687,0.2656485136856013,6.872687479649181,20250731,6.239583333333333,9.768795013427733,1.0313435473393215,1.4084251887961763,2025,2025-07
2025-07-28,24799.3,24673.95,24889.2,24646.6,8.315767730235299,0.9782534184432713,0.07350370981038742,0.11140625151832421,24793.9,-0.625071740273031,0.1202215943759688,6.976579530815378,20250731,3.2395833333333335,12.324495315551756,0.9266392136775577,4.008727585316457,2025,2025-07
2025-07-29,24621.2,24830.4,24847.15,24598.6,7.351031171945619,1.0094958815979842,0.06426659823294499,-0.08529938173184258,24704.8,0.6340695348738379,0.2137882260440649,7.48468658696777,20250731,2.2395833333333335,13.116198539733887,0.8208930872638649,5.765167367788267,2025,2025-07
2025-07-30,24892.05,24844.55,24902.3,24771.95,7.316667113441768,0.5236611689274229,0.0027537215149464832,-0.012995618389158175,24861.05,0.05698659707453757,0.24828436110573282,7.470188209914706,20250731,1.2395833333333333,12.399931907653807,0.5788170713862806,5.083264794212039,2025,2025-07
2025-07-31,24661.15,24766.6,24956.5,24635.0,10.04528953990886,1.3036699423992797,0.05760893128116106,-0.010227915774940555,24703.65,-0.31375090311557274,0.7381900658293139,7.499834950146475,20250807,7.239583333333334,11.564795494079588,1.3036535210455047,1.5195059541707288,2025,2025-07
2025-08-01,24737.7,24572.15,24784.15,24535.05,9.79474847117904,1.0069650775941261,0.06238328664799065,-0.07717455889335306,24713.35,-0.7851299734319528,0.11668941235372099,7.68860824247705,20250807,6.239583333333333,11.70233392715454,1.2268672476545763,1.9075854559755,2025,2025-08
2025-08-04,24605.4,24726.9,24736.25,24554.0,8.390571783482864,0.7406910678143821,0.0871455323702484,-0.22253885134693044,24585.75,0.6297780210522852,0.135315794507207,8.200091844050755,20250807,3.2395833333333335,14.953727245330803,1.1240250585999068,6.5631554618479395,2025,2025-08
2025-08-05,24733.1,24648.85,24733.1,24590.3,6.35024619646062,0.577363937395633,0.01078753251183327,-0.10143507716808903,24622.7,-0.31564814028447463,0.02507390736403714,8.072333462313992,20250807,2.2395833333333335,14.513299465179438,0.9125725324527456,8.16305326871882,2025,2025-08
2025-08-06,24656.6,24569.6,24671.4,24539.2,7.5615884458674625,0.5361647591314322,0.03661801862955859,-0.0582460690090976,24622.0,-0.3215160139316886,0.03144162912265269,8.087527906055117,20250807,1.2395833333333333,16.09784889221191,0.7533912760945496,8.536260446344448,2025,2025-08
2025-08-07,24467.1,24626.65,24634.2,24344.15,8.03274992808573,1.185469467162023,0.030963102593641614,-0.04334099315571098,24502.55,0.23219751237302244,0.41718220890857305,8.14141347073812,20250814,7.239583333333334,10.665271282196045,1.2027319480961867,2.632521354110315,2025,2025-08
2025-08-08,24561.65,24350.85,24585.5,24337.5,7.022339468942282,1.0097041526118968,0.07374255645855766,-0.0877644449245351,24496.85,-1.1199249593428329,0.26394170542887174,8.5330291714207,20250814,6.239583333333333,10.520112991333006,1.09973323723613,3.497773522390724,2025,2025-08
2025-08-11,24378.25,24560.45,24600.85,24347.45,6.103991402738591,1.0394511501030541,0.1696330662167833,-0.04444374744740584,24382.8,0.8607502407513623,0.11252173948754773,9.261552618458099,20250814,3.2395833333333335,13.592439651489258,1.021826867816161,7.488448248750667,2025,2025-08
2025-08-12,24542.65,24485.2,24702.6,24465.65,8.472902572418981,0.9654621648436378,0.10664415145807507,0.04395013459077834,24655.6,-0.306386894376931,0.07247424212504239,8.974679114347717,20250814,2.2395833333333335,11.810154914855957,0.7395885659814448,3.337252342436976,2025,2025-08
2025-08-13,24586.9,24630.4,24664.55,24535.25,6.017846964931015,0.5258898031065293,0.044306049822061835,-0.03917847585848146,24582.2,0.5930112884517946,0.41535294790322475,9.350710272349966,20250814,1.2395833333333333,13.204969882965086,0.6154859834447823,7.187122918034071,2025,2025-08
2025-08-14,24628.6,24614.7,24673.65,24596.9,6.270565357483764,0.3116295688752101,0.02000761389112303,-0.07607870475567333,24667.15,-0.06374236715603887,0.007308042094333889,9.3080914700366,20250821,7.239583333333334,10.431722640991207,1.181733601165923,4.1611572835074435,2025,2025-08
2025-08-18,24942.35,24884.05,25022.0,24852.85,5.6891551798348345,0.6781638458284863,0.1006914235999796,-0.1884184106093469,25005.2,1.0942648092399976,1.3311151466400162,10.032262019840958,20250821,3.2395833333333335,14.125067710876463,1.0631788526951238,8.435912531041629,2025,2025-08
2025-08-19,24922.9,24993.65,25012.65,24873.95,5.300516770378009,0.5565162962576615,0.09852389291968727,-0.1353061698584516,24877.05,0.4404427735838823,0.15612410359246987,9.985772942699457,20250821,2.2395833333333335,11.406683444976805,0.7143129790238079,6.1061666745987955,2025,2025-08
2025-08-20,24982.3,25047.15,25088.7,24929.7,4.567553447910635,0.6364506070297771,0.09827284652383553,-0.34162854273789495,24972.0,0.21405436980992398,0.045411534529782305,10.01193447799641,20250821,1.2395833333333333,11.922166824340819,0.5610283456436052,7.3546133764301835,2025,2025-08
2025-08-21,25144.85,25076.95,25153.65,25054.9,5.29838369871512,0.3927245539345035,0.03513047009849049,-0.008428891853493525,25061.1,0.11897561199576412,0.39006433865726997,9.791441343070504,20250828,7.239583333333334,9.505909919738768,1.0761698287315489,4.207526221023648,2025,2025-08
2025-08-22,25076.45,24869.45,25084.85,24859.15,5.187166539943084,0.9000476542732209,0.10816389720301323,-0.08248088537567486,24978.7,-0.8274530993601648,0.0019938628900262323,9.981467444498215,20250828,6.239583333333333,9.211402416229246,0.9610188002248228,4.024235876286162,2025,2025-08
2025-08-25,24961.35,24978.55,25021.55,24894.35,4.3822516988148585,0.5095878227740116,0.019520424147488405,0.07572899378091016,24962.75,0.43869084358518773,0.36952968400989494,9.578519774714275,20250828,3.2395833333333335,9.638114452362059,0.7292866493145099,5.2558627535472,2025,2025-08
2025-08-26,24907.3,24710.7,24919.65,24689.6,6.049896737889558,0.9236248007612344,0.012330564057716183,0.004054073068405092,24764.0,-1.0723200506034147,0.2852447399869118,10.102506031350561,20250828,2.2395833333333335,9.887664794921873,0.6224761812545587,3.8377680570323154,2025,2025-08
2025-08-28,24700.55,24533.1,24702.65,24481.6,8.144320995524641,0.894919343901261,0.050328374212575196,-0.12368855450598246,24578.2,-0.7187169930435111,0.04107532364522326,10.134196458580247,20250902,5.239583333333333,10.457249164581299,0.9996663896364938,2.312928169056658,2025,2025-08
2025-08-29,24466.6,24433.5,24572.45,24404.7,6.993312035363831,0.685628571195017,0.03137421371512548,0.01049996599662853,24499.9,-0.40598212211256923,0.27106236064745604,10.197408979177968,20250902,4.239583333333333,9.849565505981445,0.8487789621518544,2.856253470617614,2025,2025-08
2025-09-01,24480.6,24624.3,24635.6,24467.8,4.717255819266384,0.6854407163223095,0.08765633496465604,-0.062121493496118105,24543.35,0.7808950825710648,0.1927681257290148,10.599006158301693,20250902,1.2395833333333333,11.456593513488768,0.5327308619239021,6.7393376942223835,2025,2025-09
2025-09-02,24683.3,24575.0,24756.1,24522.35,8.795156686993002,0.9469965523248512,0.0773559257737206,0.020343001979060242,24695.2,-0.20020873689809981,0.23960071961437457,10.241189747590687,20250909,7.239583333333334,9.359989643096924,1.054860894543857,0.5648329561039223,2025,2025-09
2025-09-03,24630.7,24713.9,24737.05,24533.2,5.703852727730714,0.8276256866430859,0.1186362800955718,-0.1783390986756012,24557.1,0.5652085452695799,0.22665310274669892,10.191182625804894,20250909,6.239583333333333,9.500195026397707,0.9966567713614393,3.7963422986669926,2025,2025-09
2025-09-04,24967.85,24739.8,24970.3,24708.2,8.181829403845056,1.0497499784723097,0.09851192410162907,-0.05217333525234495,24895.25,0.10479932345763832,1.027559389655197,10.127914875613762,20250909,5.239583333333333,8.674964427947996,0.8310822406920151,0.49313502410294063,2025,2025-09
2025-09-05,24824.7,24743.95,24832.35,24621.6,8.320680589797401,0.8489528574363436,0.01846725075725679,0.1558991478505118,24774.2,0.01677458993201153,0.3431717313802096,10.047329139954654,20250909,4.239583333333333,7.834113121032712,0.6872068368920197,-0.48656746876468926,2025,2025-09
2025-09-08,24802.5,24791.2,24885.5,24751.55,6.672004642564766,0.5400665255518626,0.030198516141970288,0.03453054191068324,24832.75,0.19095576898595645,0.23662349786512937,10.037778691880577,20250909,1.2395833333333333,11.395634651184078,0.5313547818007942,4.723630008619312,2025,2025-09
2025-09-09,24874.5,24878.8,24891.8,24814.0,6.503879095697513,0.3127701059317746,0.0076382258484530945,-0.4303532459900482,24856.6,0.3533511891316232,0.3360063248249334,9.108386405181909,20250916,7.239583333333334,9.681166648864744,1.0940756054659213,3.177287553167231,2025,2025-09
2025-09-10,24992.8,24977.55,25035.7,24915.05,5.567498493303203,0.48273902884031183,0.0644418283257415,0.040803493087672296,25013.9,0.39692428895283793,0.45822145762657307,8.741999014372876,20250916,6.239583333333333,9.439236164093018,0.9928479704249281,3.8717376707898143,2025,2025-09
2025-09-11,24970.25,25008.1,25037.3,24940.15,5.516871446432222,0.38906298495208425,0.03249319850110191,-0.09441860208402802,24977.4,0.12230983423113795,0.02922624516815686,8.618569276773796,20250916,5.239583333333333,8.501993656158447,0.8127347121798104,2.9851222097262253,2025,2025-09
2025-09-12,25088.75,25104.55,25139.45,25038.05,3.375195027055031,0.40416521349210877,0.09390318627450775,0.03367135827657596,25050.3,0.385675041286615,0.32249551145429045,8.494057126339271,20250916,4.239583333333333,7.540748596191406,0.6510900008148449,4.165553569136375,2025,2025-09
2025-09-15,25133.65,25072.1,25138.45,25048.75,5.037776150470861,0.3568920550735795,0.007369323050557356,-0.041553596284180885,25092.0,-0.12925943703432363,0.1159152424560661,8.513636527825815,20250916,1.2395833333333333,10.270181655883787,0.4776422703416272,5.232405505412927,2025,2025-09
2025-09-16,25081.25,25254.45,25261.4,25070.45,4.771776566349483,0.7613256915026194,0.10471298010871287,-0.07942869024033732,25134.3,0.727302459706225,0.03649474914346751,8.027255772280824,20250923,7.239583333333334,9.25674057006836,1.0412066561536892,4.4849640037188765,2025,2025-09
2025-09-17,25289.6,25330.05,25346.5,25275.35,4.041582166952399,0.28134094647602753,0.01641621416845468,0.008194297132803861,25319.45,0.299353183300366,0.1391833914418994,7.9574119915054515,20250923,6.239583333333333,8.444844722747801,0.8929894057869172,4.403262555795402,2025,2025-09
2025-09-18,25441.65,25420.75,25448.95,25329.75,6.0932007042339125,0.46852307142029204,0.010507298055436388,-0.07918733171649124,25418.45,0.3580727238990944,0.4405834177192869,8.008711498967681,20250923,5.239583333333333,7.494648456573485,0.7282111949159806,1.401447752339573,2025,2025-09
2025-09-19,25425.45,25352.5,25428.75,25286.3,5.125633331244891,0.5602654033655283,0.0018537153752449067,-0.16603126083190214,25334.4,-0.26848145707738524,0.018488832941598865,8.098258134618327,20250923,4.239583333333333,7.433308601379393,0.63924941809412,2.307675270134502,2025,2025-09
2025-09-22,25259.1,25200.2,25331.7,25151.05,5.711400431547877,0.7151877937060365,0.12517540039676567,0.20149096743607475,25324.75,-0.6007297110738552,0.36840548269402307,7.804927660492609,20250923,1.2395833333333333,10.597835540771483,0.5018805653525547,4.886435109223606,2025,2025-09
2025-09-23,25242.7,25184.9,25261.9,25084.65,7.667469811406436,0.7021832054415732,0.039053000500680383,-0.048649530647523725,25133.55,-0.06071380385869185,0.1686494551630613,7.690158048056005,,,,,,2025,2025-09
2025-09-24,25147.1,25060.9,25149.85,25027.45,5.449848065632441,0.4867360451105608,0.00030054097375202803,-0.043071843477297596,25053.65,-0.4923585164126165,0.1500899348419238,6.799237531522236,,,,,,2025,2025-09
2025-09-25,25048.6,24904.55,25092.7,24878.3,6.723961638461061,0.8559360602987851,0.09851498798597577,0.003531653463218819,25039.55,-0.6238802277651723,0.049080440048054896,6.660002835443421,20250930,5.239583333333333,8.233012676239012,0.7879534698177796,1.509051037777951,2025,2025-09
2025-09-26,24843.4,24673.1,24868.6,24629.45,7.040984447139026,0.9626299137799086,0.10249574168703282,-0.09443123314433767,24779.25,-0.9293482516247065,0.24553746203002103,7.382295152854438,20250930,4.239583333333333,8.538187980651854,0.7342837129785695,1.4972035335128275,2025,2025-09
2025-09-29,24712.2,24677.55,24791.3,24606.2,8.621348260651754,0.7490227498968062,0.06745824233288984,0.12406479331515222,24753.6,0.018035836599383792,0.158472182255176,6.858369157987541,20250930,1.2395833333333333,12.252487659454342,0.5704220676921425,3.6311393988025884,2025,2025-09
2025-09-30,24708.55,24633.6,24731.8,24587.7,7.960132632423769,0.5831989331628062,0.0072168183244421015,-0.1179670498904732,24641.8,-0.17809709634870607,0.125620249984304,6.849751915612458,20251007,7.239583333333334,10.959016799926756,1.2332702720437807,2.998884167502987,2025,2025-09
2025-10-01,24636.8,24853.4,24867.95,24605.95,8.267636211076496,1.0634497986751525,0.09981804003119366,-0.18815587274152684,24682.3,0.8922772148610036,0.012990387113531732,7.284207204602381,20251007,6.239583333333333,9.29864978790283,0.9703309659148458,1.031013576826334,2025,2025-10
2025-10-03,24785.7,24895.0,24904.8,24747.55,6.097263442088774,0.6344384060163724,0.08215366991244238,-0.14528514355892014,24787.2,0.16738152526414307,0.27239733798997134,7.2962051469917135,20251007,4.239583333333333,7.912597656249999,0.6805931970865696,1.8153342141612248,2025,2025-10
2025-10-06,24931.0,25072.55,25095.95,24881.65,6.216142063949022,0.8595724198788627,0.10602821718683461,-0.2378906174075565,24953.45,0.7131954207672209,0.14460735087367116,7.685001379838577,20251007,1.2395833333333333,9.617540836334229,0.44803423669697195,3.401398772385207,2025,2025-10
2025-10-07,25088.45,25115.75,25220.9,25076.3,7.727523234887042,0.5763608353644892,0.013123723120606967,-0.11501185392000687,25145.7,0.1722999854422591,0.0634159668641665,7.681297952986742,20251014,7.239583333333334,8.815169811248778,0.9940069154894959,1.0876465763617356,2025,2025-10
2025-10-08,25095.9,25023.8,25192.5,25008.5,8.453313900136134,0.7331874927777047,0.07376531514462614,-0.1628493894297083,25171.05,-0.366104934154865,0.07903407224549852,7.748774931746491,20251014,6.239583333333333,8.33740472793579,0.8827601428952793,-0.11590917220034491,2025,2025-10
2025-10-09,25082.2,25170.3,25199.25,25024.3,7.199640079207207,0.6975065983047768,0.07956989247311726,-0.1427536731851873,25062.5,0.5854426585890193,0.23337782431125387,7.894632378315652,20251014,5.239583333333333,8.364455223083494,0.8071820570643703,1.1648151438762877,2025,2025-10
2025-10-10,25182.0,25278.2,25330.75,25156.85,5.964270422439397,0.6905726312445455,0.017859448293669825,-0.3299929325593835,25276.75,0.428679832977763,0.0464833553831312,8.011236443652585,20251014,4.239583333333333,7.8581156730651855,0.6759175862170616,1.8938452506257883,2025,2025-10
2025-10-13,25183.25,25237.15,25267.3,25152.3,6.651816646675292,0.4566527354491577,0.007430434452952884,-0.1952273493205647,25215.45,-0.16239289189894368,0.3756200995324033,7.947096092378246,20251014,1.2395833333333333,13.147820949554442,0.6147024939075051,6.496004302879149,2025,2025-10
2025-10-14,25278.3,25123.35,25310.35,25060.55,9.713731331889273,0.9881993646724633,0.035054956781557955,-0.2282594704719198,25236.6,-0.4509225487030144,0.16305327661798596,8.111588376567463,20251020,6.239583333333333,10.52468490600586,1.0986028228842237,0.8109535741165868,2025,2025-10
2025-10-15,25197.2,25327.75,25365.15,25159.35,6.029227503108723,0.8167574174908439,0.06271268838113608,-0.1616673942205922,25236.85,0.8135857678215785,0.29394965241500426,8.217669793985312,20251020,5.239583333333333,9.699073314666746,0.9276117997060691,3.669845811558023,2025,2025-10
2025-10-16,25403.05,25566.3,25625.4,25376.85,5.292037567291304,0.9784258189469489,0.18633570901941396,-0.3438573275959435,25433.6,0.9418523161354608,0.29730236598197735,8.807081112485243,20251020,4.239583333333333,8.771736621856686,0.7543171178052698,3.4796990545653816,2025,2025-10
2025-10-17,25547.85,25704.7,25781.5,25508.6,9.035386856667548,1.0681916482208933,0.060274506528577555,-0.08286635872925721,25609.6,0.541337620226634,0.07216531136692295,8.916039903506576,20251020,3.2395833333333335,9.391231060028074,0.709694801949269,0.355844203360526,2025,2025-10
2025-10-20,25838.0,25847.6,25926.2,25788.5,8.38167529718099,0.5329359857574144,0.009507190565017398,-0.16981850861373932,25837.65,0.555929460371063,0.5185822048107802,8.996689588734206,20251028,8.239583333333334,10.223319530487059,1.2274723481248233,1.8416442333060683,2025,2025-10
2025-10-23,26066.9,25870.3,26104.2,25862.45,6.960588562768802,0.9274213657934007,0.10560644924880802,0.009915170897318895,26082.3,0.08782246707625951,0.8484346709172419,8.610866094486372,20251028,5.239583333333333,10.50906419754028,1.0047043514251344,3.548475634771478,2025,2025-10
2025-10-24,25930.95,25797.45,25944.15,25718.2,7.807134882250084,0.871352572890699,0.07840725153771755,-0.014982732414519188,25884.95,-0.2815970437142101,0.23443871930359794,8.711774879845517,20251028,4.239583333333333,10.119308471679686,0.8701967450993935,2.3121735894296016,2025,2025-10
2025-10-27,25853.65,25974.0,26005.95,25827.0,6.287713663575194,0.6921653228847792,0.022636161166228238,-0.1020575464062441,25939.45,0.6843699667990366,0.2178509891481495,8.612553038596554,20251028,1.2395833333333333,15.121745109558105,0.7033688246190136,8.834031445982912,2025,2025-10
2025-10-28,25930.05,25965.4,26041.7,25810.05,10.031498698746361,0.8933650340049535,0.06995160580730508,0.0016775322286594532,26020.75,-0.03311003311002869,0.1692076692076716,8.122086244770768,20251104,7.239583333333334,13.012568473815916,1.4703650206220638,2.981069775069555,2025,2025-10
2025-10-29,25988.2,26068.3,26097.85,25960.3,6.407961152129567,0.5292786726283438,0.0439928980074963,-0.15421235486063628,25987.25,0.3962966101042076,0.08780916142250295,6.93144966377113,20251104,6.239583333333333,11.378489971160885,1.1876978192224223,4.970528819031318,2025,2025-10
2025-10-30,26012.6,25891.2,26032.05,25845.25,7.192181953160684,0.7181135295971924,0.021075657095238908,-0.27124229452756493,25913.75,-0.679369195536339,0.21366947595355956,7.677977934027784,20251104,5.239583333333333,11.301910400390625,1.085909995758541,4.109728447229941,2025,2025-10
2025-10-31,25885.2,25732.55,25953.75,25711.2,6.520371929434169,0.9370219275879625,0.14249752078724984,-0.04361159248232081,25921.2,-0.6127564577926181,0.02317389692250149,8.13444021255633,20251104,4.239583333333333,10.290374279022215,0.893284243871284,3.7700023495880464,2025,2025-10
2025-11-03,25694.0,25774.3,25803.1,25645.5,6.604436461438095,0.6133727718533454,0.01581395348837192,0.01305714198151255,25732.5,0.16224587147406488,0.14981025976826823,7.73692180551587,20251104,1.2395833333333333,15.236804962158198,0.7096084658471625,8.632368500720103,2025,2025-11
2025-11-04,25763.1,25586.25,25787.4,25578.4,6.491199013958633,0.8112377780624227,0.08120704637017005,-0.08858295133042232,25711.5,-0.7296027438184471,0.04345413842471446,8.388937861670904,20251111,7.239583333333334,11.316007137298582,1.2780273655893883,4.824808123339949,2025,2025-11
2025-11-06,25610.15,25519.95,25679.15,25491.55,7.780987701676688,0.7325220664463198,0.050945188873964334,0.029249031364131175,25612.25,-0.2591235526894331,0.09340954614296404,8.213415592361411,20251111,5.239583333333333,10.395909309387205,0.9995217132426866,2.6149216077105173,2025,2025-11
2025-11-07,25443.15,25510.8,25551.25,25318.45,7.003293730367245,0.9149810459789737,0.10555367804438504,0.07431837940333774,25352.5,-0.035854302222382284,0.30094102848947646,8.218898565230274,20251111,4.239583333333333,9.189685821533201,0.7928212207869048,2.1863920911659562,2025,2025-11
2025-11-10,25503.5,25574.25,25653.45,25503.5,5.262775018418937,0.5879585154978757,0.042726399352785174,0.04823789449000599,25551.05,0.2487181899430757,0.028615331545855938,8.0652642722106,20251111,1.2395833333333333,12.87198209762573,0.5988012234330878,7.609207079206794,2025,2025-11
2025-11-11,25620.0,25705.55,25715.8,25449.25,6.456726860928365,1.0403981264636974,0.1308462812524632,0.010366484273214193,25525.4,0.5134070402846636,0.17889087656528524,8.012834982866172,20251118,7.239583333333334,11.492787837982176,1.2914586799677354,5.036060977053811,2025,2025-11
2025-11-12,25822.6,25874.0,25934.55,25781.15,4.612761450261627,0.5940532711655597,0.04936055642809056,-0.14323158021095525,25846.5,0.6553059553287222,0.45534913666502863,8.172490464833562,20251118,6.239583333333333,10.418387889862059,1.0891223183022847,5.805626439600432,2025,2025-11
2025-11-13,25906.8,25884.1,26010.7,25808.4,6.541683266226875,0.7808760634273599,0.005191513714588061,-0.08255776689085478,25870.4,0.039035325036707036,0.12676818427765912,8.111946376558189,20251118,5.239583333333333,10.43515157699585,1.0061691949964564,3.8934683107689745,2025,2025-11
2025-11-14,25766.3,25916.8,25940.2,25740.8,8.711789711284599,0.7738790590810534,0.02110034895476496,0.1384737719272204,25860.25,0.1263323816551587,0.45510564400539355,7.819170438315674,20251118,4.239583333333333,11.545364856719969,0.9965100760752204,2.83357514543537,2025,2025-11
2025-11-17,25948.5,26014.3,26024.2,25906.35,4.994996724726672,0.4541688344220367,0.04095791150624253,-0.25180599655657127,25965.5,0.37620385232743914,0.12231448326953664,7.478572573854961,20251118,1.2395833333333333,13.723501205444332,0.6412354855481311,8.72850448071766,2025,2025-11
2025-11-18,26027.6,25894.7,26029.85,25876.5,5.5157327971677095,0.5891822526856051,0.0195883284324824,-0.2874294437925366,25953.9,-0.4597471390735075,0.051125727003986654,7.118888735064617,20251125,7.239583333333334,11.520219326019285,1.2986487109566145,6.004486528851576,2025,2025-11
2025-11-19,25933.65,26052.7,26074.65,25856.2,5.244150265441478,0.8423418994241101,0.1539004233017557,-0.22230143410652853,25909.15,0.6101634697447844,0.15041688067443104,7.183891016601801,20251125,6.239583333333333,10.86453056335449,1.1385938944349776,5.620380297913012,2025,2025-11
2025-11-20,26136.0,26197.4,26246.65,26063.2,4.8606819104336445,0.7019054178145115,0.13447019692729448,-0.1917440592113561,26078.75,0.5554126827545636,0.31973653402526114,7.183425928248259,20251125,5.239583333333333,10.599740505218506,1.0132770934189714,5.739058594784861,2025,2025-11
2025-11-21,26126.15,26063.95,26179.2,26052.2,5.323432519716528,0.4861030040782893,0.04003542958370368,0.017196264250274342,26117.25,-0.5094016963515524,0.2719735546275581,7.468935250095226,20251125,4.239583333333333,9.999295711517334,0.8666685752677677,4.675863191800806,2025,2025-11
2025-11-24,26133.35,25943.35,26142.8,25912.15,5.4268353729082905,0.8825887228388164,0.03178936245156911,-0.24879217803071013,26071.95,-0.46270806995870606,0.2662681596611316,7.598379048318385,20251125,1.2395833333333333,14.11020898818969,0.6612470256213454,8.6833736152814,2025,2025-11
2025-11-25,25998.8,25860.3,26032.6,25857.5,6.711509071080456,0.6734926227364284,0.05477782292320894,0.04030150788944697,25968.65,-0.32012057039665365,0.21373492629133128,7.279691921393215,20251202,7.239583333333334,11.148370265960692,1.2617136196778975,4.436861194880236,2025,2025-11
2025-11-26,25899.9,26202.7,26215.15,25889.75,5.71304063345312,1.2563755072413463,0.14399392015736176,-0.04192325157432245,26040.65,1.3240372308132686,0.15313047412444103,8.704186102817351,20251202,6.239583333333333,10.261418819427488,1.0717858659577069,4.548378185974369,2025,2025-11
2025-11-27,26262.85,26219.85,26310.45,26141.9,6.573141256762574,0.6417810709804888,0.032823741007193756,-0.10591072612254222,26233.0,0.06545127028894093,0.2295564960862695,8.60673576748637,20251202,5.239583333333333,9.89985656738281,0.9465177273753033,3.3267153106202363,2025,2025-11
2025-11-28,26251.75,26204.55,26280.75,26172.4,4.6385380597397345,0.41273438913595684,0.012252102585400063,0.14363835549396473,26215.2,-0.05835273657172069,0.12166354879985519,8.200202077144022,20251202,4.239583333333333,8.983187675476072,0.7793188509809701,4.344649615736338,2025,2025-11
2025-12-01,26313.2,26175.95,26319.9,26124.2,5.962587062800484,0.743733183345244,0.10719459198455018,-0.019267307290221164,26282.5,-0.10914135140652759,0.4146226514097906,7.837889099308737,20251202,1.2395833333333333,12.251725673675534,0.5709121865209295,6.2891386108750496,2025,2025-12
2025-12-02,26097.65,26055.65,26154.6,25997.85,5.453873810343005,0.6006287922475778,0.06960057402535279,-0.15881231570126697,26085.65,-0.45958217371289134,0.2991295444864428,8.065791982523612,20251209,7.239583333333334,10.528875827789307,1.1841759507487233,5.075002017446302,2025,2025-12
2025-12-03,26045.0,25981.15,26066.45,25891.0,5.597181307047168,0.6736417738529497,0.03735874141369196,-0.030032469383923552,25941.95,-0.2859264689232477,0.04087405226890217,7.635252973194137,20251209,6.239583333333333,10.128833293914793,1.0581317133060546,4.531651986867625,2025,2025-12
2025-12-04,25988.85,26010.35,26098.25,25938.95,5.477119417163783,0.612955171159937,0.021448329025527044,0.015646343000248877,26025.2,0.11238917445917096,0.02963687134709403,7.5310528688806135,20251209,5.239583333333333,9.186256885528564,0.878187307116786,3.7091374683647818,2025,2025-12
2025-12-05,26003.95,26176.65,26202.6,25985.35,7.4805746874459,0.8354499989424684,0.08952245188881149,-0.23874967077603468,26046.55,0.6393608698076036,0.024605589697934693,7.752071953667309,20251209,4.239583333333333,8.945088386535643,0.7705434959648867,1.4645136990897427,2025,2025-12
2025-12-08,26170.75,25932.55,26178.7,25892.25,6.8963407173818245,1.0945425713821757,0.1151603498542268,-0.12645012631936875,26122.45,-0.9325104625687475,0.02253917136073591,8.599816972421245,20251209,1.2395833333333333,12.25553560256958,0.5761327753916755,5.3591948851877556,2025,2025-12
2025-12-09,25880.15,25841.75,25923.65,25728.0,8.322625034858639,0.7559847991607523,0.04837774318591046,0.1156022186593233,25761.0,-0.3501391108857388,0.2020626587049823,8.556768658145426,20251216,7.239583333333334,10.95215892791748,1.2373355071619891,2.6295338930588414,2025,2025-12
2025-12-10,25868.05,25742.65,25947.65,25734.55,7.358772660762143,0.823796150077034,0.10176773474139772,0.11665224347106184,25915.8,-0.38348796037419586,0.1017732932173665,8.338092285563253,20251216,6.239583333333333,9.444951057434082,0.9939882469517269,2.086178396671939,2025,2025-12
2025-12-11,25777.45,25898.4,25922.8,25693.25,7.6564929763466045,0.8905070129124458,0.12324822422730139,-0.01764741105986083,25700.55,0.6050270659780477,0.13518421763105692,8.63183602531582,20251216,5.239583333333333,10.049205780029295,0.9632089407517088,2.3927128036826906,2025,2025-12
2025-12-12,25989.2,26043.0,26057.6,25938.45,5.400751180242334,0.4584596678620266,0.024375801835586908,-0.2153984976771749,26018.75,0.5583356500787673,0.3506008093163926,8.84647305698668,20251216,4.239583333333333,8.45894145965576,0.7363920191174483,3.0581902794134264,2025,2025-12
2025-12-15,25959.5,26014.0,26047.15,25904.75,4.971990466103509,0.5485467747838034,0.13009118541033582,-0.19450188641405777,25906.25,-0.11135429865990476,0.32062358407249913,8.75916530791111,20251216,1.2395833333333333,12.700154304504393,0.591556091676719,7.728163838400884,2025,2025-12
2025-12-16,25980.75,25850.15,25980.75,25834.35,6.115364305886343,0.5634941254582776,0.03775167785234784,0.03724708720214537,25928.15,-0.629853155992921,0.12781579149688804,8.897658820254474,20251223,7.239583333333334,9.55924892425537,1.074507787268766,3.443884618369026,2025,2025-12
2025-12-17,25904.15,25822.65,25929.15,25770.35,6.122677606212903,0.6130291864431101,0.046098566820466105,-0.1749795947671949,25881.75,-0.10638236141763402,0.20889627332916216,8.596786883017849,20251223,6.239583333333333,9.130250930786133,0.952794946645863,3.0075733245732295,2025,2025-12
2025-12-18,25768.9,25815.65,25902.35,25726.3,6.248358994346108,0.6831878737547946,0.043356755030340734,-0.005850559738250801,25745.2,-0.027107984656882245,0.20815059647247836,8.302672577389043,20251223,5.239583333333333,8.745067119598387,0.8378260683476616,2.4967081252522787,2025,2025-12
2025-12-19,25913.35,25961.4,25993.35,25880.45,5.005789372652657,0.4356827658330468,0.01203079884504348,-0.163642122256317,25967.95,0.5645800125117839,0.3784526052994952,8.426667462894507,20251223,4.239583333333333,8.287494659423826,0.7214662925010085,3.281705286771169,2025,2025-12
2025-12-22,26080.65,26162.75,26180.7,26047.8,3.5960201468345323,0.5095731893185234,0.0544970579994431,-0.24163482254261548,26134.1,0.7755745067677289,0.4593357831241818,8.702516314240466,20251223,1.2395833333333333,10.621838092803953,0.4949472233167332,7.025817945969421,2025,2025-12
2025-12-23,26206.55,26164.55,26233.55,26119.05,4.9516821411798455,0.4369136723452725,0.08095888970665124,0.15349659660887072,26127.0,0.006880010702237094,0.16741359375447296,8.598061755592887,,,,,,2025,2025-12
2025-12-24,26183.8,26141.65,26236.4,26123.0,4.3796487153544765,0.4330922173252219,0.07763285299310291,-0.18831479725000716,26217.55,-0.08752300345313824,0.07357283041367069,7.190139304550179,20251230,6.239583333333333,7.276339530944824,0.7716205482654093,2.8966908155903477,2025,2025-12
2025-12-26,26120.75,26047.65,26144.2,26008.6,3.385541032334842,0.5191275135668086,0.06966164344611582,0.033894170195279745,26089.1,-0.3595794450618084,0.07994904682757653,7.288063779455784,20251230,4.239583333333333,6.525783538818359,0.5617288563107115,3.1402425064835175,2025,2025-12
2025-12-29,26066.2,25949.8,26106.8,25920.3,4.041022756091783,0.7154859549915216,0.1841441895639034,-0.13408252813009983,26082.5,-0.3756576888894081,0.0712156374951256,7.389640677942857,20251230,1.2395833333333333,8.596479892730711,0.4014185785984451,4.555457136638928,2025,2025-12
2025-12-30,25956.15,25961.2,25976.75,25878.0,5.027961168374572,0.38044933474340376,0.00426494013668533,-0.15300820377414984,25931.7,0.043930974419836843,0.024470323470704436,7.392764600046441,20260106,7.239583333333334,8.441415786743162,0.9494171109038058,3.41345461836859,2025,2025-12
2025-12-31,25976.45,26141.85,26187.95,25969.0,4.340500703911159,0.8428788383324153,0.20964989702853234,-0.014807298154884407,25977.25,0.6958461088085288,0.05874150655593713,7.656298524304309,20260106,6.239583333333333,7.908406734466553,0.825145072993181,3.5679060305553936,2025,2025-12
2026-01-01,26175.7,26140.25,26197.55,26113.4,5.16412244253827,0.32148137394605614,0.008046747772776553,-0.2004658978037741,26169.25,-0.006120454367219974,0.12948586270673523,7.573135969372574,20260106,5.239583333333333,7.047743797302246,0.6863016650233427,1.8836213547639762,2026,2026-01
2026-01-02,26155.65,26335.7,26340.0,26118.4,3.6021760304846344,0.8472356833036019,0.08217260913029503,0.10537488773432041,26247.3,0.747697516282364,0.058912979026604084,7.987444754372978,20260106,4.239583333333333,6.544833183288573,0.5650105079446565,2.942657152803939,2026,2026-01
2026-01-05,26342.45,26244.65,26373.2,26210.05,6.112459196658535,0.6193425440686096,0.007903681559442629,-0.15472749002553052,26275.45,-0.3457284218760015,0.025630607882076717,7.808673481671328,20260106,1.2395833333333333,9.74555444717407,0.45689037885843176,3.6330952505155354,2026,2026-01
2026-01-06,26199.85,26174.65,26273.95,26124.75,5.805569113421797,0.5694689091731469,0.027764046795189113,-0.015499526702791054,26209.25,-0.2667210269521547,0.17070145724938923,7.059904029094108,20260113,7.239583333333334,8.73554229736328,0.9895361312289405,2.929973183941483,2026,2026-01
2026-01-07,26160.5,26142.9,26187.15,26067.9,5.614851046970864,0.4558399113166797,0.008467400508044553,0.06323758247255862,26113.1,-0.12130057135434358,0.05405993967446676,6.934612107441948,20260113,6.239583333333333,7.81087255477905,0.8242989151039134,2.1960215078081857,2026,2026-01
2026-01-08,26097.25,25868.9,26133.2,25858.45,6.175619143017,1.0527929187941258,0.1457238413760141,-0.1186095731691918,26077.7,-1.0480857135206856,0.17461720008109527,7.8391525040992285,20260113,5.239583333333333,7.288531303405761,0.6967638900219045,1.1129121603887606,2026,2026-01
2026-01-09,25866.1,25703.7,25940.6,25623.0,7.919506919558174,1.2278619505839634,0.11505580253054312,-0.1289968472531106,25853.6,-0.6386046565567183,0.010823807738258306,7.862936881253526,20260113,4.239583333333333,8.689823150634764,0.7503790574620169,0.7703162310765901,2026,2026-01
2026-01-12,25676.9,25806.1,25813.15,25473.4,10.401353582973229,1.3231737476097192,0.10924451349776663,0.03950312947866116,25560.8,0.3983862245513281,0.10426514470679438,7.721662627592322,20260113,1.2395833333333333,14.210029125213621,0.6625379427643935,3.808675542240392,2026,2026-01
2026-01-13,25898.0,25714.2,25899.8,25603.3,10.516788699577678,1.1448760522048034,0.005943536404161268,0.03863912820132675,25766.4,-0.35611735209891693,0.35611735209892803,7.798244943529229,20260120,7.239583333333334,10.983019351959227,1.242509601250017,0.46623065238154915,2026,2026-01
2026-01-14,25653.45,25669.1,25791.75,25603.95,8.473216751928687,0.7320652777696539,0.015003794734075,-0.021978979118423194,25691.85,-0.17538947352047085,0.23625078750262318,7.517089034550498,20260120,6.239583333333333,9.943670749664305,1.0388508774388512,1.4704539977356177,2026,2026-01
2026-01-16,25717.85,25701.9,25873.5,25662.4,8.39645527419429,0.8208306681934865,0.008999214833605898,-0.06970083568827548,25721.2,0.12778009357554687,0.18991705981121765,7.533150248628069,20260120,4.239583333333333,9.848041534423825,0.8555199423913475,1.4515862602295346,2026,2026-01
2026-01-19,25653.3,25553.75,25653.3,25494.35,7.57763641414626,0.6196083934620525,0.045571626708935824,-0.009167708106668346,25560.95,-0.5764165295172763,0.18909107886966314,7.785847074702922,20260120,1.2395833333333333,13.977623462677,0.6517754562100434,6.39998704853074,2026,2026-01
2026-01-20,25585.0,25225.35,25585.0,25171.35,7.783868149573628,1.6167676372874789,0.11920013557024194,-0.02359390849714475,25463.25,-1.2851342757912332,0.1222912488382244,8.578051396004845,20260127,7.239583333333334,11.142655372619627,1.2592657806701202,3.358787223045999,2026,2026-01
2026-01-21,25145.8,25168.1,25300.95,24919.8,14.292183616395047,1.515760087171621,0.012936046511627275,0.01192592920948195,25195.8,-0.22695423452995245,0.3153573686787259,7.863650277633116,20260127,6.239583333333333,11.57927322387695,1.2097254425410497,-2.712910392518097,2026,2026-01
2026-01-22,25352.4,25320.45,25435.75,25168.5,12.064356209837753,1.0541408308483613,0.05191229772821937,-0.3461752160677195,25400.55,0.605329762675777,0.7322761749993134,8.33748970001367,20260127,5.239583333333333,11.814726829528809,1.131471598667247,-0.249629380308944,2026,2026-01
2026-01-23,25347.95,25064.75,25347.95,25025.3,9.634263723668996,1.272884000481307,0.1051303169584729,-0.16163975112757065,25269.0,-1.0098556700216643,0.10860786439419456,8.85424682262357,20260127,4.239583333333333,11.289337635040281,0.9774822905536428,1.6550739113712858,2026,2026-01
2026-01-27,25085.85,25234.1,25246.65,24932.55,12.752768105883225,1.252100287612348,0.010189171043797607,-0.031316945542314484,25143.8,0.675650066328215,0.0841819687010581,9.36781951692518,20260203,7.239583333333334,20.417927265167236,2.294601500994405,7.665159159284011,2026,2026-01
2026-01-28,25247.45,25348.05,25372.1,25187.65,8.279478534577713,0.7305688297233863,0.026786801412394652,-0.05604594137968431,25284.8,0.45157148461802965,0.05290460131330832,9.569611442222964,20260203,6.239583333333333,17.8168888092041,1.8586265145393366,9.537410274626389,2026,2026-01
2026-01-29,25354.85,25422.1,25458.15,25159.8,9.58027219926736,1.1766979493075376,0.11031385367668725,-0.19713806452205931,25215.1,0.29213292541241387,0.02682652117222961,9.664544937852689,20260203,5.239583333333333,16.809543609619137,1.6103446072066256,7.229271410351776,2026,2026-01
2026-01-30,25271.3,25315.8,25370.7,25213.65,9.032710655347929,0.6214559599229137,0.019594726426399915,-0.09416903835692678,25283.7,-0.41814012217715746,0.5931846700311882,9.24287419529889,20260203,4.239583333333333,18.13425588607788,1.559305006783026,9.101545230729952,2026,2026-01
2026-02-01,25329.75,24768.0,25440.9,24571.75,28.784494403756423,3.431340617258368,0.092178215634733,-0.07496574300403648,25338.2,-2.1638660441305357,0.05510392719172419,11.634244775940505,20260203,2.2395833333333335,24.973840236663815,1.5608843564262656,-3.8106541670926077,2026,2026-02
2026-02-02,24813.15,25081.3,25108.1,24679.4,14.025402252214342,1.7277129264119915,0.0700749706440238,0.06594008616891786,24875.5,1.2649386304909527,0.1822916666666785,12.354938960899577,20260203,1.2395833333333333,27.447246074676507,1.278165250741662,13.421843822462165,2026,2026-02
2026-02-03,26324.0,25714.8,26341.2,25641.3,10.633915509788643,2.658790457377304,0.025439914436324273,-0.07723651301802983,25692.3,2.5257861434614615,4.954687356715959,15.76542269020565,20260210,7.239583333333334,16.553897380828854,1.8608687849850991,5.919981871040211,2026,2026-02
2026-02-04,25657.9,25737.5,25818.55,25563.95,6.915002258869091,0.9922869759411275,0.01070314715055166,0.06489602234024974,25790.95,0.08827601225753767,0.22127335231072465,15.765169754544042,20260210,6.239583333333333,13.287264347076416,1.38692059403877,6.372262088207325,2026,2026-02
2026-02-05,25749.6,25641.6,25757.65,25579.5,6.769317616737254,0.691855407462646,0.010935335714806236,-0.08717011405005234,25633.45,-0.3726080621661021,0.04701311316173129,15.799208373947305,20260210,5.239583333333333,12.109615325927734,1.1576670327248186,5.34029770919048,2026,2026-02
2026-02-06,25621.0,25673.6,25703.95,25491.9,8.347432316258113,0.8276413879239658,0.0759672408924039,-0.07614861579162324,25551.3,0.12479720454261489,0.0803382004243014,15.40143807270715,20260210,4.239583333333333,10.755947589874266,0.9267630039268581,2.4085152736161533,2026,2026-02
2026-02-09,25907.15,25863.3,25922.25,25780.9,4.366296602243964,0.5456022758196041,0.07016473459426616,-0.12604219219123586,25798.45,0.7388913124766416,0.9096893306743237,15.459606077890081,20260210,1.2395833333333333,14.145260334014889,0.6577914446342403,9.778963731770926,2026,2026-02
2026-02-10,25928.2,25915.95,25989.45,25870.45,5.230346788677416,0.45895974267399975,0.006307069566036649,0.052487624610773984,25949.7,0.2035703100532471,0.2509347221739011,15.414346655212356,20260217,7.239583333333334,10.270181655883787,1.1578168416137458,5.0398348672063715,2026,2026-02
2026-02-11,25996.15,25945.35,26009.4,25899.8,5.7503977240990665,0.42160089090116104,0.028079631400504134,-0.21256828622306567,25934.75,0.11344365149645874,0.30946193367404895,15.35005744558957,20260217,6.239583333333333,9.618683815002441,1.0040582674823506,3.868286090903375,2026,2026-02
2026-02-12,25890.75,25796.15,25892.3,25752.4,6.040366554186891,0.5403474213763518,0.04289392154296261,-0.04575216278754563,25849.5,-0.575054874958314,0.21044233359734932,15.492508094229393,20260217,5.239583333333333,9.457142829895018,0.9065939615989308,3.416776275708127,2026,2026-02
2026-02-13,25578.95,25460.55,25630.35,25444.3,6.968237989688992,0.7273558922473333,0.045299996565581355,-0.10279746997306852,25561.95,-1.3009693306947012,0.8419861103304171,16.186495295424468,20260217,4.239583333333333,9.833182811737059,0.8506784677132876,2.8649448220480664,2026,2026-02
2026-02-16,25440.35,25684.15,25697.0,25372.7,6.819729981763883,1.2747466131558698,0.15832511955609227,-0.06762322799288606,25459.25,0.8782214052720949,0.07933842748880648,16.372283689404618,20260217,1.2395833333333333,14.54149293899536,0.6775533450514057,7.721762957231476,2026,2026-02
2026-02-17,25648.35,25716.0,25764.4,25570.3,7.3222679805279425,0.7567738275561672,0.061239013628437505,-0.19215068958066533,25644.65,0.12400643976926418,0.13938557437175314,15.617095047035324,20260224,7.239583333333334,11.320960044860838,1.2743398244583908,3.9986920643328956,2026,2026-02
2026-02-18,25759.75,25805.7,25828.05,25645.15,6.373079845299785,0.7100224186958252,0.07252423610259055,0.008100233105835504,25734.6,0.34881007932805463,0.17012754705241218,15.590459803541846,20260224,6.239583333333333,9.895665645599363,1.032850667167816,3.522585800299578,2026,2026-02
2026-02-19,25865.2,25416.45,25885.3,25388.75,7.8386315712516,1.9197609142786418,0.16795343137254473,-0.09247575288018432,25781.15,-1.5083876817912345,0.23056921532840224,16.513364158900547,20260224,5.239583333333333,9.658307075500487,0.9233490478576705,1.8196755042488864,2026,2026-02
2026-02-20,25400.3,25565.9,25663.55,25379.75,9.19558197613918,1.117309638075138,0.07298425090860061,0.029916406376818284,25487.5,0.5880050125017577,0.06354152527202617,16.15667298609805,20260224,4.239583333333333,11.629183292388916,1.0000980932844685,2.433601316249735,2026,2026-02
2026-02-23,25678.7,25704.25,25771.45,25609.35,8.066623142463499,0.6312624860292856,0.021632589355393448,-0.0762305686883364,25736.5,0.541150516899469,0.4412127091164342,16.100507204985828,20260224,1.2395833333333333,17.082334518432614,0.794785627617422,9.015711375969115,2026,2026-02
2026-02-24,25618.9,25460.25,25631.4,25327.6,8.056096667669985,1.1858432641526486,0.046397819488322466,-0.19822202928707208,25504.7,-0.9492593637238977,0.33204625694194245,16.455536261092025,20260302,6.239583333333333,14.426814079284664,1.5075652722831476,6.370717411614679,2026,2026-02
2026-02-25,25515.65,25475.9,25652.6,25428.2,8.071827912569088,0.8794602528252182,0.04549823774431166,-0.04826289651652982,25572.4,0.061468367356964926,0.2175940927524378,16.426623289089527,20260302,5.239583333333333,11.887877464294434,1.1445933778145272,3.816049551725346,2026,2026-02
2026-02-26,25561.45,25493.3,25572.95,25400.95,8.689274683416587,0.6728882751174131,0.024175824175823646,-0.015225646094807031,25564.5,0.06829984416643065,0.33580756715170246,16.346802995001358,20260302,4.239583333333333,11.746148109436035,1.014883909124928,3.0568734260194486,2026,2026-02
2026-02-27,25471.2,25181.8,25476.4,25141.3,8.216236721996351,1.31560350513522,0.0821616247692094,-0.10744537036592447,25354.95,-1.2218896729728979,0.08668944389309541,14.944244192769398,20260302,3.2395833333333335,11.623849391937254,0.8755686759390178,3.407612669940903,2026,2026-02
2026-03-02,24741.0,24849.75,24989.35,24603.5,13.766722334566515,1.5595570106301222,0.053841343769539834,0.00990687982043068,24966.3,-1.3186110603689905,1.7504705779570973,15.056911735196937,20260310,8.239583333333334,18.11558723449707,2.175933157896845,4.348864899930556,2026,2026-03
2026-03-04,24421.45,24473.95,24602.0,24306.6,11.644299497831977,1.2095923870204326,0.05453319851701955,0.02217952650401715,24413.15,-1.5122888560247016,1.7235585871085202,12.534223407631423,20260310,6.239583333333333,24.616087913513176,2.5691071479487615,12.9717884156812,2026,2026-03
2026-03-05,24615.9,24737.45,24853.9,24529.55,12.6012229372294,1.3176442868227536,0.09734972028425203,0.09107906076162418,24601.0,1.0766549739621212,0.5800044537150661,13.346437973217604,20260310,5.239583333333333,20.10208415985107,1.9222796193458533,7.500861222621671,2026,2026-03
2026-03-06,24642.9,24469.4,24688.1,24416.65,10.06134573487418,1.101534316172192,0.10610718737016844,0.026495629814355035,24678.1,-1.0835797545826198,0.3822140115492867,13.705978104419211,20260310,4.239583333333333,20.0780816078186,1.7266321398467293,10.01673587294442,2026,2026-03
2026-03-09,23842.35,24005.8,24078.15,23697.8,14.596958337003462,1.5952706004232056,0.1023559011893857,-0.2858355901905524,23716.95,-1.8946112287183237,2.5625883756855594,14.839942413618163,20260310,1.2395833333333333,41.54779291152953,1.9323732090043986,26.950834574526063,2026,2026-03
2026-03-10,24287.1,24286.15,24303.8,24079.95,11.90005669804875,0.9216827039868843,0.04354260608162934,-0.12032751088757936,24138.35,1.167842771330263,1.1718001482974971,15.32048480775852,20260317,7.239583333333334,23.81638383865356,2.6758249586093683,11.91632714060481,2026,2026-03
2026-03-11,24262.7,23848.2,24299.0,23834.3,11.499064825551034,1.9152856030037906,0.1383715844478716,-0.16561751360984323,24199.15,-1.8032911762465464,0.09655709118160383,16.06680094602861,20260317,6.239583333333333,20.15542316436767,2.1031729696681625,8.656358338816634,2026,2026-03
2026-03-12,23686.6,23639.35,23833.15,23556.3,14.630736831714062,1.1688043028547879,0.002572882208423351,0.058382072332398754,23612.75,-0.8757474358651929,0.6776192752492971,16.022989054154852,20260317,5.239583333333333,25.378835678100582,2.427078616863837,10.74809884638652,2026,2026-03
2026-03-13,23472.8,23170.9,23492.4,23112.0,12.577083142045115,1.6205991615827742,0.09640673423234751,0.025301055554015003,23415.5,-1.9816534718594125,0.7045455987579996,16.910899722013067,20260317,4.239583333333333,23.37214612960815,2.0114881168456793,10.795062987563036,2026,2026-03
2026-03-16,23125.65,23355.6,23502.0,22955.25,17.676417632230713,2.3642578695085326,0.04599579733831364,0.22927716419304353,23268.45,0.7971205261772196,0.1952880552762326,17.277844206112693,20260317,1.2395833333333333,32.70380496978759,1.5220179852825795,15.027387337556878,2026,2026-03
2026-03-17,23465.25,23558.8,23656.8,23346.6,14.139675751769268,1.321954805510279,0.07003154574132321,0.1281831119236128,23439.65,0.8700268886262963,0.4694805528438595,17.269669637612527,20260324,7.239583333333334,22.40023326873779,2.516889169450189,8.260557516968522,2026,2026-03
2026-03-18,23634.3,23764.1,23862.25,23618.45,9.727257501289445,1.031551600851302,0.03160775850724991,-0.07064821697578931,23713.2,0.8714365757169329,0.3204747270658892,17.781206325971922,20260324,6.239583333333333,17.960523128509518,1.876802806250349,8.233265627220073,2026,2026-03
2026-03-19,23209.1,23087.85,23378.7,22930.35,11.540588295311823,1.9317853772873668,0.14893205292566714,0.22179558702290597,23265.25,-2.8456789863701926,2.33545558215964,19.553050545821478,20260324,5.239583333333333,21.680537700653073,2.074768215286882,10.13994940534125,2026,2026-03
2026-03-20,23130.6,23134.65,23345.15,23067.6,12.41903446880777,1.1999256396289026,0.06869002648604103,0.03865059906762597,23239.55,0.20270401964670448,0.1851623256388102,19.380547097135786,20260324,4.239583333333333,24.62980365753173,2.1177260710954964,12.210769188723962,2026,2026-03
2026-03-23,22837.2,22492.65,22851.7,22471.25,16.124881735707227,1.665922267178116,0.04155495978552222,0.01380207948583849,22696.85,-2.7750581919328776,1.28573373705676,20.601819396090335,20260324,1.2395833333333333,41.15956115722655,1.9137017079617464,25.03467942151932,2026,2026-03
2026-03-24,22854.05,22958.4,23057.3,22624.2,18.77381382710016,1.8950689265141127,0.049480645012810846,-0.14669387033220394,22719.05,2.0706764209641904,1.6067470929392424,22.3928296810519,20260330,6.239583333333333,30.44794607162475,3.17684938410717,11.67413224452459,2026,2026-03
2026-03-25,23067.75,23309.0,23465.35,23063.2,11.679245050818663,1.743342978834077,0.01892759369395004,0.12723538870623619,23272.1,1.5271099031291424,0.47629625757892313,23.510167291945123,20260330,5.239583333333333,26.51762342453003,2.53694335232525,14.838378373711366,2026,2026-03
2026-03-27,23169.2,22839.5,23186.1,22804.55,10.490843671713067,1.646798335721558,0.10323081158187496,-0.004399487608349015,23037.15,-2.014243425286366,0.5997683298296752,24.082314996028835,20260330,3.2395833333333335,29.19828939437866,2.194715952726425,18.70744572266559,2026,2026-03
2026-03-30,22574.7,22379.2,22714.1,22283.85,14.223039342747501,1.9058946519776563,0.143730168057353,-0.11408468044199829,22678.25,-2.0153681122616507,1.1593949079445665,24.523194110996517,20260407,8.239583333333334,33.1750931739807,3.975835851075301,18.952053831233197,2026,2026-03
2026-04-01,22878.9,22703.15,22941.3,22618.6,14.892972734630938,1.410469908955416,0.0680401296733244,0.033451292118867014,22858.95,1.4475495102595382,2.232876957174512,25.491616572888958,20260407,6.239583333333333,26.202542304992672,2.733940017758703,11.309569570361734,2026,2026-04
2026-04-02,22370.65,22700.7,22782.3,22182.55,15.918765099140877,2.6809681435273447,0.1474107823497077,0.05431804930787036,22272.6,-0.010791454049330351,1.4645544781230813,25.35998609488528,20260407,5.239583333333333,28.849299907684316,2.7594443670856372,12.930534808543438,2026,2026-04
2026-04-06,22785.85,22959.45,22998.35,22542.95,16.75105086788046,1.998608785715687,0.09718291318370473,-0.2450597192359025,22632.85,1.1398326923839353,0.375098565242471,25.617403402451007,20260407,1.2395833333333333,40.40710020065307,1.879789761113789,23.65604933277261,2026,2026-04
2026-04-07,22831.5,23129.95,23153.85,22719.3,14.449089187394318,1.9032915051573451,0.10947495930650772,-0.06075745519821611,22820.45,0.7426136079043744,0.557286868805662,25.404758289931735,20260413,6.239583333333333,30.595009326934804,3.192312158612122,16.145920139540486,2026,2026-04
2026-04-08,23836.9,24012.35,24025.15,23828.5,11.288710018796936,0.8249814363444972,0.015329990643668101,-0.1203298760584452,23934.55,3.814967174593975,3.0564268405249395,29.13654944173445,20260413,5.239583333333333,20.115037918090817,1.9227434689527991,8.826327899293881,2026,2026-04
2026-04-09,23908.65,23766.05,23990.75,23682.8,11.420516032235234,1.2880275548807678,0.05662767810683056,-0.11381003301125413,23860.75,-1.025722180461297,0.43186110480647466,28.575974929955727,20260413,4.239583333333333,19.8388180732727,1.7076160512483562,8.418302041037467,2026,2026-04
2026-04-10,23874.65,24050.5,24074.05,23856.35,10.325308556585393,0.9118458281063837,0.03267789734632988,-0.37606207443689815,23951.45,1.196875374746753,0.4569543529530762,28.592361566990032,20260413,3.2395833333333335,17.63896512985229,1.326433251215447,7.313656573266899,2026,2026-04
2026-04-13,23619.05,23818.9,23907.4,23555.6,11.022513521890147,1.4894756563028695,0.10611356914126512,-0.07110945657942372,23623.95,-0.9629737427496288,1.7939335980540982,28.052933933585265,20260421,8.239583333333334,22.147253990173336,2.658954128740047,11.12474046828319,2026,2026-04
2026-04-15,24166.1,24211.9,24280.9,24145.8,7.630731384739672,0.5590475914607744,0.011991066827003549,-0.25479422176807304,24219.4,1.649950249591714,1.4576659711405426,28.426919227724067,20260421,6.239583333333333,18.16511631011963,1.8993038638446864,10.534384925379957,2026,2026-04
2026-04-16,24380.25,24188.4,24400.95,24102.8,10.720877461083889,1.2229160898678293,0.049095735443696595,-0.026251071695560978,24305.6,-0.0970597103077453,0.6953192438428957,27.33181886325269,20260421,5.239583333333333,16.91965055465698,1.6191741318583732,6.19877309357309,2026,2026-04
2026-04-17,24173.6,24366.9,24371.9,24096.05,7.025408427079075,1.1411208922130016,0.1026171067514339,-0.13069261888333975,24193.8,0.7379570372575195,0.061186353789433046,27.316316284575592,20260421,4.239583333333333,16.70324659347534,1.4365250727531758,9.677838166396263,2026,2026-04
2026-04-20,24412.75,24330.9,24480.65,24241.25,8.843246449534496,0.9806351189440004,0.06914416370004012,-0.13271994245323127,24295.85,-0.14774140329709695,0.1881650928103218,27.23696294667836,20260421,1.2395833333333333,23.82095575332641,1.1075965899670752,14.977709303791913,2026,2026-04
2026-04-21,24369.85,24580.6,24601.7,24354.9,6.999232485656479,1.0127267915067155,0.06579185848406831,0.06371718823679248,24502.05,1.0262670102626492,0.16008450160083232,27.294927739179325,20260428,7.239583333333334,18.62726068496704,2.094518547180555,11.628028199310563,2026,2026-04
2026-04-22,24470.85,24367.65,24515.95,24352.9,6.949729515169668,0.6663029686341067,0.016883019434231296,-0.06855263455922496,24426.5,-0.8663336126864207,0.44649032163576186,25.206200829332147,20260428,6.239583333333333,18.551824092864987,1.9351933850819039,11.602094577695318,2026,2026-04
2026-04-23,24202.35,24156.05,24310.2,24134.8,7.7281231453955614,0.7247230124347489,0.039098921291728074,0.09677911511938612,24245.2,-0.8683644093706255,0.6783583973013485,25.535500034329704,20260428,5.239583333333333,17.696114063262932,1.6920875059805651,9.967990917867372,2026,2026-04
2026-04-24,24100.55,23903.95,24206.0,23813.65,8.138218300718085,1.627971145886706,0.03984344924932524,0.0931215297729431,23968.5,-1.0436308916399795,0.22975610664822677,23.492246389988228,20260428,4.239583333333333,17.41265535354614,1.5011369215919137,9.274437052828054,2026,2026-04
2026-04-27,23945.45,24110.2,24130.7,23936.2,7.681840337940371,0.8122628724872575,0.03055998371943348,0.20077219456805628,24061.85,0.8628281099985591,0.17361147425425383,22.671982786092027,20260428,1.2395833333333333,20.640046119689938,0.9610649222732252,12.958205781749566,2026,2026-04
2026-04-28,24044.9,24016.5,24181.8,23957.05,8.90697590278544,0.9347096473680488,0.06938605122700423,0.06468838038827124,24138.7,-0.3886321971613649,0.2708397275841712,22.262078938511284,,,,,,2026,2026-04
