date,open,close,high,low,rv,range_pct,trend_eff,acf1,spot_945,ret,gap_pct,rv_cc,expiry,dte,atm_iv,straddle_pct,vrp,year,m,net,gross,credit,ic_maxdd,move_pct,implied_move_pct,z,rv20,regime
2024-01-01,21732.15,21685.35,21834.35,21680.85,4.83626991411806,0.7063268015359732,0.1429409005628457,-0.0865641623541172,21706.15,,,,,,,,,2024,2024-01,,,,,0.09582537667897073,,,,
2024-01-02,21755.6,21661.5,21755.6,21555.65,8.516703264383569,0.9190737097574744,0.0409850864839478,0.0148889817906731,21731.2,-0.1099820846792831,0.3239514234264051,,,,,,,2024,2024-01,,,,,0.32073700485937273,,,,
2024-01-03,21677.0,21523.7,21677.0,21500.35,7.208001319189451,0.8149190386123608,0.0263025210084028,-0.1510731603571091,21570.2,-0.6361516977125281,0.0715555247789767,,,,,,,2024,2024-01,,,,,0.21557519169965733,,,,
2024-01-04,21612.95,21669.6,21685.65,21564.55,4.437712088553207,0.560312220219832,0.0634704830053715,-0.1716591827443223,21612.8,0.6778574315754238,0.4146591896374785,,,,,,,2024,2024-01,,,,,0.26280722534794965,,,,
2024-01-08,21751.55,21511.35,21763.95,21492.9,8.14202022251685,1.246118092733618,0.0822091955646586,0.0835578441673399,21650.15,-0.7302857459297818,0.3781795695352086,,,,,,,2024,2024-01,,,,,0.641104103204837,,,,
2024-01-09,21655.2,21551.95,21724.45,21517.85,8.489485155477652,0.9540433706453978,0.0457096412122144,-0.1117003118162728,21613.75,0.1887375734205498,0.6687167472055444,,,,,,,2024,2024-01,,,,,0.2859290960615324,,,,
2024-01-10,21533.5,21625.4,21641.85,21448.65,8.742563060906697,0.8972066779668753,0.0544925124791997,-0.1323505592386704,21541.75,0.3408044283695899,0.0856071028375704,,,,,,,2024,2024-01,,,,,0.38831571251176644,,,,
2024-01-12,21789.15,21908.25,21928.25,21715.15,6.665520519859092,0.9780096974870454,0.1472801548054126,0.0132669237429443,21742.2,1.3079526852682433,0.7572114273030728,,,,,,,2024,2024-01,,,,,0.7637221624306578,,,,
2024-01-15,22036.95,22110.45,22115.55,21963.55,6.943438401365565,0.6897506233848151,0.0407873736478116,0.0234659781511182,22049.8,0.9229399883605494,0.5874499332443328,,,,,,,2024,2024-01,,,,,0.2750591842102912,,,,
2024-01-16,22088.2,22031.5,22124.15,21969.8,8.150096844009166,0.6987893988645619,0.0248206599713044,-0.2348335713972976,22072.55,-0.35707097775034,0.1006311495243217,,,,,,,2024,2024-01,,,,,0.18597760566857469,,,,
2024-01-17,21674.2,21577.25,21851.5,21550.45,9.054936572444008,1.3889786012863186,0.1631956625737497,-0.0313171614542668,21825.25,-2.061820575085671,1.6217688309919875,,,,,,,2024,2024-01,,,,,1.1362985532811787,,,,
2024-01-18,21426.7,21479.15,21539.4,21285.55,12.084163382254124,1.1847368003472405,0.0358190558363129,-0.1921284211251301,21378.35,-0.4546455178486508,0.697725613783029,,,,,,,2024,2024-01,,,,,0.4715050506704399,,,,
2024-01-19,21603.25,21638.2,21670.6,21575.0,8.34944950135828,0.4425260088181109,0.0263944048079307,-0.0869622682381033,21628.9,0.7404855406289323,0.5777696044768854,,,,,,,2024,2024-01,,,,,0.04299802578957568,,,,
2024-01-20,21698.4,21585.7,21720.3,21541.8,7.340922329454094,0.8226413007410683,0.0529355149181922,-0.1105713696086869,21646.55,-0.2426264661570698,0.278211681193441,,,,,,,2024,2024-01,,,,,0.2811071510240626,,,,
2024-01-23,21725.5,21243.05,21749.25,21193.0,13.260435896867884,2.5603553427999355,0.2197485991216132,-0.1871999721369167,21727.75,-1.587393505885848,0.6476509911654382,,,,,,,2024,2024-01,,,,,2.2307878174224194,,,,
2024-01-24,21195.9,21460.7,21482.35,21137.2,15.113229468871332,1.6283809604687596,0.0613903158388187,-0.0900130820205085,21290.6,1.0245703889036673,0.2219549452644464,,,,,,,2024,2024-01,,,,,0.7989441349703696,,,,
2024-01-25,21456.85,21370.75,21459.0,21247.05,11.118111015938153,0.9877964379673658,0.0423337076597627,-0.0699228136438021,21372.1,-0.4191382387340625,0.0179397689730631,,,,,,,2024,2024-01,,,,,0.006316646468984555,,,,
2024-01-29,21439.55,21740.05,21763.25,21429.6,8.763692094799724,1.5562360217448663,0.113117403217876,-0.3967531702531145,21537.65,1.728062889697357,0.3219353555677706,,,,,,,2024,2024-01,,,,,0.9397496941402572,,,,
2024-01-30,21784.65,21528.8,21813.05,21501.8,9.556994757892614,1.42875832294758,0.1219365508946028,-0.0887488067739829,21748.35,-0.9717088967136744,0.2051513220990841,,,,,,,2024,2024-01,,,,,1.0095018702568237,,,,
2024-01-31,21504.05,21709.65,21741.35,21448.85,9.176599336779375,1.3602088908833454,0.0777192262787557,-0.0340693349559252,21578.1,0.8400375311211183,0.1149622830812657,,,,,,,2024,2024-01,,,,,0.6096458909728097,,,,
2024-02-01,21788.35,21689.65,21832.95,21658.75,13.50752510503087,0.799509829794366,0.0177079852990314,-0.2482760037609375,21752.55,-0.0921249306184091,0.3625116019834395,15.324249478674544,,,,,,2024,2024-02,,,,,0.28916150060566137,,,8.797517257351945,Normal
2024-02-06,21830.9,21938.8,21951.4,21737.55,8.473590423961909,0.9795748228428612,0.05513907377566,-0.07746039019405,21847.35,1.1487045664637208,0.6512322697692197,15.84113171586545,,,,,,2024,2024-02,,,,,0.418586235859264,,,9.231080016897586,Normal
2024-02-07,22046.4,21949.8,22053.3,21860.15,8.985864907512669,0.8761067566586735,0.0267180315645584,-0.0263598750477232,21975.0,0.0501394789140796,0.4904552664685591,15.622116779420402,,,,,,2024,2024-02,,,,,0.1146757679180932,,,9.228924374876502,Normal
2024-02-08,22011.05,21759.7,22011.05,21665.3,11.930875997350007,1.5708019381174456,0.1536154788912386,0.2123694019568643,21966.65,-0.8660671167846523,0.2790458227409864,15.828100362911318,,,,,,2024,2024-02,,,,,0.942109971251881,,,9.317817554292663,Normal
2024-02-13,21665.6,21728.0,21766.8,21543.35,10.71789508916862,1.0313584668783728,0.0801848480604936,0.0105221764946032,21606.55,-0.1456821555444243,0.4324508150388206,15.592146881532916,,,,,,2024,2024-02,,,,,0.5620980674841736,,,9.692475749732504,Stressed
2024-02-14,21591.0,21848.7,21870.85,21530.2,10.120381756949744,1.577740725302199,0.1655696488601354,0.1382739026569724,21559.7,0.5555044182621538,0.6305228276877739,15.68801905528478,,,,,,2024,2024-02,,,,,1.3404639211120672,,,9.821269493065092,Stressed
2024-02-15,21923.25,21927.05,21953.85,21794.8,10.987603617317657,0.7254855005530625,0.0360096917035676,-0.2592570363327632,21840.9,0.3586025713200325,0.3412102321877164,15.692174706871048,,,,,,2024,2024-02,,,,,0.3944434524218332,,,9.902814323138696,Stressed
2024-02-16,22021.7,22035.7,22068.65,21968.95,6.773525047848331,0.4527352565878235,0.0569008809635311,-0.3254398143134709,21990.35,0.4955066915066197,0.4316586134477829,15.098565253154243,,,,,,2024,2024-02,,,,,0.2062268222197572,,,10.015066350959243,Stressed
2024-02-19,22107.5,22116.95,22186.65,22021.05,6.983505172644295,0.7490670586904996,0.0645681316816538,-0.1008524559085023,22057.7,0.368719850061483,0.3258348951928003,14.790474000835538,,,,,,2024,2024-02,,,,,0.26861368139017294,,,10.020466577358707,Stressed
2024-02-20,22111.35,22209.2,22215.6,22045.85,7.772034016761239,0.7677052735359895,0.0391052713905834,-0.0703283276212691,22108.95,0.4171009112920121,0.025319946918545,14.793984915519998,,,,,,2024,2024-02,,,,,0.4534362780683754,,,10.022469915922642,Stressed
2024-02-21,22230.35,22028.75,22249.4,21997.95,9.540061000265748,1.1311112960434755,0.1276107917962239,-0.0612092744532893,22234.05,-0.8125011256596371,0.0952308052518668,12.989656566833077,,,,,,2024,2024-02,,,,,0.9233585424157975,,,10.003566774560245,Stressed
2024-02-22,22090.0,22216.9,22252.5,21875.25,10.856757791293752,1.7077863286555002,0.0741376024394895,0.2546580481748841,22050.6,0.8541111048062211,0.2780457356863275,13.069903550995852,,,,,,2024,2024-02,,,,,0.7541744895830593,,,10.027822995951333,Stressed
2024-02-23,22295.5,22193.65,22297.5,22186.1,8.338784175299537,0.4996523962234597,0.0272646693848583,-0.1192253602169211,22261.6,-0.1046500636902592,0.353784731443163,12.926032137268828,,,,,,2024,2024-02,,,,,0.3052341251302604,,,9.966452716403316,Stressed
2024-02-26,22173.95,22117.15,22202.15,22075.15,6.90408048406101,0.5727441434656432,0.0635139799792904,-0.0363558090497095,22197.7,-0.3446931892680971,0.0887641284781914,12.970054941900424,,,,,,2024,2024-02,,,,,0.36287543304035497,,,9.965919450100378,Stressed
2024-02-27,22099.8,22194.2,22218.25,22085.65,6.644749194906666,0.6000054299133863,0.0463182897862225,-0.0790496055305561,22138.15,0.348372190811208,0.0784459118828739,11.292258920547544,,,,,,2024,2024-02,,,,,0.2531828540325076,,,9.944077357830723,Stressed
2024-02-28,22223.75,21925.45,22229.15,21915.85,11.029689159968529,1.409753079475799,0.1220753899480039,0.068406862193064,22209.85,-1.2109019473556135,0.1331428931883094,11.952778160934214,,,,,,2024,2024-02,,,,,1.2805129255712977,,,9.613293022732663,Stressed
2024-02-29,21932.15,22042.05,22060.55,21860.65,12.975619378816686,0.911447350122983,0.0206794340365412,0.0221599715663666,21957.3,0.5318020838796844,0.0305580957289386,11.870919605952746,,,,,,2024,2024-02,,,,,0.38597641786557446,,,9.409116007287523,Stressed
2024-03-01,22068.15,22327.3,22353.3,22047.75,7.719036611727832,1.384574601858331,0.1424735557363698,-0.1791626394108221,22170.55,1.2941173801892305,0.1184100389936659,11.189805738928316,,,,,,2024,2024-03,,,,,0.7070189959202722,,,9.501991425431449,Stressed
2024-03-04,22411.8,22397.65,22440.9,22358.3,6.278767851212541,0.3685558500432905,0.0249309945686057,-0.1586089930729063,22386.85,0.3150851200100391,0.3784604497632848,10.405501809630325,,,,,,2024,2024-03,,,,,0.04824260670885927,,,9.449758651277856,Stressed
2024-03-06,22338.25,22482.85,22497.2,22224.35,10.006685754927126,1.2214475171510848,0.0562426548771599,0.1399372277756689,22349.7,0.3803970505834142,0.2652063944208471,10.155465619113322,,,,,,2024,2024-03,,,,,0.5957574374600094,,,9.28584730594385,Normal
2024-03-11,22526.6,22319.85,22526.6,22307.25,6.773463663049991,0.9737377145241564,0.0746003552397885,-0.059422598011598,22472.5,-0.7249970533095174,0.1945927673760117,10.61599854387117,,,,,,2024,2024-03,,,,,0.679274669039942,,,9.327351626851238,Normal
2024-03-13,22446.75,21981.05,22446.75,21905.65,13.062930349065915,2.4105939612638734,0.150558067404932,-0.1110937461614942,22332.0,-1.5179313481049397,0.5685522080121519,11.459928126140152,,,,,,2024,2024-03,,,,,1.5715117320437066,,,8.990648554752195,Normal
2024-03-14,21986.7,22153.05,22204.6,21917.5,9.85174965395091,1.3057894090518294,0.074654377880185,-0.0307529097318842,22007.75,0.7824921921382177,0.0257039586371021,11.782477987972513,,,,,,2024,2024-03,,,,,0.6602219672615206,,,9.220115551007396,Normal
2024-03-15,22074.85,21996.55,22120.9,21931.7,9.409768032514108,0.8570839665954729,0.0312064271960693,-0.1855705837187154,22043.3,-0.7064489991220224,0.3529987970053772,11.630757923622344,,,,,,2024,2024-03,,,,,0.21208258291635085,,,9.263409788329307,Normal
2024-03-18,22006.05,22051.5,22123.7,21916.55,10.271030974087084,0.9413320427791516,0.0698326469815115,-0.1952469100010037,21959.45,0.249811902321051,0.0431885909381257,11.624206277235922,,,,,,2024,2024-03,,,,,0.41918171903212453,,,9.137354390087513,Normal
2024-03-19,21959.9,21810.35,21978.3,21793.1,7.791892078986577,0.8433553886857441,0.1005864116834155,-0.0159913228886015,21965.7,-1.0935764006983706,0.415391243226082,12.183299255940724,,,,,,2024,2024-03,,,,,0.7072390135529627,,,9.115011184333436,Normal
2024-03-20,21864.55,21853.6,21930.9,21710.2,10.132759653955546,1.0093964888369564,0.0159738769746699,-0.049278180045891,21859.6,0.1983003482291634,0.2485058699195574,12.13285937035993,,,,,,2024,2024-03,,,,,0.02744789474646847,,,8.998586700435277,Normal
2024-03-21,22020.95,22014.8,22080.95,21941.3,7.125404476788128,0.6341688255956326,0.0159117696581896,0.2168743447499777,22004.35,0.7376359043818947,0.765777720833194,12.29704806641198,,,,,,2024,2024-03,,,,,0.047490609811240425,,,8.955844502267173,Normal
2024-03-22,21951.0,22080.8,22180.7,21883.3,7.7118106395455825,1.3548357705799343,0.1581700366929549,-0.2070515788816512,21916.05,0.2997983174954921,0.2898050402456498,12.271906368987176,,,,,,2024,2024-03,,,,,0.7517321780156516,,,8.973438473714161,Normal
2024-03-26,21993.4,22018.25,22073.2,21947.55,6.329278454598085,0.5713077559631592,0.0003739366177412,-0.1419151622999444,22011.95,-0.2832777797905805,0.3958189920654997,12.203777248772385,,,,,,2024,2024-03,,,,,0.028620817328772752,,,9.009853747059227,Normal
2024-03-27,22065.85,22145.45,22193.6,22052.85,4.929243679741076,0.6378634858842964,0.0254356776267541,-0.2288623716062929,22117.9,0.5777025876261721,0.2161843016588394,12.0336724137826,,,,,,2024,2024-03,,,,,0.1245597457263159,,,8.937715968951068,Normal
2024-03-28,22186.35,22343.1,22516.0,22173.85,8.957930886879222,1.5421644389455746,0.0972980540389153,0.1196903126554743,22257.9,0.8925083933719824,0.184688051044346,12.069303862126423,,,,,,2024,2024-03,,,,,0.3827854379793161,,,8.707175102924834,Normal
2024-04-01,22461.65,22469.05,22529.95,22427.75,5.500403113832369,0.4549977405934147,0.0336582863006707,-0.1624023299051463,22493.15,0.5637087064910506,0.5305888618857946,12.20205864135877,,,,,,2024,2024-04,,,,,0.10714373042460812,,,8.612233757704107,Normal
2024-04-02,22463.7,22464.3,22497.6,22388.15,5.598838041495341,0.4872305096666938,0.0328040117007914,-0.3719097352533022,22473.55,-0.0211401906177632,0.0238105304852576,12.111868410408286,,,,,,2024,2024-04,,,,,0.041159496385756444,,,8.470314704630749,Normal
2024-04-03,22408.05,22445.55,22521.1,22346.5,6.133809871420629,0.7791842663685531,0.0725229826353387,-0.0478497672203707,22374.45,-0.0834657656815451,0.2503972970446466,12.082240735802005,,,,,,2024,2024-04,,,,,0.3177731743126522,,,8.405052582502467,Normal
2024-04-04,22616.0,22541.2,22619.0,22303.8,13.371836363889702,1.3937035726919027,0.0083820525463137,-0.13670943959606,22469.8,0.42614237566021,0.75939328731085,11.162381467889563,,,,,,2024,2024-04,,,,,0.3177598376487678,,,8.379505616328164,Normal
2024-04-05,22486.45,22525.5,22537.6,22427.6,6.1325945479568125,0.4891834860549353,0.0337574534015645,-0.2632192678535844,22474.4,-0.0696502404486043,0.2428885773605671,11.086960872781388,,,,,,2024,2024-04,,,,,0.2273698074253261,,,8.496612976524222,Normal
2024-04-08,22581.7,22661.0,22697.3,22550.35,5.516904990479315,0.6507481721925308,0.0659256615510139,-0.11143866533978,22609.15,0.6015404763490162,0.2494950167587939,10.35501012204824,,,,,,2024,2024-04,,,,,0.22933192977179218,,,8.15446173498123,Normal
2024-04-09,22765.3,22642.05,22768.4,22612.25,6.427945833230083,0.6859123314869624,0.0822118702553473,-0.1139503167094714,22736.85,-0.0836238471382588,0.4602621243546156,10.329717431774316,,,,,,2024,2024-04,,,,,0.4169442996721173,,,8.044355153918804,Normal
2024-04-10,22726.6,22735.05,22775.7,22673.7,5.057604689127137,0.4488132848732323,0.0363941769316906,-0.1061615459862623,22715.85,0.4107401935778743,0.3734202512581719,10.342897520954343,,,,,,2024,2024-04,,,,,0.08452248099894977,,,8.05181405301968,Normal
2024-04-12,22687.65,22519.4,22726.45,22503.75,8.915201197873317,0.9815913062833777,0.0851723894803633,0.0528580474124686,22650.6,-0.948535411182283,0.2084886551821818,10.594665418988477,,,,,,2024,2024-04,,,,,0.5792341041738314,,,7.804359999729681,Normal
2024-04-15,22365.8,22275.45,22427.45,22259.55,8.078453242897384,0.7506997290506106,0.0009984837838826,0.0685996812232786,22284.35,-1.0832881870742606,0.682078563372035,9.827950092282798,,,,,,2024,2024-04,,,,,0.03993834237928651,,,7.911446876470848,Normal
2024-04-16,22147.35,22177.45,22213.75,22079.45,6.730967205875081,0.6063930899182036,0.0412501530050194,-0.0346765403056917,22178.8,-0.4399462188193759,0.5750725574567572,9.60524621094604,,,,,,2024,2024-04,,,,,0.0060868937904579035,,,7.66222302116242,Normal
2024-04-18,22228.75,22045.75,22326.5,21961.7,18.09278145309292,1.6411179216105236,0.0860084395643241,-0.2326393799263114,22204.45,-0.593846452139446,0.2313160439996409,9.502039488675786,,,,,,2024,2024-04,,,,,0.7147215985984778,,,7.50618389875863,Quiet
2024-04-19,21839.95,22149.7,22179.55,21777.65,11.74331199188375,1.8402056781265423,0.1405826558265601,-0.1756834038765778,21842.6,0.4715194538629896,0.9335132621933862,9.607368651956463,,,,,,2024,2024-04,,,,,1.4059681539743574,,,7.940334569787569,Normal
2024-04-22,22337.1,22370.5,22375.65,22198.15,6.879039921783173,0.7946420976760636,0.0847898685865459,-0.2473497609494228,22218.9,0.9968532305177912,0.8460611204666346,9.240840881274664,,,,,,2024,2024-04,,,,,0.6823020041496042,,,8.013948620677402,Normal
2024-04-23,22447.55,22363.4,22447.55,22349.45,5.936469204930192,0.4370187392387968,0.0084724768369416,-0.0879714088177603,22394.25,-0.0317382266824539,0.3444268120962768,9.25385745971557,,,,,,2024,2024-04,,,,,0.1377585764202771,,,7.968306012817233,Normal
2024-04-24,22426.5,22412.2,22476.45,22384.0,4.611529539017145,0.4122355249370197,0.0134564643799478,-0.0044874746904692,22414.0,0.218213688437352,0.2821574536966631,8.971162546868335,,,,,,2024,2024-04,,,,,0.008030695101268748,,,7.758491490365965,Normal
2024-04-25,22333.55,22559.25,22625.95,22305.25,10.86309037685876,1.4359562183351986,0.104779309962896,0.0605587255134529,22393.45,0.6561158654661225,0.350924942665165,9.168145814084388,,,,,,2024,2024-04,,,,,0.7403950708801066,,,7.632797743477416,Normal
2024-04-26,22610.9,22450.2,22615.5,22385.55,7.094946750170619,1.016987382191778,0.137075928917614,0.0076714170720853,22589.95,-0.4833937298447388,0.2289526469186675,9.308109653708188,,,,,,2024,2024-04,,,,,0.6186379341255765,,,7.790361730343075,Normal
2024-04-29,22488.45,22633.15,22655.8,22441.9,6.248379394768389,0.9511549261954372,0.1478462251042154,-0.2474068075073664,22480.35,0.8149147891778341,0.1703771013175758,9.505956121912368,,,,,,2024,2024-04,,,,,0.6797047198998429,,,7.828645145121702,Normal
2024-04-30,22684.9,22589.3,22783.35,22568.4,7.398387301948476,0.9475466058920122,0.0441868279569908,0.1274888114512171,22703.95,-0.1937423646288794,0.2286469183476525,9.09410318433814,,,,,,2024,2024-04,,,,,0.5049782086377075,,,7.894601930873067,Normal
2024-05-02,22582.95,22656.75,22710.5,22580.6,8.165201295416903,0.5752127157878021,0.0087795048934953,-0.1632768032619267,22664.7,0.298592696542177,0.0281106541592635,8.945413886379391,,,,,,2024,2024-05,,,,,0.03507657282029175,,,7.81662475162653,Normal
2024-05-03,22772.55,22456.7,22794.7,22348.05,11.718755594882737,1.9613525933635076,0.1547252310444204,0.0409754698789927,22766.4,-0.8829598243349057,0.5111059617994629,9.531408847100602,,,,,,2024,2024-05,,,,,1.360338042026854,,,7.949864660705757,Normal
2024-05-06,22565.2,22458.0,22588.8,22409.45,9.604419556809416,0.7948079343413686,0.0309460151316896,-0.2044850751401555,22482.05,0.0057889182293102,0.4831520214457097,9.526303872725576,,,,,,2024,2024-05,,,,,0.1069742305528143,,,8.255860538375126,Normal
2024-05-07,22493.65,22304.5,22499.05,22232.05,10.051365567206483,1.1870016649143202,0.083844467264303,-0.1020679933293464,22464.15,-0.6834980853148154,0.1587407605307733,9.687802580957804,,,,,,2024,2024-05,,,,,0.7106879183053971,,,8.429391022644566,Normal
2024-05-08,22248.1,22306.75,22368.65,22185.2,10.530923915328064,0.8245647942970444,0.0257714669051877,-0.0418939376371874,22259.7,0.010087650474122,0.2528637718846038,9.689900783808335,,,,,,2024,2024-05,,,,,0.2113685269792498,,,8.263367482810406,Normal
2024-05-09,22247.85,21968.15,22307.75,21932.4,10.057117218058655,1.687129318113879,0.1563662121480449,-0.0428515607470766,22247.75,-1.517926188261398,0.2640456364105148,10.678601968645768,,,,,,2024,2024-05,,,,,1.2567563011989913,,,8.483283951178967,Normal
2024-05-10,21992.1,22054.0,22131.3,21950.3,8.884950475376737,0.8230228127373013,0.0170448881948375,0.0241036176657611,22062.4,0.3907930344612564,0.1090214697186509,10.850866298289782,,,,,,2024,2024-05,,,,,0.038073826963525015,,,8.710294562557934,Normal
2024-05-13,22037.3,22119.4,22131.65,21821.05,10.858728731129734,1.409428559760053,0.1152114740368526,0.18817293294092,21881.1,0.296544844472657,0.07572322481183,10.782849509261716,,,,,,2024,2024-05,,,,,1.0890677342547006,,,8.833144794665266,Normal
2024-05-14,22132.1,22223.8,22270.05,22081.25,7.899294142493667,0.8530595831394187,0.0647687964693262,-0.1377945593358186,22144.55,0.4719838693635347,0.0574156622693111,10.537508691942495,,,,,,2024,2024-05,,,,,0.35787586561930596,,,9.123200996765396,Normal
2024-05-15,22265.0,22210.4,22297.55,22151.75,8.436761037495561,0.6548394340893747,0.0494615936826962,-0.0710738296682483,22295.55,-0.0602957190039443,0.1853868375345291,9.826702436842664,,,,,,2024,2024-05,,,,,0.38191477671551954,,,9.072405643996415,Normal
2024-05-16,22324.3,22392.35,22432.25,22054.55,14.398134944310732,1.6918783567681888,0.0557749572342728,0.1765422742799609,22244.6,0.819210820156302,0.5128228217411657,10.113058762254571,,,,,,2024,2024-05,,,,,0.6642061444125824,,,9.090321033726322,Normal
2024-05-17,22426.5,22465.4,22502.15,22345.65,8.74171051119834,0.6978351503801307,0.0804053068960485,0.0879650599087137,22353.8,0.3262274839398449,0.1525074411573568,9.8601499653116,,,,,,2024,2024-05,,,,,0.4992439764156531,,,9.473679420648105,Stressed
2024-05-21,22448.75,22507.55,22591.1,22440.9,5.245366799133506,0.6690795701319543,0.0508988520684434,-0.0498708967031012,22479.5,0.187621854051101,0.0741139708173577,9.767875099186783,,,,,,2024,2024-05,,,,,0.12478035543495025,,,9.006125873553376,Normal
2024-05-22,22577.4,22620.5,22629.5,22483.15,7.058686526013405,0.6482145862676771,0.0577600862462137,-0.127679781583165,22492.65,0.5018316076161211,0.3103403080299882,9.299760322365566,,,,,,2024,2024-05,,,,,0.5684079021369248,,,8.681228613915865,Normal
2024-05-23,22600.75,22951.0,22993.6,22577.45,9.560219072920866,1.8413105759764516,0.166433130935702,-0.0820234072013967,22668.45,1.4610640790433391,0.0873101832408629,10.537625875362206,,,,,,2024,2024-05,,,,,1.2464460516709241,,,8.690210944127376,Normal
2024-05-24,22932.4,22952.0,23026.4,22908.0,7.262939473102644,0.5163000819800869,0.0291595197255575,-0.0842160583027876,22980.95,0.0043571086227212,0.0810422203825433,10.541723718308772,,,,,,2024,2024-05,,,,,0.12597390447305346,,,8.87139843752691,Normal
2024-05-27,23039.6,22931.05,23110.8,22871.2,7.619762240746976,1.039948610218921,0.087077856420626,0.3937919955319286,22990.95,-0.091277448588356,0.3816660857441478,10.371140711151906,,,,,,2024,2024-05,,,,,0.26053729837175466,,,9.003968934231185,Normal
2024-05-28,22985.45,22865.05,22998.55,22858.5,7.12426308172309,0.6092984910019132,0.0471261236720238,-0.224812514833286,22954.6,-0.2878193541071994,0.2372329221732139,10.251828843599922,,,,,,2024,2024-05,,,,,0.3901178848683906,,,8.841802527425596,Normal
2024-05-29,22792.0,22705.8,22825.5,22685.45,7.667266809154031,0.6144699894699863,0.0704893945673058,-0.169609215746273,22806.8,-0.6964778122068416,0.3194832287705451,10.24512311992374,,,,,,2024,2024-05,,,,,0.44285037795744886,,,8.843268344003219,Normal
2024-05-30,22642.15,22555.85,22705.75,22417.0,8.202698114566322,1.2752764203046087,0.1123658949745922,-0.0937235750934238,22611.6,-0.6604039496516334,0.2803248509191336,10.50369808019492,,,,,,2024,2024-05,,,,,0.2465548656441774,,,8.9142127147225,Normal
2024-05-31,22572.0,22547.95,22653.75,22465.1,9.71112951341512,0.8357699805068292,0.053192140539879,0.1438849862855409,22628.65,-0.0350241733297451,0.0716000505412095,10.44224467816078,,,,,,2024,2024-05,,,,,0.3566275495886839,,,8.954428255353394,Normal
2024-06-03,23338.7,23305.95,23338.7,23062.3,9.08965901870983,1.1842990397922826,0.090965270053145,-0.0507165911823442,23084.65,3.361724680070699,3.506970700218859,15.463489536510703,,,,,,2024,2024-06,,,,,0.9586456801381038,,,9.031724666253306,Normal
2024-06-04,23153.6,21996.45,23159.45,21281.45,63.1547092123073,8.111049685578053,0.0754558152002669,-0.0159480044408346,22618.15,-5.61873684617018,0.6536957300603552,25.7922807615187,,,,,,2024,2024-06,,,,,2.7486775001492214,,,8.90026983744466,Normal
2024-06-05,22131.6,22573.0,22670.4,21791.95,24.297663695913823,3.969211444269736,0.1608027464804959,-0.0207320959656615,21943.25,2.6211047691786504,0.614417326432215,27.40257449115959,,,,,,2024,2024-06,,,,,2.8699030453556373,,,11.577784320219553,Stressed
2024-06-06,22799.5,22849.05,22910.15,22642.6,18.87874968819961,1.1734906467247217,0.014693297361589,-0.2499449698647339,22736.8,1.2229211890311342,1.003411154919598,27.70147428811116,,,,,,2024,2024-06,,,,,0.493693043876009,,,12.29009922665492,Stressed
2024-06-07,22824.3,23270.05,23320.2,22789.05,11.927855815696232,2.327125037788679,0.1716589861751169,-0.1187423839262178,22934.3,1.8425273698468916,0.1083196019090459,27.610286814148115,,,,,,2024,2024-06,,,,,1.4639644549866437,,,12.707490515298497,Stressed
2024-06-10,23321.15,23234.45,23411.9,23227.15,9.782720592158848,0.7921993555206326,0.0080906148867313,0.1058210006712778,23303.25,-0.1529863494062033,0.2195955745690314,27.654761063731097,,,,,,2024,2024-06,,,,,0.29523778872045936,,,12.801027445180377,Stressed
2024-06-11,23288.2,23261.8,23389.45,23206.65,7.068466833567768,0.7849468829707718,0.0422501966955155,-0.1697772432875009,23258.85,0.1177131371734585,0.2313375182110943,27.66025863778763,,,,,,2024,2024-06,,,,,0.012683344189423629,,,12.845915951019482,Stressed
2024-06-12,23330.6,23305.65,23441.95,23295.95,7.726188731003656,0.6257875922608077,0.0176820208023765,-0.3286736098997477,23375.7,0.1885064784324708,0.2957638703797505,27.650664694592468,,,,,,2024,2024-06,,,,,0.2996701703050553,,,12.656402856141383,Stressed
2024-06-13,23481.05,23399.35,23481.05,23353.9,6.577765723992138,0.5415004865625592,0.0038534792044989,-0.2455940771728001,23386.25,0.4020484303162375,0.7526072003998907,27.629971900697274,,,,,,2024,2024-06,,,,,0.056015821262489496,,,12.647747585566883,Stressed
2024-06-14,23469.45,23451.55,23490.4,23334.25,4.731317775079703,0.6653330180298279,0.1802020718762034,-0.1483831957981662,23340.65,0.2230831198302585,0.2995809712663,27.555371829832588,,,,,,2024,2024-06,,,,,0.4751367249840932,,,12.554797819891713,Stressed
2024-06-18,23573.85,23562.3,23579.05,23499.7,4.830198782348007,0.3366017854529428,0.0140959925442665,-0.2135917771722328,23565.8,0.4722502350590796,0.5215007110404235,27.56589060944622,,,,,,2024,2024-06,,,,,0.014852031333545401,,,12.071456961430162,Stressed
2024-06-19,23630.85,23521.4,23664.0,23412.9,10.443755182554426,1.0625940243368248,0.0184328098665028,-0.1105965619486004,23566.25,-0.173582375235004,0.29093085140246,27.60707469468478,,,,,,2024,2024-06,,,,,0.19031453880018478,,,11.875881374987644,Stressed
2024-06-20,23587.7,23579.15,23624.0,23442.6,9.09749957259578,0.7690448835622017,0.0449252348815653,-0.1681319646732488,23501.15,0.2455210999345203,0.2818709770676886,27.589220904532784,,,,,,2024,2024-06,,,,,0.3318986517681033,,,12.13580079415869,Stressed
2024-06-21,23654.4,23453.15,23667.1,23398.2,12.44358173205488,1.1367863906926314,0.0156001424670536,-0.0409634885911876,23579.3,-0.5343704077543032,0.3191378824088264,27.308734085898926,,,,,,2024,2024-06,,,,,0.5350031595509508,,,12.237741446487808,Stressed
2024-06-24,23393.0,23549.15,23558.1,23350.0,7.517104649806656,0.8895823536955437,0.0725635409060865,-0.2582259216721735,23400.65,0.4093266789322536,0.2564687472685012,27.32331696465824,,,,,,2024,2024-06,,,,,0.6345977568999128,,,12.381909579444509,Stressed
2024-06-25,23585.55,23721.9,23754.15,23562.05,6.487032648383301,0.8144817483586441,0.0769551964591428,-0.1263552089234709,23595.65,0.7335721246839011,0.1545703348103666,27.38639586918201,,,,,,2024,2024-06,,,,,0.5350562497748568,,,12.39461783827971,Stressed
2024-06-26,23736.25,23840.25,23889.9,23670.45,7.246396248398571,0.9245352572542028,0.1255066537537245,-0.3279999145728288,23693.1,0.4989060741340312,0.0604926249583748,27.34896676013005,,,,,,2024,2024-06,,,,,0.6210668928928742,,,12.337981358661526,Stressed
2024-06-27,23887.25,24036.1,24087.45,23805.4,11.288649758828308,1.1807554239186149,0.0792805791188832,-0.1653498627927077,23871.4,0.8215098415494726,0.1971455836243363,27.202212793169892,,,,,,2024,2024-06,,,,,0.6899469658252055,,,12.3440880169953,Stressed
2024-06-28,24095.45,24009.8,24174.0,23985.8,9.21794575437544,0.7810603246671082,0.0551634909433066,-0.1739899801864105,24148.95,-0.1094187492979292,0.2469202574461038,27.014055155884893,,,,,,2024,2024-06,,,,,0.5762155290395699,,,12.525157164479015,Stressed
2024-07-01,24032.9,24123.15,24164.0,23992.7,5.924112491864356,0.7127729071397928,0.0668894768602288,-0.2540198719522763,24077.05,0.4720988929520553,0.0962107139584667,26.9839186823774,,,,,,2024,2024-07,,,,,0.19146863922283597,,,12.57591954646947,Stressed
2024-07-02,24232.6,24117.8,24236.35,24056.4,8.177004693914892,0.7425946864966908,0.040305635148044,-0.2290648083615922,24075.1,-0.022177866489248,0.4537135490182642,24.54115485920136,,,,,,2024,2024-07,,,,,0.17736167243334044,,,12.386568695391931,Stressed
2024-07-03,24292.15,24290.8,24309.15,24207.1,5.67302349493401,0.4200945572952698,0.0248275862068972,-0.1934233370231266,24285.1,0.7173125243596035,0.7229100498387098,11.532285493144997,,,,,,2024,2024-07,,,,,0.023471181918144346,,,12.340935979152185,Stressed
2024-07-04,24370.9,24304.65,24401.0,24281.0,6.451470629795388,0.4923905149173809,0.0853021406445075,-0.2890302858084244,24396.65,0.0570174716353566,0.3297544749452541,8.458734278878877,,,,,,2024,2024-07,,,,,0.37710095443431735,,,9.46685169328352,Stressed
2024-07-05,24213.4,24316.75,24363.0,24168.85,6.081088200138543,0.8018287394583224,0.027384144006127,-0.0613624749172635,24218.65,0.049784711978984,0.3754425593456401,7.899261169876073,,,,,,2024,2024-07,,,,,0.40505973702085196,,,8.574542039977597,Normal
2024-07-08,24331.05,24331.05,24344.6,24240.55,7.249253959578544,0.4276428678581453,0.0366453150603309,-0.2518370994261442,24276.6,0.0588072007978057,0.0588072007978057,5.487587076139213,,,,,,2024,2024-07,,,,,0.22429005709201366,,,7.934658965574546,Normal
2024-07-09,24352.95,24417.25,24443.6,24331.9,5.121620000407828,0.4586713313992641,0.0534522347412821,-0.2906028941861789,24381.4,0.3542798194077212,0.0900084459980243,5.318510653074385,,,,,,2024,2024-07,,,,,0.14703831609341744,,,7.700728872768662,Normal
2024-07-10,24439.55,24314.15,24461.05,24141.8,10.097487914475307,1.3062842810117208,0.0329866935032981,0.0529106409023209,24372.85,-0.422242472022849,0.0913288761019259,5.817396741433988,,,,,,2024,2024-07,,,,,0.24084175629849325,,,7.46767384318111,Quiet
2024-07-11,24402.65,24338.5,24402.65,24193.75,7.839983042791092,0.856054567844072,0.0203962460896767,-0.036920427429556,24333.55,0.1001474450063044,0.363985580413062,5.83260166453218,,,,,,2024,2024-07,,,,,0.02034228462348686,,,7.619124897226487,Normal
2024-07-12,24388.2,24512.4,24592.2,24331.15,10.67028464990966,1.0703946990757796,0.0607639424114458,0.1218202401916677,24417.6,0.7145058241058377,0.2042032171251318,6.064434915098355,,,,,,2024,2024-07,,,,,0.38824454491843685,,,7.624814612815858,Normal
2024-07-15,24598.0,24588.35,24635.05,24522.75,5.867276088906145,0.4565411822099328,0.0344827586206884,0.0633443983245345,24552.95,0.3098431814102076,0.3492110115696389,6.070309994694822,,,,,,2024,2024-07,,,,,0.1441781944735654,,,7.829440559111734,Normal
2024-07-16,24626.05,24601.1,24661.25,24587.65,5.084212266376065,0.2988705050139935,0.0040405100487994,-0.2891245871490522,24635.3,0.0518538250838362,0.1533246435812207,6.038161263134079,,,,,,2024,2024-07,,,,,0.1388251817513897,,,7.886238474803056,Normal
2024-07-18,24550.6,24779.35,24837.75,24504.45,10.504563380375217,1.3576042948033828,0.1157999392416283,0.0524722842357583,24585.75,0.7245610968615201,0.2052753738653989,6.109551991809069,,,,,,2024,2024-07,,,,,0.7874480135851014,,,7.89893914900446,Normal
2024-07-19,24854.8,24525.85,24854.8,24508.15,8.162208900866236,1.3947004200395812,0.1267939598153021,-0.3118523447237905,24747.55,-1.0230292562153576,0.3044874058439895,7.625083445453488,,,,,,2024,2024-07,,,,,0.8958462554879199,,,7.9019795588954995,Normal
2024-07-22,24450.45,24515.9,24595.2,24362.3,7.264061508568051,0.952538705831596,0.0014031300593637,0.0542050764559336,24499.6,-0.0405694399990053,0.3074307312488589,7.184682335522348,,,,,,2024,2024-07,,,,,0.06653169847672391,,,7.855215025309022,Normal
2024-07-23,24578.9,24474.95,24582.55,24074.2,23.15172706961241,2.068237390607385,0.0079595919467655,-0.1128445622199445,24501.45,-0.1670344551903069,0.2569760849081559,7.276921876595467,,,,,,2024,2024-07,,,,,0.10815686418559345,,,7.59623901413468,Normal
2024-07-24,24447.5,24441.9,24504.25,24307.25,11.871326423695852,0.8058083648634831,0.0087467450090144,-0.0681555396483517,24413.2,-0.1350360266313077,0.1121554895924248,7.0730093003498,,,,,,2024,2024-07,,,,,0.1175593531368202,,,8.377970135124968,Normal
2024-07-25,24240.75,24416.6,24426.15,24210.8,6.549185635019163,0.8883801037509242,0.1016099885000817,-0.1307901149601507,24277.75,-0.1035107745306351,0.8229720275428676,7.002390836732912,,,,,,2024,2024-07,,,,,0.5719228511703145,,,8.647184823890596,Normal
2024-07-26,24435.35,24851.75,24861.15,24410.9,7.556924492367817,1.842617355593433,0.2222182685122536,-0.1092731781410041,24524.65,1.782189166386816,0.0767920185447579,8.861589169115245,,,,,,2024,2024-07,,,,,1.3337601148232459,,,8.612324293221624,Normal
2024-07-29,24957.4,24840.95,24999.75,24774.6,10.735911291745682,0.9021372418601354,0.0301967559761714,0.077856937323452,24901.7,-0.043457704185823,0.4251209673363121,8.837214610672541,,,,,,2024,2024-07,,,,,0.24395924776220435,,,8.425738029898602,Normal
2024-07-30,24851.25,24840.9,24971.75,24798.65,7.7411347447870416,0.6965444394145105,0.0044166359955833,0.0232447494075156,24874.55,-0.0002012805468409,0.0414637926488214,8.78318511870304,,,,,,2024,2024-07,,,,,0.1352788291647422,,,8.501636306767114,Normal
2024-07-31,24877.55,24979.3,24984.6,24856.5,5.852286373061764,0.5149220883889232,0.0707678075855655,-0.1576340358308548,24878.2,0.557145675076165,0.1475389378001512,8.874434277818143,,,,,,2024,2024-07,,,,,0.406379882788932,,,8.59248741941325,Normal
2024-08-01,25032.8,25006.0,25078.3,24956.4,5.39424532406549,0.486961107027571,0.0509204857030941,-0.1411721068209567,25046.6,0.1068885036810574,0.214177338836552,8.643123126061127,,,,,,2024,2024-08,,,,,0.16209784960832252,,,8.476251503370591,Normal
2024-08-02,24827.1,24699.45,24851.9,24686.85,7.360211180509093,0.6647977411779987,0.0335555956028108,-0.0347146923178916,24750.1,-1.2259057826121689,0.7154282972086756,9.924229093788597,,,,,,2024,2024-08,,,,,0.20464563779539757,,,8.462312594827164,Normal
2024-08-05,24327.75,24051.8,24350.05,23893.7,16.47603310662801,1.875841374561965,0.053610261905513,-0.0155995384701566,24255.4,-2.622123164685864,1.5048918093317876,13.811521551411508,,,,,,2024,2024-08,,,,,0.8394007107695667,,,8.50774962236285,Normal
2024-08-06,24194.55,24033.05,24382.6,23960.4,13.91141161264186,1.7450210894602178,0.120782357983325,-0.0653533753516509,24290.4,-0.0779567433622396,0.5935106727978701,13.805611735365392,,,,,,2024,2024-08,,,,,1.0594720548035563,,,9.027496867687322,Normal
2024-08-07,24289.45,24316.05,24337.7,24184.9,9.732112663708122,0.6290797033279851,0.0101145149101909,-0.0881526493979394,24254.35,1.1775450889504269,1.0668641724625116,14.426982733089323,,,,,,2024,2024-08,,,,,0.25438735731941886,,,9.360604750340489,Normal
2024-08-08,24251.7,24098.7,24340.5,24079.7,14.450079163131475,1.0753885294639107,0.0339401481243601,-0.0702705735109433,24230.95,-0.8938540593558475,0.2646400217140465,14.697352891479554,,,,,,2024,2024-08,,,,,0.5457895790301204,,,9.591129383505503,Stressed
2024-08-09,24387.35,24363.75,24419.75,24311.2,5.9611781781803845,0.4451078120418958,0.0320246064772949,-0.2272385636921076,24401.45,1.0998518592289177,1.1977824529953771,15.242435395202737,,,,,,2024,2024-08,,,,,0.15449901542736733,,,9.808758945938312,Stressed
2024-08-12,24320.25,24348.8,24472.8,24212.1,9.142436564600205,1.0719462176581274,0.0417658257972407,0.2033775169844017,24254.35,-0.0613616540967698,0.1785439433584779,15.013619142923734,,,,,,2024,2024-08,,,,,0.389414682314726,,,9.714818702707777,Stressed
2024-08-13,24359.0,24135.25,24359.95,24116.5,8.117960831895477,0.9994252637628832,0.1214886961008773,-0.1223420158388794,24343.75,-0.8770452753318447,0.0418911814956013,15.247420031202576,,,,,,2024,2024-08,,,,,0.8564826700898642,,,9.638426298442305,Stressed
2024-08-14,24193.65,24143.7,24196.5,24099.7,6.016169084822715,0.4001049862257215,0.0186599195771034,-0.1955439999420078,24150.5,0.0350110315824325,0.2419697330667825,15.245480038686395,,,,,,2024,2024-08,,,,,0.028156766940634625,,,9.75096053559177,Stressed
2024-08-16,24339.65,24539.2,24563.9,24204.5,9.60598086447307,1.476602991415248,0.1017425829932738,-0.0219107221629199,24327.15,1.6381084920704003,0.8115988850093458,16.206938541631914,,,,,,2024,2024-08,,,,,0.8716598532914732,,,9.797558376514104,Stressed
2024-08-19,24636.8,24579.0,24638.8,24522.95,6.427538370789801,0.4702315235744843,0.0389889311085403,-0.0006857444275687,24618.2,0.1621894764295417,0.397730977374966,15.797960598243174,,,,,,2024,2024-08,,,,,0.15923178786426684,,,9.752629250718995,Stressed
2024-08-20,24660.3,24672.85,24734.3,24607.2,4.840330449566458,0.5154033000409506,0.0486364612411416,-0.1157799187139317,24664.9,0.381830017494611,0.3307701696570131,15.849130483548688,,,,,,2024,2024-08,,,,,0.032232038240564975,,,9.665895724215174,Stressed
2024-08-21,24684.25,24781.9,24787.95,24654.5,5.354765104888986,0.5406281333238836,0.0642141100813319,-0.1076250709488251,24690.3,0.4419838000069065,0.0462046338384203,15.892689303571617,,,,,,2024,2024-08,,,,,0.3709958971741978,,,9.544709171265094,Stressed
2024-08-22,24867.35,24811.35,24867.35,24784.45,4.013235458855138,0.3333688551453927,0.0290535483431996,-0.0526741170434485,24828.05,0.1188367316468763,0.3448081059159946,15.875399722074183,,,,,,2024,2024-08,,,,,0.0672626323855452,,,8.654861073028922,Normal
2024-08-23,24852.2,24831.85,24858.4,24771.65,4.836013961318384,0.3490636643838372,0.0242862220116098,-0.2222316625007171,24788.2,0.0826234767556055,0.1646423914861694,15.860634483363617,,,,,,2024,2024-08,,,,,0.1760918501545028,,,8.261956524786887,Normal
2024-08-26,24917.0,25009.35,25043.8,24874.7,4.665316613695433,0.6786531283862365,0.0459610027855189,-0.0129066525951582,24971.3,0.7148077972442657,0.3429063883681804,14.76406971416187,,,,,,2024,2024-08,,,,,0.15237492641553274,,,8.176297941101849,Normal
2024-08-27,25032.8,24997.05,25073.1,24973.65,5.453118470099753,0.3972787702534158,0.0108502663247183,-0.2218736702114737,25000.65,-0.0491816060793182,0.0937649319154632,14.76449095392166,,,,,,2024,2024-08,,,,,0.014399625609740063,,,8.03171754716823,Normal
2024-08-28,25024.8,25044.85,25129.6,24964.65,5.98629068023164,0.6591461270419627,0.0613616268788669,-0.1232111406017378,24988.9,0.1912225642625831,0.1110130995457536,14.773991275812612,,,,,,2024,2024-08,,,,,0.2238994113386239,,,7.767577906085933,Normal
2024-08-29,25040.3,25156.75,25192.9,24998.5,11.189361932154132,0.7763485261758104,0.0643688922698833,0.0397413581879995,25064.85,0.4467984435922112,0.0181674076706328,14.728381717763412,,,,,,2024,2024-08,,,,,0.366648912720402,,,7.679835702858163,Normal
2024-08-30,25226.4,25247.0,25268.35,25199.4,5.262528361700233,0.2733247708749448,0.0068395101002073,-0.201452925586588,25222.5,0.3587506335277712,0.2768640623292073,14.770735734626578,,,,,,2024,2024-08,,,,,0.0971354941024849,,,7.946689480812781,Normal
2024-09-02,25333.65,25273.9,25333.65,25235.5,4.416248880201871,0.3874293676592258,0.0404865334491742,-0.124389396834842,25308.95,0.1065473125519966,0.3432090941497989,13.977611752550892,,,,,,2024,2024-09,,,,,0.13848855839534435,,,7.940103632694519,Normal
2024-09-03,25303.1,25265.9,25321.7,25235.8,4.057723589820732,0.3394840948342356,0.02250759458713,-0.1431455506386361,25273.55,-0.0316532074590814,0.1155342072256315,9.570108913087171,,,,,,2024,2024-09,,,,,0.03026879880347888,,,7.7929055176791575,Normal
2024-09-04,25110.0,25206.35,25216.0,25083.8,4.519860046636442,0.5264834727200347,0.0956273220920279,0.1056578476847822,25093.55,-0.2356931674707962,0.6170371924214102,9.657401151122835,,,,,,2024,2024-09,,,,,0.4495179040032271,,,7.171990041838794,Quiet
2024-09-05,25264.65,25144.8,25275.45,25127.75,4.462859716536554,0.5846113047281507,0.0702357563850723,-0.1755674647001626,25206.65,-0.2441845011276866,0.2312909247074834,9.131806756301629,,,,,,2024,2024-09,,,,,0.24537175705617864,,,6.702412463538522,Quiet
2024-09-06,25095.9,24868.5,25168.75,24801.3,9.752786387516474,1.4641833925063483,0.1109911757562656,-0.1414242123053309,25028.0,-1.0988355445261,0.1944736088574927,9.4710083804394,,,,,,2024,2024-09,,,,,0.6372862394118606,,,6.438949816179944,Quiet
2024-09-09,24825.1,24942.25,24957.5,24753.15,6.966535413531203,0.8231588190984067,0.0516213465173769,-0.0024400045927158,24844.0,0.2965599051008238,0.1745179644932371,8.819474090417474,,,,,,2024,2024-09,,,,,0.39546771856384666,,,6.204085177399194,Quiet
2024-09-10,25011.7,25052.1,25130.5,24896.8,6.629039284192063,0.934362718247863,0.0538808450035582,-0.0693163697312958,24962.15,0.4404173641110898,0.2784432038007933,8.863221159846907,,,,,,2024,2024-09,,,,,0.3603455631826513,,,6.254353039166735,Quiet
2024-09-11,25036.0,24951.8,25113.7,24885.15,7.343695394633626,0.9128854449592558,0.118765892524157,-0.1518129381939633,25066.9,-0.4003656380103804,0.0642660695111319,8.277053544052897,,,,,,2024,2024-09,,,,,0.4591712577143636,,,6.128683175146327,Quiet
2024-09-12,25047.75,25314.95,25433.35,24941.45,12.209171930658592,1.9638490483177045,0.1473950567077856,0.0932734908714092,25040.7,1.455406022811978,0.3845413958111221,9.430144024032316,,,,,,2024,2024-09,,,,,1.095216986745573,,,6.089969903283235,Quiet
2024-09-13,25430.5,25343.55,25430.5,25292.45,6.269818868966337,0.54285208706081,0.0135506078166524,-0.3813563611040604,25351.05,0.1129767192903807,0.4564496473427715,7.850177962552306,,,,,,2024,2024-09,,,,,0.029584573420038396,,,6.39962004557503,Quiet
2024-09-16,25410.6,25377.6,25445.7,25336.2,4.995792602494713,0.4309225283936625,0.0496517412935352,-0.2578168254054447,25437.9,0.1343537112993287,0.2645643566114408,7.850816801723311,,,,,,2024,2024-09,,,,,0.2370478695175371,,,6.232811945799692,Quiet
2024-09-17,25409.1,25407.15,25441.65,25352.25,3.959063736760806,0.3518424501458196,0.0249433106575961,0.105109885652129,25391.2,0.1164412710422002,0.1241252127860859,7.808283298430833,,,,,,2024,2024-09,,,,,0.06281703897412783,,,6.161224657384938,Quiet
2024-09-18,25403.3,25343.45,25482.2,25285.55,7.239764267930311,0.7741120248156793,0.0405760576057578,-0.0047154568476339,25428.55,-0.2507168257754211,0.0151532147446786,7.84928634371964,,,,,,2024,2024-09,,,,,0.3346632033678576,,,6.117161321744655,Quiet
2024-09-19,25494.4,25448.65,25611.95,25376.05,9.39703764258858,0.9253012426258372,0.1121910215661002,-0.1472540199737531,25611.1,0.4150973920283185,0.5956174080482324,7.922188053276059,,,,,,2024,2024-09,,,,,0.634295286028308,,,6.211411279896722,Quiet
2024-09-20,25530.8,25820.35,25849.25,25426.6,21.6757303843686,1.6554514547135282,0.0810683123440564,0.0888777475819598,25455.75,1.4605882826790315,0.3228069072426232,9.220881437450302,,,,,,2024,2024-09,,,,,1.4322893648782697,,,6.480601389083394,Quiet
2024-09-23,25877.1,25930.15,25956.0,25847.35,4.317685855461817,0.4198693052931027,0.0311357471399937,-0.0121283567763495,25897.25,0.4252459784627405,0.2197878804896191,9.061102254223576,,,,,,2024,2024-09,,,,,0.12704051588490195,,,7.322587210235905,Quiet
2024-09-24,25930.2,25951.9,26011.55,25886.85,4.857654747701232,0.480906433425121,0.0066013408973676,-0.1558819752835871,25958.3,0.0838791908261304,0.0001928257260308,9.028230868798602,,,,,,2024,2024-09,,,,,0.02465492732574015,,,7.305205672324223,Quiet
2024-09-25,25920.8,26013.5,26032.8,25871.35,4.892623517502631,0.6228588623807935,0.0184929050765838,-0.0530091133969626,25940.3,0.2373621969874895,0.119837083219354,9.0298573084746,,,,,,2024,2024-09,,,,,0.28218640493749003,,,7.275432486204298,Quiet
2024-09-26,26015.8,26183.9,26250.9,25998.4,6.277864986613337,0.9705640418514904,0.1766815359048398,-0.0299761697346663,26031.4,0.6550444961270108,0.0088415630345783,9.137575804462015,,,,,,2024,2024-09,,,,,0.5858309579968912,,,7.220749128067847,Quiet
2024-09-27,26234.3,26175.0,26277.35,26151.4,5.733774550737431,0.4800966673400743,0.0648827136669661,-0.1382986497225923,26240.85,-0.0339903528504215,0.19248469479336,9.154469606173254,,,,,,2024,2024-09,,,,,0.25094461498007536,,,6.9751742807908075,Quiet
2024-09-30,26060.95,25822.8,26134.7,25794.1,7.52802980748821,1.306936239853122,0.1250877720934912,-0.3015526457009475,26010.4,-1.345558739255015,0.4357211079274115,10.64367502670064,,,,,,2024,2024-09,,,,,0.7212499615538492,,,6.998736590242667,Quiet
2024-10-01,25832.0,25812.55,25907.6,25739.2,7.774335350780302,0.6519046144317041,0.0464512040557666,-0.1174140798841958,25868.1,-0.0396936041017981,0.0356274300230774,10.64512862362873,,,,,,2024,2024-10,,,,,0.21474325520621784,,,7.154325636606984,Quiet
2024-10-03,25451.6,25266.0,25639.45,25230.3,8.927455605822146,1.6075610177749198,0.2114855863261459,-0.2031832281844713,25626.4,-2.1173808864292765,1.398350802226056,13.234353474484964,,,,,,2024,2024-10,,,,,1.4063621889926048,,,7.340156224654963,Quiet
2024-10-04,25223.15,25048.0,25485.05,24966.8,17.139005273456846,2.054660103912477,0.0624260265242332,0.174356272470761,25195.4,-0.8628195994617283,0.1695955038391483,13.572975639944875,,,,,,2024,2024-10,,,,,0.5850274256411936,,,7.560536002614247,Quiet
2024-10-07,25102.4,24819.0,25143.0,24694.35,16.395474829145805,1.7872793039709407,0.0737682523299237,-0.041442518499326,25067.35,-0.9142446502714784,0.217183008623456,13.39223258271266,,,,,,2024,2024-10,,,,,0.9907309707647527,,,8.194343280460263,Normal
2024-10-08,24862.0,25039.5,25044.0,24756.8,10.369586836201687,1.1551765746923044,0.0740270626272292,0.1310280895268755,24829.3,0.8884322494862706,0.1732543615778237,13.73044179590066,,,,,,2024,2024-10,,,,,0.8465804513216213,,,8.52647770254173,Normal
2024-10-09,25068.2,25019.55,25234.05,24947.7,11.204645791208131,1.142283849658127,0.052273163245732,0.005251994421551,25088.9,-0.0796741148984647,0.1146189021346222,13.6445909397918,,,,,,2024,2024-10,,,,,0.2764170609313332,,,8.696630273675254,Normal
2024-10-10,25083.5,25008.9,25134.05,24979.4,7.9941976224627,0.6165407538820252,0.0100120712916301,-0.0213452876587966,25011.65,-0.0425667128305606,0.2556001207056013,13.565260817746802,,,,,,2024,2024-10,,,,,0.010994876387604435,,,8.925410599026057,Normal
2024-10-11,24988.3,24975.05,25028.65,24920.05,6.460442698382495,0.4346033943885826,0.0356220960247827,-0.119050185778055,25003.4,-0.1353518147539589,0.0823706760393339,12.454563995700582,,,,,,2024,2024-10,,,,,0.1133845796971733,,,8.95793571041751,Normal
2024-10-14,25029.3,25142.3,25159.75,25017.5,5.718795387201078,0.5683339126543692,0.0157287661656769,-0.1365345077554776,25108.15,0.6696683289923344,0.2172167823487836,12.713916422139512,,,,,,2024,2024-10,,,,,0.1360116137588685,,,8.670499248803706,Normal
2024-10-15,25196.55,25065.15,25212.05,25008.15,7.733425297802706,0.809237772631562,0.0790054140765984,0.0924001584539164,25149.6,-0.3068533905012605,0.2157718267620678,12.731590115394228,,,,,,2024,2024-10,,,,,0.33579062887678646,,,8.642948074715443,Normal
2024-10-16,25022.15,24959.9,25093.4,24908.45,7.2784729221267135,0.7391451174259634,0.0640828011451203,-0.13900097314742,25071.0,-0.4199057256788818,0.1715529330564513,12.775915496239696,,,,,,2024,2024-10,,,,,0.44314147820190275,,,8.779829709480842,Normal
2024-10-17,25029.5,24750.2,25029.5,24728.9,6.496347148619493,1.200982840248501,0.0623247616758813,-0.1463479567586032,24823.15,-0.8401475967451777,0.2788472710227196,13.045388655276415,,,,,,2024,2024-10,,,,,0.2938788993338881,,,8.945800168749138,Normal
2024-10-18,24694.95,24862.65,24886.2,24567.65,9.381547447734844,1.2899398460009002,0.1289491605720528,-0.0566023637139882,24654.75,0.4543397629110046,0.2232305193493378,13.06726925742086,,,,,,2024,2024-10,,,,,0.8432452164390369,,,8.908629312783598,Normal
2024-10-21,24968.95,24739.45,24978.3,24679.6,11.419242132026866,1.1962857869473915,0.026524649750398,-0.0096344855322375,24747.6,-0.4955224000659619,0.4275489539530053,11.717737520654852,,,,,,2024,2024-10,,,,,0.032932486382508674,,,8.907854803040909,Normal
2024-10-22,24805.05,24481.75,24882.0,24445.8,12.3106997685296,1.758512883465265,0.1435948279423311,-0.1868507349590867,24864.9,-1.0416561402941449,0.2651635343550396,11.817838023008813,,,,,,2024,2024-10,,,,,1.5409271704290073,,,8.395030390423823,Normal
2024-10-23,24419.1,24436.0,24604.25,24378.1,11.12788139806924,0.9261193082464196,0.0137153306918626,-0.3328248715876783,24416.55,-0.1868738958612059,0.2559049087585752,11.744804976810952,,,,,,2024,2024-10,,,,,0.07965908369529373,,,8.794681086077214,Normal
2024-10-24,24444.8,24414.6,24480.65,24341.2,5.602160234493868,0.5704689749967303,0.0420774224573223,0.0732623949336108,24361.25,-0.0875757079718542,0.0360124406613149,11.60419882180676,,,,,,2024,2024-10,,,,,0.2189953306993564,,,9.108192418595612,Normal
2024-10-25,24428.3,24211.8,24440.25,24073.9,10.20764565401139,1.4996950258511583,0.1142198638580687,-0.1369172257239506,24363.9,-0.8306505123983121,0.0561139645949504,11.147853141214584,,,,,,2024,2024-10,,,,,0.6242842894610523,,,9.143669254445175,Normal
2024-10-28,24273.55,24365.3,24492.6,24134.9,10.585386470004728,1.4736204634262278,0.1127041835219442,0.1752601868867981,24146.8,0.633988385828399,0.255040930455408,11.669468993678027,,,,,,2024,2024-10,,,,,0.9048818062848962,,,9.340158287815077,Normal
2024-10-29,24352.1,24454.0,24484.5,24140.85,10.349905767702277,1.4111719317841231,0.1120937320442685,0.1136616587227734,24239.3,0.3640423060664144,0.0541754051868847,11.317323948345711,,,,,,2024,2024-10,,,,,0.8857516512440489,,,9.582738883778443,Stressed
2024-10-30,24397.15,24349.25,24498.2,24307.3,8.48978241365567,0.7824684440600703,0.0340748043625604,-0.1178752943013088,24398.35,-0.4283552792999079,0.2324773043264838,11.29671066181882,,,,,,2024,2024-10,,,,,0.20124311685011387,,,9.723832681789146,Stressed
2024-10-31,24356.9,24238.5,24372.45,24172.6,5.511711879384348,0.8205067147297159,0.090926055516678,-0.0746030395107401,24284.25,-0.4548394714416259,0.0314178054765523,9.044725073622924,,,,,,2024,2024-10,,,,,0.18839371197381105,,,9.759605034932914,Stressed
2024-11-04,24316.75,23990.95,24316.75,23816.15,10.999223392556798,2.0586632670895515,0.0307312909039169,-0.0450266765103587,24052.75,-1.021309074406418,0.322833508674214,9.213340034908684,,,,,,2024,2024-11,,,,,0.2569352776709444,,,9.588817848611026,Stressed
2024-11-05,23943.5,24199.05,24229.05,23842.75,12.099642182736684,1.6133815022866302,0.1152919328808608,0.0991312876340282,23946.75,0.8674104193456156,0.1977829139738096,9.579978126950373,,,,,,2024,2024-11,,,,,1.0535876475930905,,,9.281828754566021,Normal
2024-11-06,24312.15,24493.9,24537.6,24204.05,8.765128429744161,1.3719477709704786,0.0849490953894053,-0.0375368943860097,24352.15,1.2184362609276134,0.4673737192162575,10.10032867823748,,,,,,2024,2024-11,,,,,0.5820841280954614,,,9.067037122245566,Normal
2024-11-07,24500.9,24190.6,24503.35,24179.05,7.541125999736351,1.3236248464342095,0.1170546353340471,0.1771855719998351,24355.25,-1.2382674870069832,0.0285785440456542,10.86528146162716,,,,,,2024,2024-11,,,,,0.6760349411317979,,,8.986814201922689,Normal
2024-11-08,24223.9,24110.35,24276.15,24066.65,7.285734080457002,0.8648483522471608,0.0691974640482413,0.0600573823377219,24252.25,-0.331740428100169,0.1376567757724212,10.870160387947625,,,,,,2024,2024-11,,,,,0.5851003515137787,,,8.8036382123491,Normal
2024-11-11,24092.55,24122.1,24336.8,24004.6,10.421950250077002,1.378849478365722,0.0079581207201963,0.2046003672955798,24146.45,0.048734257279559,0.0738272152830621,10.899913759415687,,,,,,2024,2024-11,,,,,0.10084298105933476,,,8.768215035248817,Normal
2024-11-12,24236.05,23842.4,24242.0,23839.15,12.56077694530594,1.6621933029515887,0.1053282672086247,-0.3255976186585027,24149.65,-1.159517620770978,0.4723883907288284,10.961706757039662,,,,,,2024,2024-11,,,,,1.2722751675490085,,,8.96629041283354,Normal
2024-11-13,23829.75,23603.95,23873.6,23509.6,12.080829679433922,1.5275023867224793,0.096089613960146,-0.0071887454029552,23752.2,-1.000109049424558,0.0530567392544423,11.270514472903676,,,,,,2024,2024-11,,,,,0.6241527100647515,,,9.308389490738785,Normal
2024-11-14,23541.35,23559.6,23675.9,23484.15,8.451244057013014,0.814524230768414,0.0446303568379734,0.1585725721365245,23574.45,-0.1878922807411531,0.2652098483516663,11.267176580625865,,,,,,2024,2024-11,,,,,0.06299192558045785,,,9.525759709820345,Stressed
2024-11-18,23606.8,23462.7,23606.8,23350.4,11.144642732035296,1.0861277259094744,0.0352418558736426,-0.0136286852877492,23374.85,-0.4112973055569568,0.2003429599823469,11.088790075820643,,,,,,2024,2024-11,,,,,0.3758312887569337,,,9.58439826656466,Stressed
2024-11-19,23554.9,23468.7,23780.65,23464.8,7.787415971642036,1.340909959286612,0.098998650664018,0.2394822586625339,23706.25,0.0255725044432164,0.3929641516108528,10.821396583677071,,,,,,2024,2024-11,,,,,1.0020564197205317,,,9.81681304573545,Stressed
2024-11-21,23507.3,23346.7,23507.3,23263.15,7.960553658515555,1.0386135370714538,0.004477197987243,-0.4326334967550007,23340.85,-0.5198413205673935,0.1644743850319763,10.82798780995068,,,,,,2024,2024-11,,,,,0.025063354590781906,,,9.73710647193081,Stressed
2024-11-22,23427.3,23873.5,23956.1,23359.0,14.44031377808987,2.548735876520122,0.1773952840513387,-0.1363380246362138,23474.3,2.256421678438492,0.3452308034968432,13.721712678940287,,,,,,2024,2024-11,,,,,1.700583190979077,,,9.564172048255244,Stressed
2024-11-25,24259.9,24250.8,24351.55,24135.45,9.677597291707675,0.8907703659124667,0.0316043000646209,0.1394546520316816,24283.65,1.5804134291159675,1.618531007183699,14.986872894953986,,,,,,2024,2024-11,,,,,0.13527620435973553,,,9.670652748733257,Stressed
2024-11-26,24311.8,24192.95,24336.65,24125.4,8.123238086508769,0.8689196192795269,0.0267040765802943,-0.0697835291235515,24255.3,-0.2385488313787487,0.2515380935886657,15.003627328196826,,,,,,2024,2024-11,,,,,0.25705722048376956,,,9.59813854341518,Stressed
2024-11-27,24241.1,24277.35,24354.55,24145.65,7.812362247608988,0.8617595736167,0.0683881952326912,-0.1825021369892738,24181.75,0.348861961852509,0.1990249225497509,14.762906086777644,,,,,,2024,2024-11,,,,,0.3953394605435756,,,9.724192436015924,Stressed
2024-11-28,24289.1,23957.45,24345.75,23873.35,16.503971537779993,1.9449053279042925,0.143024441842018,0.2422551413808496,24268.9,-1.317689121753396,0.0483990221338048,15.297936395999969,,,,,,2024,2024-11,,,,,1.2833296935584215,,,9.604428265695805,Stressed
2024-11-29,23962.6,24123.65,24188.45,23947.35,11.07841937706661,1.0061512523682832,0.0681308238523867,0.0393642306953815,24011.5,0.6937299253468199,0.021496444738478,15.468662378622794,,,,,,2024,2024-11,,,,,0.46706786331549566,,,9.900357519084567,Stressed
2024-12-02,24154.65,24275.25,24301.7,24008.65,9.504985554865373,1.2132239548078705,0.08454776092985,-0.2350191623899102,24137.6,0.6284289483556638,0.1285046002574175,15.592402778940496,,,,,,2024,2024-12,,,,,0.5702721065888872,,,9.936783199552783,Stressed
2024-12-03,24377.1,24445.85,24481.35,24280.0,6.255990055373023,0.8259801206870323,0.1273654763863699,-0.2172621958473664,24308.45,0.7027734008918429,0.4195631352921225,15.696118123066157,,,,,,2024,2024-12,,,,,0.5652355456641445,,,9.98754335661327,Stressed
2024-12-04,24501.15,24461.55,24573.2,24366.3,12.669677159580392,0.8444501584619556,0.0523343964029912,0.0177098257523228,24551.95,0.0642235798714363,0.226214265407032,15.180480632800949,,,,,,2024,2024-12,,,,,0.36819885996836055,,,10.024757265412703,Stressed
2024-12-05,24512.2,24701.55,24857.75,24295.55,18.557827002826887,2.2935517823777576,0.0266715255001987,0.3588264078080984,24477.65,0.981131612673769,0.2070596507580235,15.261729095904268,,,,,,2024,2024-12,,,,,0.9147119923685443,,,10.108279953763883,Stressed
2024-12-06,24742.9,24669.0,24751.05,24620.5,9.463686327147428,0.5276261068831837,0.0276423849903175,-0.3050761445258113,24711.05,-0.1317731073556038,0.1673984021245633,14.700018923995485,,,,,,2024,2024-12,,,,,0.1701667877326063,,,10.431189194768393,Stressed
2024-12-09,24627.8,24626.6,24705.0,24580.05,7.174177040599222,0.5073534785892395,0.0203956683120971,0.0137695616577416,24658.25,-0.1718756333860316,0.1670112286675573,13.938051427551274,,,,,,2024,2024-12,,,,,0.1283546074843156,,,10.466117089638557,Stressed
2024-12-10,24634.85,24620.5,24677.8,24510.65,7.832845746784494,0.6785103217596122,0.0444155645592816,-0.0688293906745638,24652.3,-0.0247699641850673,0.0335003613978424,13.85633463030642,,,,,,2024,2024-12,,,,,0.1289940492367858,,,10.447769641681699,Stressed
2024-12-11,24641.2,24629.5,24691.75,24583.85,6.416821518025574,0.4378845186111125,0.0231166489056485,-0.333065237098026,24606.05,0.0365549034341272,0.0840762778985038,13.857097037919027,,,,,,2024,2024-12,,,,,0.09530176521628242,,,10.475125224998074,Stressed
2024-12-12,24624.8,24539.5,24675.25,24527.95,5.295747832599669,0.5981774471264711,0.1197604790419196,-0.0606815669544541,24646.65,-0.3654154570738366,0.0190828072027526,13.163221403614124,,,,,,2024,2024-12,,,,,0.4347446813258604,,,10.274868788395503,Stressed
2024-12-13,24505.05,24781.3,24792.3,24180.8,16.342466692223535,2.495404008561501,0.1199454188438125,0.033843335677684,24385.3,0.9853501497585572,0.1403859084333492,12.747630018585507,20250102.0,20.23958333333333,13.27888250350952,2.5025322632897686,-3.063584188714016,2024,2024-12,,,,,1.6239291704428505,0.3250791584044494,4.995488417077874,9.911617332760189,Stressed
2024-12-16,24763.75,24648.25,24781.25,24601.75,8.086133757773165,0.7248498309020242,0.0410485933503819,-0.2703340115544433,24751.35,-0.5368967729699414,0.0708195292418056,12.96380882660166,20250102.0,17.239583333333332,14.168119907379143,2.4655220826338766,6.08198614960598,2024,2024-12,,,,,0.41654293604186376,0.3468485013288479,1.2009362429014458,10.12469918339967,Stressed
2024-12-17,24607.8,24320.3,24624.1,24303.45,11.660150167524757,1.3030421248547122,0.0885119855269119,-0.0811559382991294,24548.5,-1.3305204223423628,0.1641090138245093,13.940095370125045,20250102.0,16.239583333333332,14.967823982238768,2.525612562885716,3.307673814714013,2024,2024-12,,,,,0.9295883658879345,0.3664259866751689,2.5369062230621773,10.106443668437677,Stressed
2024-12-18,24301.1,24214.7,24394.45,24149.85,10.14485117840588,1.006538798655214,0.1029645460025214,0.1769357075320266,24376.0,-0.4342051701664795,0.0789463945757296,14.103673274456389,20250102.0,15.239583333333334,15.173179149627684,2.4753856001660828,5.0283279712218025,2024,2024-12,,,,,0.6617164424023603,0.37145326852446237,1.7814258171180486,10.132219040212151,Stressed
2024-12-19,23886.95,23961.6,24004.9,23870.3,6.46916999748982,0.563487594690834,0.0091751579141505,-0.2942078269503809,23953.65,-1.0452328544231504,1.3535166654965791,14.55578338720693,20250102.0,14.239583333333332,14.68550825119018,2.3211493864191883,8.21633825370036,2024,2024-12,,,,,0.03318909644249857,0.3595146400140808,0.0923163975775748,10.250090800550343,Stressed
2024-12-20,23979.9,23629.9,24065.8,23537.35,14.906227467293215,2.203720616015916,0.1847360167276534,0.0637691770214609,24047.3,-1.3842982104700696,0.0763721955128415,13.187639912950432,20250102.0,13.239583333333334,15.739334583282464,2.3956951761882443,0.8331071159892502,2024,2024-12,,,,,1.73574580098389,0.3853132700607332,4.50476517642463,10.175521617499054,Stressed
2024-12-23,23738.25,23747.2,23869.55,23647.2,10.695108064049782,0.9366739334196856,0.0020125983428727,0.0104926933369269,23747.9,0.4964049784383251,0.4585292362642157,11.911990158829774,20250102.0,10.239583333333334,14.718273639678952,1.9700689581121515,4.023165575629172,2024,2024-12,,,,,0.002947629053517975,0.3603167666171221,0.008180660259560359,10.198817301959224,Stressed
2024-12-24,23783.95,23729.15,23867.65,23685.15,6.410828856162071,0.767324182904858,0.0271250863856236,-0.2133378756518049,23756.3,-0.0760089610564618,0.1547550869155145,11.901279835621644,20250102.0,9.239583333333334,13.250308036804196,1.687341909739798,6.839479180642127,2024,2024-12,,,,,0.11428547374801035,0.3243796293901692,0.35232013170144505,10.249692840576328,Stressed
2024-12-26,23778.55,23760.3,23854.5,23653.6,8.283382641484872,0.8448791032253921,0.0439602609474254,-0.095321124925371,23802.75,0.1312731387344223,0.2081827625515453,11.81865176979639,20250102.0,7.239583333333334,12.82931089401245,1.44500108999272,4.5459282525275775,2024,2024-12,,,,,0.17834073793994154,0.3140732352464415,0.5678316963239617,10.164072379058993,Stressed
2024-12-27,23808.0,23832.45,23938.85,23800.6,5.279468674552317,0.5806871639784946,0.056956211085021,-0.1999210601810686,23870.25,0.3036577820987096,0.2007550409717007,10.983836309111943,20250102.0,6.239583333333333,13.4366135597229,1.4090761768457205,8.157144885170581,2024,2024-12,,,,,0.15835611273447014,0.3289405585632759,0.4814125488997986,10.187623398752788,Stressed
2024-12-30,23810.1,23640.8,23915.35,23599.3,11.064287415946817,1.3273778774553626,0.0305646693144521,0.1114816680699013,23731.1,-0.804155678497176,0.0937796995273299,10.972783677988977,20250102.0,3.239583333333333,14.053441047668455,1.0566303289775865,2.9891536317216385,2024,2024-12,,,,,0.38051333482223004,0.3440410582182037,1.1060114068736944,9.626398255591406,Stressed
2024-12-31,23559.5,23668.8,23689.85,23460.45,9.483407326822482,0.9737048748912236,0.0709771511910559,-0.1172187870450889,23519.3,0.118439308314433,0.3438969916415679,10.66965257501655,20250102.0,2.239583333333333,17.810792922973633,1.1167423941039247,8.327385596151151,2024,2024-12,,,,,0.635648169800973,0.43602446006928336,1.4578268606765086,9.625691657535416,Stressed
2025-01-01,23652.4,23756.85,23822.8,23562.8,8.725244486267256,1.0992541983054571,0.0953692435790695,0.0206200472318781,23595.15,0.3720087203406885,0.0692895288311956,10.390551704513465,20250102.0,1.2395833333333333,22.992296218872067,1.0690756039720255,14.267051732604813,2025,2025-01,-11957.16269430068,-11062.502145767212,101.5999984741211,-29.549994468688965,0.6853103286056594,0.5628723879920862,1.2175234444353216,9.62461274613327,Stressed
2025-01-02,23791.85,24167.95,24226.7,23751.55,9.709954993289672,1.997112456576523,0.2097649716851018,-0.169448145720175,23827.8,1.730448270709295,0.1473259291530748,12.329113499426564,20250109.0,7.239583333333334,17.082334518432614,1.9193966326925969,7.372379525142941,2025,2025-01,-7827.684994029918,-6749.992847442627,174.05000686645508,-10.699989318847656,1.427534224729099,0.418191133731901,3.4135927559963046,9.748075467677982,Stressed
2025-01-03,24196.45,23990.15,24196.45,23976.0,8.854999173407418,0.9110840639845956,0.0374878875968973,0.0864270230092893,24083.3,-0.7356850705169449,0.1179247722707055,11.909876506062696,20250109.0,6.239583333333333,14.927819728851317,1.557303206170906,6.072820555443899,2025,2025-01,11734.821850581666,12487.504005432129,129.3000030517578,-0.2999954223632812,0.3867825422595672,0.3654466460551767,1.0583830675002805,9.600089359363446,Stressed
2025-01-06,24051.0,23629.6,24089.95,23551.9,14.72237246440981,2.237121117625044,0.1086334629208537,0.0865747566231548,23929.95,-1.5029084853575458,0.2536457671169057,12.849622281102382,20250109.0,3.239583333333333,18.421905517578125,1.3850843689528902,3.699533053168315,2025,2025-01,-33118.85966849591,-31162.51301765442,135.04999542236328,-55.89999961853027,1.2551217198531583,0.4509850539213551,2.7830672190569588,9.114947967892473,Normal
2025-01-07,23694.95,23694.6,23795.2,23637.8,10.228106571736442,0.6642765652596923,0.0151263548805891,-0.1233624339456828,23752.3,0.2750787148322553,0.2765599079121106,12.965504439635438,20250109.0,2.239583333333333,20.45678853988647,1.278823524458684,10.22868196815003,2025,2025-01,17617.67445295253,18375.00143051148,118.89999961853027,-6.69999885559082,0.2429238431646663,0.5008008467916264,0.4850707516190408,9.37788227475559,Stressed
2025-01-08,23739.75,23675.2,23751.85,23496.15,11.749367896481406,1.0770964310913007,0.0234446687465585,-0.1892009844891131,23640.9,-0.0818751951921492,0.1905497455116478,12.957461004950874,20250109.0,1.2395833333333333,16.307394981384274,0.7584313432329703,4.558027084902868,2025,2025-01,6646.696036078049,7537.497282028198,60.19999885559082,-8.900004386901855,0.14508753896846915,0.39921990686462294,0.36342761589208256,9.53057875131245,Stressed
2025-01-09,23689.5,23554.55,23689.5,23503.05,7.867234268833818,0.7870575571455738,0.0714634543382749,-0.0611804598486426,23611.9,-0.5096049874974695,0.0604007569101838,12.97448489210088,20250116.0,7.239583333333334,13.585200786590573,1.5318546874594683,5.7179665177567545,2025,2025-01,-2583.159855166151,-1762.4974250793457,140.89999771118164,-5.350000381469727,0.24288600239710245,0.3325781094375327,0.7303126558987284,9.726404858797299,Stressed
2025-01-10,23572.75,23437.35,23596.6,23344.35,12.605587757576126,1.0700915251720735,0.0176446970817573,-0.0844268940864257,23446.0,-0.4975684103495914,0.0772674493887626,13.00261874069234,20250116.0,6.239583333333333,15.72561883926391,1.6414314002538413,3.1200310816877845,2025,2025-01,16409.411231877057,17624.995708465576,162.14999389648438,-6.450004577636719,0.036893286701367156,0.38497749613387877,0.09583232025733068,9.798925496337711,Stressed
2025-01-13,23213.65,23088.7,23340.95,23047.25,11.821100452322067,1.265203877890813,0.0803916885598284,-0.1436898402799549,23236.45,-1.4875828538635891,0.9544594418737452,12.908893710788574,20250116.0,3.239583333333333,18.28093814849853,1.3741341859524918,6.459837696176463,2025,2025-01,7416.845415701054,8287.498712539673,125.60000038146973,-7.699995040893555,0.6358544442029657,0.44753404411757286,1.42079569713342,10.164417492586534,Stressed
2025-01-14,23172.3,23206.85,23264.95,23134.15,6.934568438536064,0.5644670576507264,0.0052988905447904,-0.1901944304250253,23176.35,0.5117221844451958,0.3620818842117401,13.239891630175002,20250116.0,2.239583333333333,15.532455444335932,0.9723273875054574,8.597887005799869,2025,2025-01,12801.895697118774,13424.99828338623,77.64999771118164,-1.7499980926513672,0.13159966949065627,0.38024867999734485,0.3460884321585947,9.938349180591459,Stressed
2025-01-15,23245.5,23228.1,23293.65,23146.45,8.677561404476956,0.6332408423135691,0.0119534249969028,-0.062031776742411,23204.2,0.0915677914064216,0.1665456535462572,12.720413672796797,20250116.0,1.2395833333333333,14.978491783142086,0.6970720817782988,6.3009303786651305,2025,2025-01,22177.9686091314,22837.502002716068,65.70000171661377,-0.9999980926513672,0.10299859508191567,0.36668714417383347,0.28088957226459965,9.880770914629604,Stressed
2025-01-16,23391.65,23350.65,23391.65,23272.05,4.467612732184669,0.51129355988142,0.0094838097818727,-0.2666002158209463,23319.4,0.5275937334521696,0.7041040808331456,12.96779025539647,20250123.0,7.239583333333334,12.841121673583984,1.4513667255891285,8.373508941399313,2025,2025-01,-13217.287255226154,-11887.49885559082,142.600004196167,-17.649995803833008,0.13400859370309437,0.31436237390567734,0.426287001329564,9.731641476477215,Stressed
2025-01-17,23282.3,23203.1,23292.1,23100.35,9.938496125731138,0.8235870167466273,0.0106588849639084,0.1105785947825034,23199.05,-0.6318881915492791,0.2927113378000223,12.681137382264671,20250123.0,6.239583333333333,14.20240926742554,1.4832504180279606,4.263913141694401,2025,2025-01,-1036.698804343851,-187.5,125.10000038146973,-29.79999351501465,0.01745761141080937,0.3476879361459844,0.050210575622271256,9.447779554166154,Stressed
2025-01-20,23306.2,23337.05,23391.1,23170.65,7.606329690742236,0.9458856441633432,0.0899841017488107,-0.0822891377710901,23221.05,0.5772935512927235,0.4443371790838313,12.061006555095773,20250123.0,3.239583333333333,19.714233398437493,1.4855056606270227,12.107903707695256,2025,2025-01,6122.260763857263,7237.504005432129,128.70000076293945,-1.2500038146972656,0.49954674745542604,0.4826224194738658,1.0350674301455172,9.62124586057822,Stressed
2025-01-21,23425.35,23053.05,23426.3,22976.85,21.806330167325044,1.9186479604360267,0.0956921970514196,0.2133406806236776,23346.3,-1.2169490145498283,0.3783683027632101,12.5374174391752,20250123.0,2.239583333333333,19.792717933654774,1.2370268652923926,-2.013612233670265,2025,2025-01,-28314.192868594226,-27112.50078678131,105.4499969482422,-48.00000190734863,1.2560876884131544,0.4845437924997552,2.5923099374217844,9.25625097175067,Normal
2025-01-22,23115.45,23161.75,23169.55,22981.3,10.351130688900254,0.8143903752684892,0.0480874917564306,-0.3005430502670037,23065.3,0.4715211219339821,0.2706800184791191,12.726741058731315,20250123.0,1.2395833333333333,19.87196445465088,0.9262832112562112,9.520833765750623,2025,2025-01,19509.436700735736,20287.49763965607,67.5999984741211,-0.3500003814697265,0.41816061356236833,0.48648381963269244,0.8595570842995152,9.811812076914434,Stressed
2025-01-23,23138.8,23216.3,23270.8,23090.65,5.587240885975182,0.778562414645521,0.021832299702518,-0.0980592043231276,23192.75,0.2355176098524536,0.0990857771973274,12.759146781661403,20250130.0,7.239583333333334,15.067263126373287,1.6940638514039277,9.480022240398108,2025,2025-01,1725.781988902902,2850.00228881836,158.75,-3.350006103515625,0.10154035204967826,0.36886034764486386,0.27528128924131634,10.008827168551344,Stressed
2025-01-24,23177.8,23090.35,23347.3,23050.0,11.168670833813977,1.282692921675048,0.0797081463280084,0.0648670554189275,23241.3,-0.5425067732584443,0.1658317647514895,12.746476093304755,20250130.0,6.239583333333333,15.982789039611813,1.6677207851743516,4.814118205797834,2025,2025-01,6416.008484806515,7387.503862380981,165.10000228881836,-9.599994659423828,0.6494903469255187,0.39127325726240025,1.6599405527220836,9.874020080775859,Stressed
2025-01-27,22946.3,22816.85,23007.45,22786.9,10.487909161409007,0.9611571364446524,0.0859924885241317,-0.0649554627281622,22974.75,-1.18447749817564,0.6238536877959833,13.070747567186377,20250130.0,3.239583333333333,20.57946825027465,1.5512682135670002,10.091559088865647,2025,2025-01,11304.779917425689,12375.001430511476,139.75,-3.650001525878906,0.6872762489254614,0.5038041580262691,1.3641734352054034,10.168480188738942,Stressed
2025-01-28,22969.95,22978.6,23137.95,22857.65,12.237363406084174,1.2202899875707145,0.0447745769280444,0.032543223035453,22881.15,0.7089059182139534,0.6709953389709922,13.409615125735913,20250130.0,2.239583333333333,22.561393260955807,1.4107681991200998,10.324029854871632,2025,2025-01,7262.749375260624,8212.50343322754,131.35000038146973,-17.650002479553223,0.4258964256604214,0.5523234904567413,0.7710996056101621,10.13966127601205,Stressed
2025-01-29,23032.65,23176.2,23183.35,22976.5,11.763233947628589,0.8980729529602478,0.0463438143121374,-0.2693385385581465,23044.55,0.8599305440714522,0.235218855804975,13.76597574308429,20250130.0,1.2395833333333333,28.60432147979736,1.3300324805648192,16.84108753216877,2025,2025-01,-4446.70908008459,-3487.492561340332,122.20000267028809,-16.94999122619629,0.5712847506243346,0.7002598863967103,0.8158181865363784,10.277359079975136,Stressed
2025-01-30,23175.7,23297.95,23322.05,23139.2,8.811860541394337,0.7889729328563907,0.0009671179883946,-0.0010321405452725,23205.5,0.5253233921005185,0.0021573855938372,12.191997486312433,20250206.0,7.239583333333334,27.34247303009033,3.0723320428649727,18.530612488695997,2025,2025-01,26201.26487583138,28050.00686645508,277.8500099182129,0.0,0.3983969317618685,0.6693686851260983,0.5951831040420078,10.429258553043201,Stressed
2025-01-31,23295.2,23533.85,23546.8,23277.4,8.312356045859987,1.1564614169442538,0.09206766299885,0.0766903429573853,23359.25,1.0125354376672613,0.0118036136226629,12.70432587534106,20250206.0,6.239583333333333,26.24673748016357,2.7385297567645845,17.93438143430359,2025,2025-01,33242.644661611084,35324.994564056404,256.24999237060547,0.0,0.7474555047786158,0.642544079191835,1.1632750638971476,10.384353830448436,Stressed
2025-02-01,23528.25,23495.3,23632.45,23318.3,20.2724127515949,1.3352034256691487,0.015286563914875,-0.0485907300650262,23560.4,-0.1638066019796991,0.0237955115716226,11.571917176838571,20250206.0,5.239583333333333,21.47632551193237,2.05450666284515,1.2039127603374666,2025,2025-02,63869.35316585728,65399.99771118164,191.3499984741211,0.0,0.2763110982835659,0.5257600420211426,0.5255460213776659,10.357221674071065,Stressed
2025-02-03,23322.1,23359.7,23381.6,23222.0,8.210501706280104,0.6843294557522631,0.0724405052690344,0.0519490385479391,23250.65,-0.5771367039365205,0.73716871033781,11.672826682030122,20250206.0,3.239583333333333,15.454351902008051,1.1623330632502982,7.243850195727949,2025,2025-02,3398.7033838300395,4312.501430511475,105.29999923706056,-1.850006103515625,0.4690191457012993,0.3783366340249791,1.239687367071974,10.634723688430318,Stressed
2025-02-04,23509.95,23708.65,23762.75,23423.15,10.870999771992768,1.4444947777430346,0.0957245352465824,-0.2569321987247534,23559.45,1.493811992448535,0.6432017534471868,12.92215524272331,20250206.0,2.239583333333333,18.312179565429688,1.145824698574212,7.44117979343692,2025,2025-02,15447.173690519705,16200.000286102297,109.10000228881836,-31.450000762939453,0.6332915242079018,0.4482988625065193,1.4126547648750554,10.533843445157503,Stressed
2025-02-05,23803.5,23686.75,23807.3,23680.45,6.245835467957125,0.5329048249206989,0.0597778934582662,-0.1520056790763697,23790.3,-0.0923713496972733,0.400064955195667,12.78367751233917,20250206.0,1.2395833333333333,15.354150772094725,0.7141566164608218,9.1083153041376,2025,2025-02,-3543.8132364991407,-2662.49942779541,65.89999961853027,-6.100002288818359,0.43526143007863727,0.37588361894823674,1.157968605539518,10.48992503893307,Stressed
2025-02-06,23770.5,23628.05,23773.55,23556.25,5.397109133277498,0.9141583054626504,0.0915874832097885,-0.1506878011468524,23672.55,-0.2478178728614111,0.3535732002068581,12.676991711055056,20250213.0,7.239583333333334,15.406727790832514,1.7385114956004224,10.009618657555016,2025,2025-02,4954.483753102185,6037.493705749512,153.29999923706055,-2.1499977111816406,0.18798143841707304,0.37717075233451214,0.49839876833915425,10.408855098889235,Stressed
2025-02-07,23656.95,23563.15,23694.5,23443.2,12.083828394617807,1.0622671138925317,0.0315301391035536,0.0370162214485103,23582.35,-0.2746735342103901,0.1223122517516328,11.400859800615663,20250213.0,6.239583333333333,15.30081176757812,1.5961089284845846,3.2169833729603123,2025,2025-02,17916.01073804683,19387.49885559082,154.20000076293945,-0.3500003814697265,0.08141682232685188,0.37457783145491363,0.2173562220984017,10.048431167674305,Stressed
2025-02-10,23568.6,23376.05,23568.6,23316.3,8.224425224138956,1.0704920954150832,0.0129861206541162,-0.0564179606632274,23412.2,-0.7940364509838593,0.0231293354241657,11.71953534580499,20250213.0,3.239583333333333,17.090335369110104,1.2869358840764975,8.865910144971147,2025,2025-02,5810.057978661965,7499.998569488525,114.29999732971191,-6.100006103515625,0.15440667686078546,0.4183870018558994,0.36905227976935606,10.06156756478909,Stressed
2025-02-11,23390.05,23068.55,23390.05,22986.65,10.760693735719144,1.7246649750641738,0.1581190344143139,0.1148515315478696,23337.1,-1.3154489317057427,0.0598903578662879,12.662013653171028,20250213.0,2.239583333333333,17.861083984374996,1.1164626412525889,7.100390248655852,2025,2025-02,-19124.11435946643,-18374.99642372131,87.6500015258789,-47.94999980926514,1.1507428086608873,0.43725563113441634,2.631739254393132,10.126060404069236,Stressed
2025-02-12,23069.8,23057.8,23144.7,22798.35,15.96584896040488,1.5013134054044777,0.0426085010415412,-0.2760128309488692,22885.65,-0.0466002414542754,0.0054186327272498,12.48863893165926,20250213.0,1.2395833333333333,17.99252653121948,0.837424331517256,2.0266775708145985,2025,2025-02,-5714.555886913519,-4762.496709823608,73.60000228881836,-53.84999179840088,0.7522180929971256,0.4404734646001051,1.7077489416531497,10.230217020631345,Stressed
2025-02-13,23063.6,23019.4,23235.5,22992.2,10.012878512298457,1.0549090341490457,0.04889941095234,0.0553311562560036,23124.95,-0.1665380044930442,0.0251541777619657,12.31409815115207,20250220.0,7.239583333333334,15.17013120651245,1.7130848246386412,5.1572526942139945,2025,2025-02,8582.059455732708,9449.99885559082,148.79999923706055,-0.0999946594238281,0.45643341931549397,0.37137865209627247,1.229024384517322,10.805128832042355,Stressed
2025-02-14,23097.7,22897.25,23133.7,22774.85,13.390444457322534,1.5536178926906237,0.040825464018237,0.1040937649262939,23047.65,-0.5306393737456339,0.3401478752704134,12.20875261392997,20250220.0,6.239583333333333,14.627597332000729,1.5272706761860753,1.237152874678193,2025,2025-02,2064.614948804464,4162.49942779541,131.5,-22.499999046325684,0.6525611070976933,0.3580969278784731,1.8223030031666516,10.808847951370721,Stressed
2025-02-17,22835.5,22963.5,22974.2,22725.45,13.299735992822626,1.089312692956143,0.0708885859462152,-0.1238278564836853,22784.8,0.2893360556398772,0.2696830405398032,11.519719356382542,20250220.0,3.239583333333333,19.938257217407223,1.4988062216916542,6.638521224584597,2025,2025-02,-1173.207203039416,262.49885559082026,126.8000030517578,-10.90000343322754,0.7842947930199129,0.48810672694582236,1.6068100473177171,11.098053689699736,Stressed
2025-02-18,22977.6,22923.15,22992.5,22801.5,9.749992751351192,0.8312443423159948,0.0131802843711237,-0.1292118712330282,22928.75,-0.1757136325037489,0.0614017897968555,11.38400844943935,20250220.0,2.239583333333333,20.147422313690186,1.2602082405200552,10.397429562338989,2025,2025-02,15297.505857941023,16012.494564056396,105.74999237060548,-12.100004196166992,0.024423485798386046,0.4932272793303532,0.049517710844269244,10.672723980974615,Stressed
2025-02-19,22847.55,22913.8,23049.95,22814.85,9.70712935406885,1.0289943560688222,0.0044042084658678,0.0237519988905169,22921.6,-0.0407884605737041,0.3297976063499241,11.334456760671191,20250220.0,1.2395833333333333,18.948056697845452,0.8854094154755198,9.240927343776605,2025,2025-02,12310.788199779128,13650.001287460327,80.1500015258789,-11.849998474121094,0.03402903811251523,0.46386571483763367,0.07335967506118958,10.642667084097162,Stressed
2025-02-20,22836.2,22906.25,22923.85,22812.75,6.7144168811098055,0.4865082631961471,0.0582254648152508,-0.2280458497401825,22849.9,-0.032949576237895,0.3386605451736413,11.192049735206048,20250227.0,7.239583333333334,14.193265438079832,1.597162404242606,7.478848556970027,2025,2025-02,5462.659277850329,6525.002002716064,141.25,-0.5499992370605469,0.2466093943518377,0.3474640868614146,0.7097406715595255,10.848661507501847,Stressed
2025-02-21,22857.55,22764.35,22921.0,22720.3,8.82743860490136,0.8780468597903132,0.0288852064853626,-0.2531803406874095,22833.15,-0.6194815825375288,0.2126057298772243,10.587561957943938,20250227.0,6.239583333333333,13.435851573944092,1.401690099928209,4.608412969042732,2025,2025-02,8791.930953690498,10275.000572204588,123.4000015258789,-7.999996185302734,0.3013162879410114,0.3289219044562285,0.9160724289224382,10.625948809866637,Stressed
2025-02-24,22613.25,22549.75,22668.05,22518.8,7.411598989593093,0.6600112765745746,0.0046232460053539,-0.1262491191293342,22581.2,-0.9427020758334792,0.6637571465910486,10.723654150088189,20250227.0,3.239583333333333,14.856574058532711,1.117079694613218,7.444975068939618,2025,2025-02,18884.267608894,20437.495708465576,98.19999504089355,0.0,0.13927514923919304,0.3637024870462381,0.3829370273772331,10.542925282041256,Stressed
2025-02-25,22533.45,22526.3,22625.3,22513.9,4.868866826508797,0.4943761385850715,0.0455568396082976,-0.0450717585469538,22606.2,-0.1039922837282047,0.0722846151287703,10.1175141825725,20250227.0,2.239583333333333,11.416208267211914,0.7152904820281258,6.547341440703117,2025,2025-02,17601.009720341444,18637.49957084656,61.95000076293945,-0.299997329711914,0.3534428608081064,0.2794791937269065,1.2646482054527235,10.3016370612167,Stressed
2025-02-27,22585.35,22510.85,22613.3,22508.4,3.6158361517606665,0.4644603692216318,0.0071378147305657,-0.1625117591316533,22553.85,-0.0685864966727844,0.2621380342088919,9.81447432855758,20250306.0,7.239583333333334,11.667282581329344,1.3152965082497174,8.051446429568678,2025,2025-02,486.3909418963545,1387.5017166137698,104.15000534057616,-0.2499980926513672,0.1906548105977457,0.2856257219990482,0.6674987436824091,9.95691870516071,Stressed
2025-02-28,22426.75,22127.4,22450.35,22104.85,9.653725043593,1.5405709699354566,0.0825568797399813,-0.1171668621426727,22273.45,-1.703400804500932,0.3735976207029035,10.201947304670307,20250306.0,6.239583333333333,12.40450382232666,1.3042433929184745,2.7507787787336597,2025,2025-02,-8227.375599720415,-6899.997711181641,100.74999809265135,-15.900005340576172,0.6557134166462752,0.30367357056747646,2.1592706122595393,9.697117485679026,Stressed
2025-03-03,22207.3,22142.5,22261.55,22004.7,11.499649378732212,1.1566016580133496,0.000267516233371,-0.1861995807182459,22103.55,0.0682411851369746,0.361090774334083,10.277716408144428,20250306.0,3.239583333333333,16.659432411193844,1.2531923605031772,5.1597830324616325,2025,2025-03,9486.794503818855,10987.50114440918,109.5500030517578,-0.4499988555908203,0.17621603769530925,0.40783810432055456,0.43207350129502886,9.764185935565678,Stressed
2025-03-04,21986.85,22079.45,22105.05,21964.6,6.766731590221924,0.638790913659759,0.0539148351648335,-0.1472293906751258,22023.0,-0.2847465281698103,0.7029468217229384,10.223170404382929,20250306.0,2.239583333333333,15.053166389465328,0.9471915655184177,8.286434799243406,2025,2025-03,2345.807870976565,4125.000715255737,77.79999732971191,-2.2500038146972656,0.2563229351132845,0.3685152466644856,0.6955558485932972,9.325547766922544,Normal
2025-03-05,22086.15,22346.65,22394.9,22067.8,7.812823355402059,1.4810186474329032,0.0858191099058894,-0.0768072606494915,22234.1,1.2101750722957272,0.0303449587738757,9.601307258260157,20250306.0,1.2395833333333333,16.795065879821774,0.7821319573352594,8.982242524419714,2025,2025-03,-10688.23699770992,-8549.998641014101,71.45000076293945,-27.39999389648437,0.5062044337301952,0.41115853537500435,1.231166059263497,9.253359261119634,Normal
2025-03-06,22487.15,22527.75,22556.45,22245.85,11.037858744885806,1.3812332821189086,0.1275587098895662,-0.292644452909401,22316.15,0.8104122989351703,0.6287295858663278,10.35732300121867,20250313.0,7.239583333333334,13.962383747100828,1.5755406111874837,2.92452500221502,2025,2025-03,-12352.132440790989,-11512.50171661377,150.69999885559082,-17.599998474121094,0.9481922284981792,0.3418118924260309,2.7740176673442423,9.1004504402901,Normal
2025-03-07,22519.4,22536.95,22633.8,22464.75,8.970267490313837,0.750686075117451,0.0596523270604347,-0.0290162567407492,22488.35,0.0408385213791939,0.0370653971213164,10.408131811226784,20250313.0,6.239583333333333,12.94551372528076,1.350921713028114,3.975246234966922,2025,2025-03,-1174.3027873980227,749.9985694885254,116.59999656677246,-14.85000991821289,0.2161118979382648,0.3169179865711808,0.6819174268915322,9.340051604136534,Normal
2025-03-10,22542.1,22441.1,22676.75,22429.05,7.174425514833416,1.0988328505330058,0.1562099871959057,0.1057588162680973,22651.8,-0.4253015603264964,0.0228513618746095,10.429637743714586,20250313.0,3.239583333333333,14.903055191040036,1.1211029452327947,7.728629676206621,2025,2025-03,-20956.935920592183,-19724.99549388885,94.9000015258789,-32.949992179870605,0.9301689048993977,0.36484038757613385,2.5495228504692142,9.51870952198835,Stressed
2025-03-11,22350.45,22520.5,22522.1,22314.7,7.903736589952443,0.927945522349652,0.096232492490319,-0.3018898453480369,22367.15,0.3538150981903909,0.403946330616578,10.419106794834748,20250313.0,2.239583333333333,16.290631294250485,1.0218110177280422,8.386894704298042,2025,2025-03,-9318.743548790992,-8249.999284744263,83.80000114440918,-22.75,0.6856036643023256,0.3988095165095786,1.719125637479262,9.273239377999131,Normal
2025-03-12,22553.7,22468.5,22577.4,22329.55,8.831656668032338,1.098932769346059,0.0082429776171455,-0.1215942615109915,22465.5,-0.230900734885997,0.1474212384272144,9.53066608218108,20250313.0,1.2395833333333333,16.638477802276608,0.7767465669582249,7.80682113424427,2025,2025-03,18711.014622524643,19425.001144409176,81.70000076293945,-8.15000057220459,0.013353809174065923,0.40732511637674906,0.03278415358436803,9.257204946289805,Normal
2025-03-13,22556.0,22382.9,22558.05,22377.35,7.287740671819211,0.8011172193651389,0.0824878010998388,-0.0134360453633409,22489.9,-0.3809778133831765,0.3894340966241527,9.56571237298545,20250320.0,7.239583333333334,11.19866132736206,1.2596765794946077,3.910920655542849,2025,2025-03,701.8327239717796,1837.5062942504885,101.20000648498537,-4.749992370605469,0.47576912302855767,0.27415344616485354,1.735411791039347,9.160753092905464,Normal
2025-03-17,22386.8,22515.25,22577.0,22384.15,7.241490729043432,0.861445137313053,0.0366314794391042,-0.1871588020782008,22556.4,0.5912996081830268,0.0174240156547877,9.916670913383,20250320.0,3.239583333333333,14.15783309936523,1.0659945938963518,6.916342370321799,2025,2025-03,-160.44612737090523,524.9948501586914,80.99999618530273,-9.700002670288086,0.1824315936940324,0.34659667088370716,0.5263512578724199,8.726847678476181,Normal
2025-03-18,22670.15,22848.75,22857.8,22599.2,6.948856559540271,1.1407070531072732,0.1189901774943968,0.1591137581742349,22671.15,1.4812182853843447,0.6879781481440528,11.261774004256695,20250320.0,2.239583333333333,15.950785636901852,1.0019341493328937,9.00192907736158,2025,2025-03,566.7805756466989,1274.9998569488523,91.64999771118164,-7.5,0.783374464903619,0.3904897847664065,2.0061330551124112,8.58827828931343,Normal
2025-03-19,22888.3,22911.8,22940.7,22807.95,6.366863331427034,0.5799906502448849,0.0592318788315917,-0.1347879786655564,22857.0,0.275945073581707,0.1730948082498962,11.257180849874638,20250320.0,1.2395833333333333,16.506654262542718,0.7684735596354679,10.139790931115684,2025,2025-03,187.5818628786632,1687.5035762786863,77.5,-4.750004768371582,0.23975149844686072,0.4040979558575365,0.593300448496662,8.266198894424317,Normal
2025-03-20,23038.75,23165.7,23216.7,22973.95,6.92182261255984,1.053659595247138,0.1450754601762195,-0.072357970075803,23037.95,1.1081626061680172,0.5540813030840086,11.908459394187307,20250327.0,7.239583333333334,11.7872953414917,1.325421776258372,4.865472728931859,2025,2025-03,-5246.716288900892,-4124.992132186891,118.55000495910645,-15.89999771118164,0.5545198248976035,0.2885637438590249,1.9216545276336205,7.919555261354537,Normal
2025-03-21,23180.9,23355.65,23402.7,23132.8,7.441094102165822,1.164320626032645,0.0561058572870362,-0.1360126490948284,23269.35,0.8199622718070287,0.0656142486521016,12.20460480641487,20250327.0,6.239583333333333,10.912916660308838,1.1478618804312155,3.471822558143016,2025,2025-03,-8404.973430871756,-7274.999141693115,103.75000381469728,-27.29999351501465,0.3708741327110632,0.2671581560220519,1.3882193912150311,7.778146754414969,Normal
2025-03-24,23515.45,23674.6,23708.75,23433.5,6.748932616579846,1.1705070496205685,0.1346279373368155,-0.022195645740804,23483.2,1.365622451098547,0.6842027517966809,12.989491539242644,20250327.0,3.239583333333333,14.962490081787102,1.1248466729256843,8.213557465207256,2025,2025-03,-21385.283284837176,-20287.50228881836,109.89999961853027,-38.150001525878906,0.8150507596920153,0.3662954079258365,2.2251186939723744,7.664844991819818,Normal
2025-03-25,23752.85,23605.95,23869.6,23601.4,12.6839011273745,1.1291276625752156,0.0419828457189522,-0.1074052771236251,23781.55,-0.2899732202444771,0.3305230077804921,12.775343488109057,20250327.0,2.239583333333333,17.7989821434021,1.1130477069334934,5.115081016027599,2025,2025-03,17240.304089788486,18300.003290176388,106.35000610351562,-11.79999542236328,0.7383875315107646,0.43573532141004756,1.6945780964493053,7.666570778593321,Normal
2025-03-26,23701.0,23464.3,23736.5,23451.7,9.635434992866204,1.2016370617273502,0.0804859108054135,-0.1461794778075301,23622.0,-0.6000605779475143,0.4026527210300834,12.427437406039807,20250327.0,1.2395833333333333,17.57343435287475,0.8219032846350197,7.937999360008545,2025,2025-03,-10119.529517097282,-9112.497568130491,69.39999961853027,-14.30000066757202,0.6675980018626682,0.4302137057239959,1.55178227234575,7.859393904716977,Normal
2025-03-27,23441.5,23601.05,23646.45,23412.2,6.26145045953464,0.9992961201288314,0.0275390444506042,-0.0414161895693524,23550.15,0.5828002540028798,0.0971688906125423,12.442342040514724,20250403.0,7.239583333333334,12.931035995483398,1.4558293943075336,6.669585535948759,2025,2025-03,3946.742278691006,4724.99942779541,136.70000076293945,-5.249990463256836,0.21613450445112647,0.3165635585372789,0.6827523213657399,7.970585704880634,Normal
2025-03-28,23607.6,23495.15,23649.2,23450.2,9.210403145664262,0.8429488808688728,0.02533234438295,-0.0365694503196277,23520.2,-0.4487088498181135,0.0277530025147187,12.63748389331452,20250403.0,6.239583333333333,12.369452476501465,1.298670916693915,3.1590493308372007,2025,2025-03,20922.92072506732,22200.00028610229,115.14999961853027,-10.40000343322754,0.106504196392887,0.30281548164329275,0.3517131812908616,8.040214886531926,Normal
2025-04-01,23365.2,23179.7,23565.15,23136.4,13.15438396144738,1.8349939225857252,0.1616683128311017,0.0987993430619578,23530.85,-1.342617518934763,0.5530928723587625,11.956807188543928,20250403.0,2.239583333333333,14.242794513702393,0.8909580466743825,1.088410552255013,2025,2025-04,-68138.56730379982,-67237.48862743378,86.05000305175781,-100.55000495910645,1.4922962833896714,0.3486766038195003,4.27988648232386,8.319943236227106,Normal
2025-04-02,23216.3,23330.8,23350.0,23158.45,8.387494655997472,0.8250668711207181,0.0768310116692726,-0.1572413951822295,23196.65,0.651863483996773,0.1578967803724795,12.027938550537211,20250403.0,1.2395833333333333,17.91708993911743,0.8330944338945493,9.52959528311996,2025,2025-04,8353.75236629035,10162.50228881836,68.75,-6.650001525878906,0.5783162654952267,0.43862670800240555,1.3184702503160275,8.494976182119824,Normal
2025-04-03,23162.5,23241.6,23306.5,23145.8,5.669829915195444,0.6937938478143583,0.0181560714105109,-0.257964946464236,23226.3,-0.3823272240986219,0.7213640338093796,12.091849812536498,20250409.0,6.239583333333333,13.750170707702637,1.4343653924872817,8.080340792507194,2025,2025-04,2725.7635571193764,3637.49885559082,136.0999984741211,-0.850006103515625,0.06587360018599497,0.33661672361331024,0.1956931892120355,8.339368445983087,Normal
2025-04-04,23213.1,22914.05,23214.7,22857.45,10.155236343246695,1.539001684393726,0.0961398984607934,-0.2303946711957084,23054.35,-1.4093263802836264,0.1226249483684438,12.908034269188196,20250409.0,5.239583333333333,13.66482830047607,1.308646728050204,3.5095919572293752,2025,2025-04,4397.920838290552,6224.9990701675415,114.74999809265135,-0.7000036239624023,0.608561941672614,0.33452746362399344,1.8191688511309596,8.284523362231763,Normal
2025-04-07,21808.95,22238.0,22254.0,21743.65,19.34077278227189,2.340094319075418,0.0143134724632522,-0.1370245092144014,22003.75,-2.950373242617521,4.822805222123538,16.63751283210537,20250409.0,2.239583333333333,41.46587944030761,2.59114920818717,22.12510665803572,2025,2025-04,-43471.98938495701,-38925.00114440918,217.75,-67.84999465942383,1.0645912628529208,1.0151225592509736,1.0487317547532866,8.401644011623995,Normal
2025-04-08,22475.7,22547.2,22697.2,22270.85,21.77902370438601,1.8969375814768936,0.0128557838171394,0.1267523603780891,22519.15,1.3904128069071042,1.0688910873279944,17.416835980608333,20250409.0,1.2395833333333333,29.162857055664052,1.3579553537844802,7.383833351278049,2025,2025-04,-26817.07303443477,-23962.494850158688,112.20000076293944,-55.09999465942383,0.12456065171198016,0.7139333468625064,0.1744709814429901,8.8167897134933,Normal
2025-04-09,22461.2,22421.2,22468.7,22353.25,9.119509841164218,0.5139974711947747,0.0429372455641757,-0.3158512037473494,22452.85,-0.5588277036616573,0.3814220834515991,17.467273798188756,20250417.0,8.239583333333334,22.94733905792236,2.7515437362872364,13.827829216758142,2025,2025-04,11291.18822909391,13162.490844726562,237.39998626708984,-3.10000991821289,0.14096206049565296,0.5617717956762854,0.2509240613013629,9.457227524196906,Stressed
2025-04-11,22735.2,22845.25,22923.9,22709.95,10.850320453303496,0.9410517611457156,0.0058537865861649,-0.1976571087180304,22843.1,1.8912903858847807,1.400460278664828,18.68862427390527,20250417.0,6.239583333333333,20.55584669113159,2.144411182565968,9.705526237828092,2025,2025-04,-986.6906285473248,1612.492561340332,195.4499931335449,-4.299995422363281,0.009412032517475133,0.5032258807077976,0.018703395191513032,9.554481740513447,Stressed
2025-04-15,23343.85,23344.1,23357.1,23207.0,4.390088932130222,0.6429959068448373,0.0119805316360884,-0.1603501651156603,23303.0,2.183604906928127,2.182510587540065,20.07291246409636,20250417.0,2.239583333333333,18.056914329528805,1.1290391402168245,13.666825397398584,2025,2025-04,32429.76257928432,33712.499141693115,107.79999923706056,0.0,0.17637214092605102,0.4420497366456164,0.3989870964846779,9.701810933681,Stressed
2025-04-16,23353.65,23433.3,23452.2,23273.05,7.409330719662194,0.7671177738811769,0.0569260748787286,0.125939366240315,23360.85,0.3821093980920231,0.0409096945266806,19.96296559406996,20250417.0,1.2395833333333333,13.730740070343018,0.6406016969668438,6.321409350680824,2025,2025-04,-5044.205843771773,-3974.99942779541,57.09999847412109,-20.050004959106445,0.3101342630940307,0.3361410438835998,0.9226313440063725,9.479732546885895,Stressed
2025-04-17,23406.6,23837.75,23872.35,23298.55,11.130099248035563,2.451445318841692,0.223825153296181,0.0578698818446078,23416.25,1.7259626258358862,0.1139404181229264,20.625293445555904,20250424.0,7.239583333333334,14.985349655151367,1.689638644767089,3.855250407115802,2025,2025-04,-38267.61229914123,-36674.99542236328,148.35000228881836,-52.95001411437988,1.8000320290396665,0.3668550311372608,4.906657606574229,9.485812049278044,Stressed
2025-04-21,23917.5,24120.6,24189.55,23903.65,7.506817639381891,1.1953590467231017,0.0843967828418205,-0.2098839318143696,24017.15,1.1865633291732625,0.3345533869597572,20.42586541275869,20250424.0,3.239583333333333,17.84470129013061,1.3444559154457725,10.33788365074872,2025,2025-04,16507.798430649407,18749.995708465576,111.29999923706056,-4.849998474121094,0.4307338714210296,0.4368545678328957,0.9859891669618357,9.680242475227649,Stressed
2025-04-22,24201.65,24134.05,24242.6,24072.0,6.235692080453889,0.7049106155985172,0.0097160291011518,-0.2517635923361718,24166.6,0.0557614653035276,0.3360198336691544,20.44126434074098,20250424.0,2.239583333333333,13.764648437499998,0.8642092742633266,7.528956357046109,2025,2025-04,6162.92767224413,7050.001859664918,80.55000114440918,-7.5,0.1346900267311102,0.33697115164721214,0.3997078861876054,9.70814052921973,Stressed
2025-04-23,24359.3,24287.9,24359.3,24119.95,9.05478914257862,0.9825816012775348,0.0044859035679289,-0.105650319709479,24331.4,0.6374810692776567,0.9333286373401916,20.25211314829287,20250424.0,1.2395833333333333,14.758277893066404,0.6877943664323511,5.703488750487786,2025,2025-04,14936.403013423833,15824.99885559082,66.55000114440918,-32.749999046325684,0.17878132783152312,0.36129610723711436,0.4948332524219284,9.701581966671075,Stressed
2025-04-24,24284.0,24245.05,24347.85,24216.15,5.217060760395262,0.542332399934101,0.0147265836491585,-0.3496073306220525,24256.85,-0.1764252981937608,0.0160573783653639,20.18536795500411,20250430.0,6.239583333333333,15.407489776611328,1.6100606758575735,10.190429016216063,2025,2025-04,-6420.639619688384,-5175.005435943604,139.4999961853027,-9.750005722045898,0.0486460525583432,0.37718940644155974,0.128969827167933,9.808230293172013,Stressed
2025-04-25,24290.05,23991.05,24365.45,23847.85,15.092062274303784,2.130913686880028,0.0467494392539861,0.0743547815845483,24206.1,-1.0476365278685784,0.1856048966696333,20.14634986648304,20250430.0,5.239583333333333,16.22205257415771,1.552707813747426,1.129990299853926,2025,2025-04,7547.8837784724,8887.507438659668,145.60000228881836,-52.09999465942383,0.8884124249672554,0.3971306468753062,2.237078482754833,9.697028626083485,Stressed
2025-04-28,24077.55,24312.9,24355.1,24054.05,9.337869910485024,1.2503348554981686,0.0771878495826533,0.1779348947476611,24190.25,1.3415419500188763,0.360551122189312,20.58298205397654,20250430.0,2.239583333333333,16.810305595397946,1.0506299088512063,7.472435684912922,2025,2025-04,2556.130901741741,4424.999713897705,91.84999656677246,-9.050004959106444,0.5070224573950233,0.4115316175159538,1.2320376753928697,10.114185108969682,Stressed
2025-04-29,24375.35,24325.45,24457.65,24290.75,7.778658818253394,0.6847081170116591,0.0076796296945684,-0.3217701275599084,24347.7,0.0516186880215929,0.2568595272468332,20.39476431617586,20250430.0,1.2395833333333333,16.28758335113525,0.7573610711725498,8.508924532881856,2025,2025-04,26445.627433739293,27787.49978542328,64.25,-4.94999885559082,0.09138440181207796,0.3987349000813887,0.22918586206882025,9.946883548125209,Stressed
2025-04-30,24314.0,24246.25,24396.15,24198.75,6.42601522848094,0.8118779304104691,0.0300938219153841,0.0355996712388992,24359.8,-0.3255849326528448,0.0470700439251903,20.416563527131224,20250508.0,8.239583333333334,15.826200962066649,1.9012881628604683,9.400185733585708,2025,2025-04,453.55936905535145,1800.006866455078,175.5000038146973,-1.7499961853027344,0.46613683199369094,0.387439838264145,1.2031205517794292,9.854044739394567,Stressed
2025-05-02,24321.4,24313.65,24589.15,24238.5,11.638926486396937,1.4417344396293037,0.0599377159677482,0.0480606271946848,24529.7,0.2779811311027558,0.3099448368304447,20.299933958645312,20250508.0,6.239583333333333,14.66645860671997,1.5299820342350612,3.027532120323036,2025,2025-05,-2068.6870013740963,-375.0028610229492,140.0500030517578,-57.15001106262207,0.8807690269346913,0.3590482873378942,2.4530656683116683,9.862272977841883,Stressed
2025-05-05,24421.05,24459.5,24526.4,24400.65,7.353034184736254,0.5149246244530846,0.0019669264952288,-0.00987339116389,24461.05,0.5998687979797301,0.4417271779432408,19.52480468178715,20250508.0,3.239583333333333,14.43252897262573,1.087443098313441,7.079494787889477,2025,2025-05,23076.914785021643,24787.495136260983,100.24999618530272,-0.0500049591064453,0.006336604520240652,0.3533214764743205,0.017934388204961547,9.983699144878516,Stressed
2025-05-06,24509.65,24334.85,24509.65,24331.8,5.333158934201174,0.7256325569724666,0.0790693088829759,-0.090277377138388,24452.05,-0.5096179398597744,0.2050328093379017,19.663269469823742,20250508.0,2.239583333333333,10.043871879577637,0.6287816358955589,4.710712945376461,2025,2025-05,-11228.446881529966,-10425.00293254852,54.94999885559082,-18.14999771118164,0.4793054161103094,0.2458831469344112,1.9493219526678787,9.69363165604296,Stressed
2025-05-07,24234.0,24409.3,24449.6,24220.0,8.670598805603817,0.9474292316579952,0.0148452305748579,0.1438125421032511,24383.15,0.305939835256841,0.4144262241189023,19.535836861838824,20250508.0,1.2395833333333333,15.953452587127682,0.7429310877629793,7.282853781523865,2025,2025-05,22787.87541961096,23774.996995925903,75.69999694824219,0.0,0.10724619255508827,0.39055507414107266,0.2745994090358427,9.540914869953145,Stressed
2025-05-08,24437.4,24153.2,24447.25,24150.2,5.50939443109104,1.2155548462602372,0.1364714971579946,0.1758529290166809,24386.25,-1.049190267643885,0.1151200566997134,19.167848854853982,20250515.0,7.239583333333334,14.617310523986813,1.6429340054189734,9.107916092895774,2025,2025-05,-21487.40782567397,-20512.503147125244,153.75000190734863,-33.849992752075195,0.9556614895689153,0.3578450974333322,2.6706010405716354,9.690953314473564,Stressed
2025-05-09,23967.55,24038.65,24164.25,23949.2,11.039711239478253,0.8972548299680163,0.0338319686892216,-0.0763673626970838,24081.5,-0.4742642796813689,0.7686352118973949,15.26750759847688,20250515.0,6.239583333333333,20.69148015975952,2.1582957872225568,9.651768920281263,2025,2025-05,9544.805750717587,11025.009155273438,175.35000610351562,-13.500001907348633,0.17793742084172282,0.5065463117622475,0.3512757209161943,9.458661218865782,Stressed
2025-05-12,24400.15,24920.25,24944.8,24378.85,8.45986916889002,2.319452954182662,0.1966700688951191,0.1377140992431212,24606.45,3.6674272473703695,1.503828209986824,18.936298386288676,20250515.0,3.239583333333333,16.358829021453854,1.230978031761934,7.898959852563834,2025,2025-05,-49037.7652057959,-47999.987125396736,117.50000381469728,-66.75000381469727,1.2752753851124288,0.4004790590903272,3.184374703659082,9.0436081417261,Normal
2025-05-13,24884.3,24592.25,24973.8,24547.5,15.43866445042307,1.713128358041011,0.0474045118759727,-0.2125874640519601,24753.5,-1.31619867376932,0.144260190006118,19.67865262716257,20250515.0,2.239583333333333,24.061743259429928,1.504029745497638,8.623078809006858,2025,2025-05,7200.237740462799,10462.507009506226,148.35000228881836,-28.20000457763672,0.6514230310865177,0.5890534272332117,1.1058810643819805,8.377650414951301,Normal
2025-05-14,24619.15,24685.75,24767.55,24535.55,9.629366005188713,0.9423558490037226,0.0582063305978907,0.1235570216120075,24739.7,0.380201079608411,0.1093840539194257,18.94903991584229,20250515.0,1.2395833333333333,19.99350118637085,0.9298819429975216,10.364135181182132,2025,2025-05,-6154.010085471811,-3787.498712539673,98.70000457763672,-36.74998998641968,0.21807055057256886,0.4894591497067641,0.44553370940805853,8.693608145414242,Normal
2025-05-15,24703.55,25035.3,25116.25,24494.45,18.87902461186277,2.517047145045952,0.1548880702748659,0.0712607423431233,24508.2,1.415999108797572,0.0721063771609076,18.16777994246348,20250522.0,7.239583333333334,15.82467699050903,1.7814446026371402,-3.0543476213537453,2025,2025-05,-71298.45440003394,-69562.49856948851,177.04999923706055,-110.35001373291016,2.150708742380103,0.38740253005005004,5.55161253619651,8.632560423008503,Normal
2025-05-16,25065.25,25013.1,25070.0,24953.05,6.511707346875804,0.4665822204047465,0.0065789473684185,-0.2978588033856278,25022.1,-0.0886747911948315,0.1196310809137513,18.235700167733626,20250522.0,6.239583333333333,14.235174655914305,1.4920810247881495,7.723467309038499,2025,2025-05,4504.267803126165,6825.007438659668,129.20000457763672,-5.19999885559082,0.03596820410757262,0.3484900627490255,0.10321156311844706,9.357007206995132,Normal
2025-05-19,25004.25,24935.35,25062.95,24916.65,6.279760274234728,0.5851005329094024,0.055855403539601,-0.0297485393912052,25005.65,-0.3108371213484173,0.0353814601148916,17.594006770748578,20250522.0,3.239583333333333,17.785647392272946,1.3378976473387327,11.505887118038215,2025,2025-05,1862.6620505625813,3487.5025749206543,117.25,-2.849994659423828,0.28113646315933716,0.43540887453671673,0.6456838149164316,9.31212603835581,Normal
2025-05-20,25001.0,24713.85,25010.35,24669.7,7.9057652368444975,1.3625454981800642,0.1459882840781928,-0.047689800977754,24899.1,-0.8882971363947223,0.2632808442632806,17.641013282744268,20250522.0,2.239583333333333,17.00651693344116,1.0630906215415103,9.10075169659666,2025,2025-05,-25157.758201665485,-23587.50343322754,108.20000076293944,-36.60000038146973,0.7440027952817618,0.4163350500806776,1.7870289689460175,9.06960908966577,Normal
2025-05-21,24759.5,24800.4,24946.2,24685.35,10.75380396735071,1.0535350067650888,0.003542720320555,-0.1103012636646371,24818.2,0.3502084863346022,0.1847142391816714,17.65611996292144,20250522.0,1.2395833333333333,22.00361967086792,1.025457124207235,11.24981570351721,2025,2025-05,3546.0822631868964,4612.505435943604,98.35000610351562,-15.749996185302734,0.07172155917833933,0.5386686840979926,0.13314596020824557,9.0895564695389,Normal
2025-05-22,24734.25,24637.0,24737.5,24462.4,10.212931322847766,1.112222929743164,0.0230450466565288,-0.1336155838129317,24570.4,-0.6588603409622529,0.2667295688779325,17.772938595884845,20250529.0,7.239583333333334,16.350447177886963,1.8430713627108863,6.137515855039197,2025,2025-05,9770.382875126905,10949.99885559082,163.9000015258789,-1.0500030517578125,0.27105785823591244,0.4002738639128051,0.6771810069891527,9.31546206388374,Normal
2025-05-23,24650.3,24845.15,24909.05,24614.05,9.47360805436228,1.196739999107516,0.0393460490463223,-0.0214770161510038,24766.35,0.8448674757478569,0.0539838454357344,17.9484544075098,20250529.0,6.239583333333333,15.172036170959467,1.5876380530366492,5.698428116597189,2025,2025-05,-10685.868309542397,-8474.999427795412,143.4499969482422,-28.00000762939453,0.318173650941711,0.3714252873638911,0.8566289419869019,9.373369172897197,Stressed
2025-05-26,24919.1,24996.35,25079.2,24900.5,8.654659238032245,0.7171206022689453,0.0328679923108421,0.0245499500016662,25066.55,0.6085694793551033,0.2976436044861863,17.465551685820717,20250529.0,3.239583333333333,21.48356437683105,1.616895835492949,12.828905138798806,2025,2025-05,-3273.7431645766856,-1725.000858306885,149.7499961853027,-20.200000762939453,0.28005449493448964,0.5259372560380936,0.5324865118781494,9.58619653759555,Stressed
2025-05-27,24958.25,24837.7,25062.9,24704.1,16.086771306950432,1.4376007933248642,0.0069711196471768,-0.2635947335722758,24804.35,-0.6346926651290996,0.1524222536490316,17.17545880502159,20250529.0,2.239583333333333,27.71698904037476,1.7323574169379252,11.630217733424324,2025,2025-05,14380.281014247192,16012.500286102297,154.79999923706055,-22.14999961853028,0.13445222309798055,0.6785371787399305,0.1981501195670125,9.264326385781972,Normal
2025-05-28,24852.35,24755.6,24864.25,24737.05,6.464698191060685,0.511822825608044,0.0305826630190641,-0.2161627106938145,24798.6,-0.3305459040088387,0.0589829170977829,17.24679677418022,20250529.0,1.2395833333333333,28.858824729919423,1.3418096182849033,22.39412653885874,2025,2025-05,31388.2566355212,33262.49957084656,127.75,-1.6000041961669922,0.17339688530804143,0.7064903581505654,0.24543418506369416,9.601771455605242,Stressed
2025-05-29,24845.9,24880.85,24892.6,24677.3,8.222194961673726,0.8665413609488859,0.0047701348081585,-0.0116409346135445,24802.7,0.5059461293606349,0.3647659519462332,17.231556309891833,20250605.0,7.239583333333334,16.002600669860836,1.800408838762545,7.780405708187111,2025,2025-05,12749.664506631696,13875.011444091797,187.95001220703125,-9.399986267089844,0.3150866639519023,0.3917582640456345,0.8042884933633436,9.536073424245608,Stressed
2025-05-30,24837.05,24736.65,24863.95,24717.4,6.523946319603627,0.5900459193020076,0.0527431319801091,0.0910932285068665,24831.8,-0.5795621934137962,0.176039001882966,17.40503163774784,20250605.0,6.239583333333333,15.81058025360107,1.6492964789171862,9.286633933997445,2025,2025-05,-996.194504761464,262.5017166137696,155.79999923706055,-12.750003814697266,0.38317802173019055,0.38705742906967183,0.9899771789710747,9.625882410905245,Stressed
2025-06-02,24717.55,24690.7,24754.4,24526.15,7.889844735225986,0.9234329454173248,0.1181513730743496,-0.1945534613784353,24567.35,-0.1857567617280509,0.077213365593165,17.324153537667936,20250605.0,3.239583333333333,20.067794799804684,1.510948461874163,12.1779500645787,2025,2025-06,-32859.608119060016,-31349.987983703617,150.0000038146973,-51.70000076293945,0.5020891549149642,0.4912779251438924,1.02200634145714,9.370133402565582,Stressed
2025-06-03,24787.6,24538.4,24845.1,24502.15,11.34926191748808,1.383554680566078,0.0386923639912163,0.041682334476383,24644.55,-0.61683143855783,0.3924554589379792,17.37441105456484,20250605.0,2.239583333333333,28.253808021545407,1.7657047659481888,16.904546104057324,2025,2025-06,51446.003459825886,52612.50400543213,161.6500015258789,-5.999994277954102,0.43072403431995143,0.6916789971548736,0.6227224421902002,9.396973930090066,Stressed
2025-06-04,24571.6,24614.2,24644.25,24530.45,5.083013510106998,0.4631363037002038,0.0892950940224805,-0.1595484870899572,24550.4,0.3089035959964681,0.1352981449483037,17.37499945322208,20250605.0,1.2395833333333333,16.461697101593014,0.7655679620219719,11.378683591486016,2025,2025-06,731.6139059751727,1987.50114440918,64.74999809265137,-1.1000003814697266,0.2598735662147966,0.4029973635417358,0.6448517775176046,9.697779079254413,Stressed
2025-06-05,24665.45,24761.4,24899.85,24613.1,8.928053954420081,1.1625573423554,0.0143395759935724,0.0684152839509812,24756.45,0.5980287801350403,0.2082131452576074,16.975351031252856,20250612.0,7.239583333333334,14.301086425781248,1.6104893752870146,5.373032471361167,2025,2025-06,6479.099038862642,7500.0,148.35000228881836,-8.399993896484375,0.019994789236754684,0.3501036430086318,0.05711105735698304,9.51839981447957,Stressed
2025-06-06,24748.2,25000.3,25029.5,24671.45,10.232854838293898,1.446771886440223,0.2125719927595883,-0.0126824901366651,24686.3,0.9648081287810806,0.0533087789866493,17.06451987838426,20250612.0,6.239583333333333,14.126210689544674,1.4738943901869723,3.893355851250776,2025,2025-06,-20254.229419521816,-19312.507152557373,146.5999984741211,-44.65000057220459,1.271960561120955,0.34582252544123715,3.6780731951976016,9.689332790646024,Stressed
2025-06-09,25127.2,25102.15,25143.45,25077.15,3.917773386266831,0.2638574930752303,0.0114338283611516,-0.1000276777527918,25108.8,0.4073951112586682,0.5075939088730941,11.198518740465556,20250612.0,3.239583333333333,16.373306751251217,1.2324364244736594,12.455533364984388,2025,2025-06,13317.986748658452,14887.50457763672,116.45000076293944,-1.5499916076660156,0.02648473841839749,0.40083348712422917,0.06607416612921153,9.648989970586806,Stressed
2025-06-10,25199.3,25091.5,25199.3,25055.45,4.165682155077331,0.570849190255279,0.014103071042573,-0.1018710601855385,25111.45,-0.0424266447296428,0.3870186418294841,10.003457565633036,20250612.0,2.239583333333333,14.72589349746704,0.9224875565762984,10.56021134238971,2025,2025-06,17875.056745475013,18712.499141693115,81.49999809265137,0.0,0.07944583048768994,0.36050330768759686,0.2203747616000675,9.421885181455647,Stressed
2025-06-11,25136.2,25125.75,25222.4,25081.3,5.236787773661218,0.5613418098201087,0.0207275803722478,0.072206688377989,25125.0,0.1365004085048804,0.1781479783990569,9.950968831238107,20250612.0,1.2395833333333333,11.991888523101808,0.5657711351688821,6.755100749440588,2025,2025-06,-4858.485964138243,-4275.001287460327,52.85000038146973,-21.64999771118164,0.0029850746268600403,0.2935723716012709,0.010168104752426632,8.85823606668836,Normal
2025-06-12,25164.5,24856.0,25196.2,24825.9,9.016462310202932,1.4715174154066215,0.1179989778432496,0.0692115518935426,25100.0,-1.0735997930410024,0.1542242520123693,9.463862891737191,20250619.0,7.239583333333334,12.804927349090573,1.4416334904522534,3.78846503888764,2025,2025-06,-4081.838767647305,-2700.003147125244,139.8499984741211,-18.50000762939453,0.9721115537848601,0.3134763038209224,3.101068699406996,8.638607155111984,Normal
2025-06-13,24509.05,24735.55,24754.35,24508.1,6.583773376571159,1.004730905522654,0.0543737101127177,0.0611459593958832,24613.7,-0.4845912455745171,1.3958400386224643,9.597468629797412,20250619.0,6.239583333333333,14.701509952545164,1.5381677931538762,8.117736575974005,2025,2025-06,1658.8828544626765,3224.996566772461,148.9499969482422,-7.300003051757812,0.4950495049504955,0.3599063762620778,1.3754952332103412,8.145479040028992,Normal
2025-06-16,24737.25,24940.95,24967.1,24703.6,7.04002935151378,1.065195201568485,0.1461291800274867,0.0443326532111527,24754.85,0.8303837998346664,0.0068726994144174,10.03730819996425,20250619.0,3.239583333333333,15.098123550415036,1.1361409986325912,8.058094198901255,2025,2025-06,-14773.54433459602,-13949.994564056396,109.70000076293944,-23.750009536743164,0.751771875006324,0.36961583898028644,2.0339276506124513,8.14908234151376,Normal
2025-06-17,24980.3,24841.5,24982.05,24813.7,4.783532416462996,0.6739310576734409,0.0119311126707326,0.012231237709124,24875.25,-0.3987418281982124,0.1577726590205941,9.60169590941453,20250619.0,2.239583333333333,15.298144817352291,0.9575783035275712,10.514612400889298,2025,2025-06,9503.69067894749,10425.00185966492,87.15000534057617,0.0,0.13567702837157247,0.37451254208024753,0.36227632756421996,8.187095795377713,Normal
2025-06-18,24795.65,24798.75,24947.55,24750.45,6.205241640447081,0.794897492100423,0.1027059479394462,0.0042930882854822,24945.15,-0.1720910573033029,0.1845701749089157,9.547710841395867,20250619.0,1.2395833333333333,17.44999265670776,0.8113801742057228,11.24475101626068,2025,2025-06,-4662.848344391946,-3487.5022172927856,75.29999923706055,-23.800004482269287,0.5868876314634397,0.42719174038230573,1.3738271974505352,8.030984154358638,Normal
2025-06-19,24814.95,24744.7,24863.1,24733.4,6.109564623636859,0.5226687944162576,0.0440192730504749,-0.1052364171580992,24843.05,-0.2179545339986877,0.0653258732798978,9.267482109406808,20250626.0,7.239583333333334,13.094481945037842,1.4728465059502935,6.984917321400983,2025,2025-06,-5402.863827504757,-4350.000858306885,147.80000114440918,-6.149991989135742,0.39588536834245236,0.32056486449896143,1.2349618195406906,7.803556038013457,Normal
2025-06-20,24800.5,25079.75,25136.2,24783.65,6.717632484914353,1.4215439204854712,0.1393560975609755,0.121762417746926,24884.6,1.354027327063978,0.2255028349505083,10.01234914609508,20250626.0,6.239583333333333,12.395359992980955,1.29337016003764,5.677727508066602,2025,2025-06,-14855.226440284054,-13912.49942779541,129.9499969482422,-26.450000762939453,0.7842199593322885,0.30344972128290676,2.584348919540311,7.598387703052912,Normal
2025-06-23,24955.45,24958.2,25057.0,24824.85,6.457828182489915,0.9302577192557197,0.1104200391922989,0.1797750137132339,24858.75,-0.4846539538870931,0.4956189754682483,9.953671214445572,20250626.0,3.239583333333333,16.08565711975097,1.2108412530799015,9.627828937261054,2025,2025-06,-13072.821359403428,-11174.999713897703,115.5500030517578,-32.35000038146973,0.40006034092623377,0.39379156171380875,1.015919028800777,7.460588924580515,Quiet
2025-06-24,25186.55,25071.55,25317.7,24999.7,14.561789365970824,1.2625786382017383,0.0447541916882442,-0.0182657680944248,25167.1,0.4541593544406197,0.9149297625629992,9.790243817281548,20250626.0,2.239583333333333,15.274523258209223,0.9579967739768016,0.7127338922384023,2025,2025-06,-2092.219174979617,-637.5031471252441,89.69999885559082,-23.849998474121094,0.37966233693988993,0.37393426476177594,1.0153183934127117,7.350747371803399,Quiet
2025-06-25,25156.3,25238.35,25266.8,25125.05,5.54792122847828,0.5634771409149995,0.0577352472089299,0.0052474533313373,25195.15,0.6652959230681654,0.3380325508395065,9.915993977858466,20250626.0,1.2395833333333333,15.284048080444332,0.7106526575621015,9.736126851966052,2025,2025-06,9479.935763005113,10724.999427795412,62.29999732971192,-1.0500011444091797,0.17146157097693848,0.3741674410998693,0.4582482390047763,7.274498274754419,Quiet
2025-06-26,25281.35,25530.4,25565.3,25259.9,9.98896533068116,1.2080051104865754,0.0940335369816733,0.0237956067388883,25365.8,1.157167564440642,0.1703756386610022,10.521860579365214,20250703.0,7.239583333333334,13.19582605361938,1.4892098810209022,3.206860722938222,2025,2025-06,-4618.888287324734,-2887.4974250793457,147.35000228881836,-16.550006866455078,0.6489052188379807,0.32304586073627495,2.0087092815831733,7.228659426625297,Quiet
2025-06-27,25546.2,25632.45,25654.2,25523.55,4.660693195344656,0.5114263569532903,0.1217282472656013,-0.0820000060267701,25533.2,0.3997195500266226,0.0618870052956355,10.2144100788102,20250703.0,6.239583333333333,12.313827514648436,1.2847978437945804,7.6531343193037795,2025,2025-06,5427.693105477033,6450.000286102295,133.25,-0.5000038146972656,0.3887096016167213,0.30145373182882734,1.2894502889665334,7.31699794507567,Quiet
2025-06-30,25667.95,25507.45,25669.35,25473.3,5.729676518895975,0.7637929791822069,0.0654103509490661,0.0137538525941404,25581.9,-0.4876630989234298,0.1384963200942612,10.412092834647046,20250703.0,3.239583333333333,14.156309127807615,1.0642290056641608,8.42663260891164,2025,2025-06,-4771.45253324662,-4087.503433227539,94.19999885559082,-8.150002479553223,0.29102607703103134,0.3465593626696123,0.8397582301317802,7.223835288862721,Quiet
2025-07-01,25566.5,25533.0,25593.4,25501.8,4.680771815689252,0.3582813447284618,0.0489784172661884,-0.1275636116084441,25575.3,0.1001668140092393,0.2315009928471889,10.001065994680909,20250703.0,2.239583333333333,14.2881326675415,0.8944176607899028,9.607360851852247,2025,2025-07,13373.7899390513,14099.99942779541,80.54999732971191,0.0,0.165393954323112,0.3497865231888247,0.47284255784156565,7.115826878046221,Quiet
2025-07-02,25595.75,25442.85,25608.1,25378.75,5.602672092081527,0.8960471953351574,0.0858432347794021,0.0816872706545893,25533.65,-0.3530724944189933,0.2457603885168247,10.180545020257895,20250703.0,1.2395833333333333,13.209922790527342,0.6152665148700678,7.607250698445815,2025,2025-07,157.35279389404246,749.9992847442627,65.79999923706055,-8.599996089935303,0.35560916672705556,0.32339096171665327,1.0996261764378903,6.782402372956279,Quiet
2025-07-03,25508.1,25396.7,25587.5,25384.35,8.437314121474447,0.7964136882010084,0.0682760713442794,0.105506542168198,25513.0,-0.1813869122366362,0.2564571186010944,10.11926956727856,20250710.0,7.239583333333334,11.131606578826904,1.257986112759151,2.694292457352457,2025,2025-07,-7850.2003848677505,-6750.005722045898,125.59999465942384,-14.25001335144043,0.4558460392740882,0.2725118847446761,1.6727565467509167,6.808385302055006,Quiet
2025-07-04,25440.7,25467.8,25470.25,25331.65,6.077859242449474,0.5447963302896482,0.0533529574096216,0.0912041219855291,25395.95,0.2799576322908059,0.1732508554260992,9.649847445567856,20250710.0,6.239583333333333,11.231807708740234,1.1736123399666396,5.15394846629076,2025,2025-07,9192.966320122789,10387.500286102297,130.20000076293945,-1.649993896484375,0.2829191268686415,0.27496489982141853,1.028928154293108,6.783848310407724,Quiet
2025-07-07,25454.25,25454.95,25489.8,25407.25,5.5117802762672525,0.3243073357101438,0.0072035265025276,-0.0053153187280256,25449.85,-0.0504558697649537,0.0532044385459284,9.58957064205675,20250710.0,3.239583333333333,12.662436008453366,0.95265789219833,7.150655732186113,2025,2025-07,3964.7263626871727,5587.497711181641,86.74999809265137,-2.0500030517578125,0.020039410841321548,0.30998798580304526,0.06464576615576914,6.576098530615502,Quiet
2025-07-08,25444.6,25523.1,25548.05,25424.15,5.385338817768424,0.4869402545137193,0.0262266857962738,-0.0086928852882686,25473.05,0.2677278878960631,0.0406600680810664,9.60387026249915,20250710.0,2.239583333333333,12.490989208221432,0.7871063732061925,7.105650390453008,2025,2025-07,8122.079177790711,9037.49656677246,74.44999885559082,-2.1500015258789062,0.19648216448364675,0.30579081171736433,0.6425378296364603,6.655798875115524,Quiet
2025-07-09,25518.15,25464.65,25548.7,25424.35,6.139269640807122,0.4873002157288133,0.0138114610014562,0.0653810744060573,25485.3,-0.229008231758665,0.0193941958461008,9.666340508025549,20250710.0,1.2395833333333333,11.568224430084229,0.5387419534074851,5.428954789277105,2025,2025-07,3918.766869470837,5174.999713897705,66.19999980926514,-4.65000057220459,0.08102710189794582,0.283200688082877,0.28611195278675916,6.716781708250079,Quiet
2025-07-10,25516.85,25348.25,25524.05,25340.45,6.417658938547484,0.7195245494643678,0.0841658562461342,-0.1369319371856741,25445.3,-0.4571042602195652,0.2049900548407146,8.918823439880304,20250717.0,7.239583333333334,10.329997539520262,1.1634761745853175,3.9123386009727774,2025,2025-07,-2166.535230933589,-1312.4985694885254,125.899995803833,-10.350006103515623,0.3814063893921471,0.25288776413073655,1.5082042055422251,6.761905801607372,Quiet
2025-07-11,25282.05,25140.55,25322.45,25129.0,6.894223199415007,0.7651673816007829,0.1200577070465684,-0.0683996106269181,25300.2,-0.8193859536654413,0.2611620131567349,9.28147554916733,20250717.0,6.239583333333333,9.398850917816162,0.983984334422798,2.5046277184011547,2025,2025-07,-8891.48088010293,-7687.499284744263,94.25,-20.299999237060547,0.6310226796626184,0.230092445318727,2.742474568378452,6.631965633024601,Quiet
2025-07-14,25151.1,25087.1,25151.1,25001.95,6.4379020761027705,0.5930158124296664,0.0082923037056215,0.0398365949565684,25087.5,-0.2126047361732386,0.0419640779537378,8.89779493720533,20250717.0,3.239583333333333,11.965981006622313,0.8994519243682269,5.528078930519542,2025,2025-07,5123.733587219887,5850.008010864258,93.90000534057616,-3.69999885559082,0.0015944195316475174,0.2929381319616568,0.005442854165043334,6.647488124166793,Quiet
2025-07-15,25094.05,25219.65,25245.2,25088.45,5.783755105463628,0.6246500664500151,0.068612440191387,0.1268505490428062,25095.7,0.5283591965592027,0.02770348107195,8.912881587472771,20250717.0,2.239583333333333,11.69090414047241,0.7308024941558868,5.907149035008782,2025,2025-07,387.4085211370967,1687.499284744263,60.35000038146973,-18.04999542236328,0.4939093151416385,0.2862039993175198,1.7257247149565047,6.617381760396244,Quiet
2025-07-16,25218.95,25198.55,25255.3,25121.05,5.5364260256034585,0.5323377856730752,0.071968581246933,-0.0864969171269738,25151.85,-0.0836649200127714,0.0027756134601375,8.88558193093491,20250717.0,1.2395833333333333,11.221520900726318,0.5222279963057126,5.68509487512286,2025,2025-07,-135.4428543990241,825.0017166137695,60.69999980926514,-9.40000295639038,0.18567222689385154,0.27471306937627765,0.6758769333960378,6.667392894846275,Quiet
2025-07-17,25238.2,25109.5,25238.35,25101.0,5.629787032634518,0.5442147221275627,0.0756568534346301,-0.0950401662449598,25186.4,-0.3533933500141861,0.1573503237289442,8.958821214135291,20250724.0,7.239583333333334,9.379801273345944,1.055331460835045,3.750014240711428,2025,2025-07,-2267.5935048051288,-1462.5005722045896,100.70000267028809,-6.949991226196289,0.305323507924915,0.22962609264254014,1.3296551119746367,6.633952114104093,Quiet
2025-07-18,25144.6,24965.55,25144.6,24918.65,7.685148587218617,0.8986024832369458,0.0526893523600442,-0.2078048205120324,25034.8,-0.5732889942053787,0.1397877297437233,7.852334971055656,20250724.0,6.239583333333333,9.701359272003172,1.0125905045352652,2.016210684784556,2025,2025-07,-1635.021526459751,-599.9994277954102,94.75,-19.599994659423828,0.27661495198683106,0.23749812581657295,1.1647037257063209,6.609963234553976,Quiet
2025-07-21,25037.2,25093.3,25111.4,24882.3,7.26736932090449,0.9150384228268424,0.0956109134045088,0.0330596235337853,24952.3,0.5117051296686936,0.2869954797711349,7.869604728608159,20250724.0,3.239583333333333,11.56479549407959,0.8706612216108335,4.2974261731751,2025,2025-07,-2056.768501735659,-1275.0012874603271,75.79999732971191,-14.25,0.5650781691467266,0.2831167446011634,1.995919280375918,6.6583390396691895,Quiet
2025-07-22,25181.8,25064.9,25182.0,25035.55,5.7100375667072765,0.5815708170186433,0.045554388310572,-0.1301823687314441,25110.65,-0.1131776211179769,0.35268378411768,7.718501244206029,20250724.0,2.239583333333333,10.538781642913817,0.6616714178903548,4.82874407620654,2025,2025-07,4533.205765178477,5324.998140335083,67.69999885559082,-7.750003814697266,0.18219361107737475,0.2579989894617436,0.7061795530962366,6.698816096589918,Quiet
2025-07-23,25135.55,25209.2,25233.5,25085.5,5.359358091036694,0.5888074858119277,0.127807980305672,-0.2739704379694364,25100.35,0.5757054686035046,0.2818682699711416,7.621996317022471,20250724.0,1.2395833333333333,10.630981922149656,0.4946146230067665,5.271623831112962,2025,2025-07,-15566.10526634389,-14850.000858306885,58.69999980926514,-20.099996089935303,0.43365929160350536,0.2602561364144876,1.666278834297507,6.256228506626742,Quiet
2025-07-24,25244.9,25051.9,25246.25,25018.7,6.578102855969966,0.9013701777388672,0.1077327635795842,0.0894869285707723,25190.25,-0.6239785475143922,0.1416149659648091,6.570674938524124,20250731.0,7.239583333333334,8.80031108856201,0.9910580845973082,2.222208232592044,2025,2025-07,-8812.785116878817,-7837.502717971802,92.10000038146973,-26.849998474121094,0.5492204325086014,0.21543964423293846,2.549300684486701,6.246800349754661,Quiet
2025-07-25,24985.35,24829.15,24994.85,24806.35,8.360369824631556,0.7544421030724004,0.0598043931377259,-0.17911494775339,24923.8,-0.8891541160550687,0.2656485136856013,6.872687479649181,20250731.0,6.239583333333333,9.768795013427733,1.0313435473393215,1.4084251887961765,2025,2025-07,2873.9369058945385,4312.502861022949,96.0999984741211,-4.849998474121094,0.37975750086262083,0.23914901429027413,1.5879534439630976,6.076257226019102,Quiet
2025-07-28,24799.3,24673.95,24889.2,24646.6,8.315767730235299,0.9782534184432712,0.0735037098103874,0.1114062515183242,24793.9,-0.625071740273031,0.1202215943759688,6.976579530815378,20250731.0,3.239583333333333,12.324495315551756,0.9266392136775576,4.008727585316457,2025,2025-07,-5076.712374311724,-3337.497711181641,78.80000114440918,-16.049997329711914,0.4837883511670249,0.3017148893274919,1.6034619711521896,6.261241057483447,Quiet
2025-07-29,24621.2,24830.4,24847.15,24598.6,7.351031171945619,1.0094958815979842,0.0642665982329449,-0.0852993817318425,24704.8,0.6340695348738379,0.2137882260440649,7.48468658696777,20250731.0,2.239583333333333,13.116198539733888,0.8208930872638649,5.765167367788267,2025,2025-07,-112.14937411659145,750.0007152557373,76.20000076293945,-11.299999237060549,0.5084032252841597,0.3210965065498144,1.5833346514633813,6.390545618050413,Quiet
2025-07-30,24892.05,24844.55,24902.3,24771.95,7.316667113441768,0.5236611689274229,0.0027537215149464,-0.0129956183891581,24861.05,0.0569865970745375,0.2482843611057328,7.470188209914706,20250731.0,1.2395833333333333,12.399931907653809,0.5788170713862806,5.083264794212039,2025,2025-07,9290.422668198547,10499.99713897705,55.9499979019165,-5.750002861022949,0.0663688782251759,0.30356164592519164,0.21863393849673468,6.524058585863232,Quiet
2025-07-31,24661.15,24766.6,24956.5,24635.0,10.04528953990886,1.3036699423992797,0.057608931281161,-0.0102279157749405,24703.65,-0.3137509031155727,0.7381900658293139,7.499834950146475,20250807.0,7.239583333333334,11.564795494079588,1.3036535210455047,1.5195059541707288,2025,2025-07,-352.23977205979736,1049.9982833862305,125.29999923706056,-23.14999771118164,0.25482064391293413,0.2831167446011633,0.9000550083037621,6.609758336931243,Quiet
2025-08-01,24737.7,24572.15,24784.15,24535.05,9.79474847117904,1.006965077594126,0.0623832866479906,-0.077174558893353,24713.35,-0.7851299734319528,0.1166894123537209,7.68860824247705,20250807.0,6.239583333333333,11.70233392715454,1.2268672476545763,1.9075854559755,2025,2025-08,-920.9729946736912,900.0034332275391,118.8499984741211,-6.750009536743164,0.5713511118484393,0.28648381092323183,1.9943574124038113,6.690157107852964,Quiet
2025-08-04,24605.4,24726.9,24736.25,24554.0,8.390571783482864,0.7406910678143821,0.0871455323702484,-0.2225388513469304,24585.75,0.6297780210522852,0.135315794507207,8.200091844050755,20250807.0,3.239583333333333,14.953727245330803,1.1240250585999068,6.56315546184794,2025,2025-08,2731.108503626733,3449.9988555908203,95.45000076293944,-3.599994659423828,0.5741130532930683,0.3660808856947906,1.5682683137182927,6.876001569289443,Quiet
2025-08-05,24733.1,24648.85,24733.1,24590.3,6.35024619646062,0.577363937395633,0.0107875325118332,-0.101435077168089,24622.7,-0.3156481402844746,0.0250739073640371,8.072333462313992,20250807.0,2.239583333333333,14.513299465179438,0.9125725324527456,8.16305326871882,2025,2025-08,12156.373100598166,12937.499284744265,79.44999885559082,-0.2000045776367187,0.10620281285154132,0.35529881182135237,0.2989112524951001,7.019941144650224,Quiet
2025-08-06,24656.6,24569.6,24671.4,24539.2,7.5615884458674625,0.5361647591314322,0.0366180186295585,-0.0582460690090976,24622.0,-0.3215160139316886,0.0314416291226526,8.087527906055117,20250807.0,1.2395833333333333,16.09784889221191,0.7533912760945496,8.536260446344448,2025,2025-08,18087.025720712714,18750.00071525574,82.44999980926514,-0.5500011444091797,0.21281780521485993,0.3940900274265684,0.5400233205711218,7.068186513584832,Quiet
2025-08-07,24467.1,24626.65,24634.2,24344.15,8.03274992808573,1.185469467162023,0.0309631025936416,-0.0433409931557109,24502.55,0.2321975123730224,0.417182208908573,8.14141347073812,20250814.0,7.239583333333334,10.665271282196043,1.2027319480961869,2.632521354110315,2025,2025-08,4373.048008203696,5137.504577636719,106.95000457763672,-20.19999885559082,0.5064778971984651,0.2610955712316238,1.9398180321839205,7.13930245383785,Quiet
2025-08-08,24561.65,24350.85,24585.5,24337.5,7.022339468942282,1.0097041526118968,0.0737425564585576,-0.0877644449245351,24496.85,-1.1199249593428329,0.2639417054288717,8.5330291714207,20250814.0,6.239583333333333,10.520112991333006,1.09973323723613,3.497773522390724,2025,2025-08,844.3158753078595,1687.5,108.99999809265135,-5.000005722045898,0.5959949952749066,0.25754196383908057,2.3141665396607016,7.220057003314762,Quiet
2025-08-11,24378.25,24560.45,24600.85,24347.45,6.103991402738591,1.039451150103054,0.1696330662167833,-0.0444437474474058,24382.8,0.8607502407513623,0.1125217394875477,9.2615526184581,20250814.0,3.239583333333333,13.592439651489258,1.021826867816161,7.488448248750667,2025,2025-08,-4682.966980284024,-3824.99885559082,95.10000038146973,-5.099998474121094,0.7285873648637642,0.3327553234544838,2.1895588545360254,7.226462816791125,Quiet
2025-08-12,24542.65,24485.2,24702.6,24465.65,8.472902572418981,0.9654621648436378,0.106644151458075,0.0439501345907783,24655.6,-0.306386894376931,0.0724742421250423,8.974679114347717,20250814.0,2.239583333333333,11.810154914855955,0.7395885659814448,3.337252342436976,2025,2025-08,-6286.5031682318695,-5662.504076957703,60.69999694824219,-11.200006484985352,0.6911208812602321,0.289123367070449,2.3904013302799934,7.2097672831229165,Quiet
2025-08-13,24586.9,24630.4,24664.55,24535.25,6.017846964931015,0.5258898031065293,0.0443060498220618,-0.0391784758584814,24582.2,0.5930112884517946,0.4153529479032247,9.350710272349966,20250814.0,1.2395833333333333,13.204969882965086,0.6154859834447823,7.187122918034071,2025,2025-08,-781.9782697585185,-75.00243186950678,57.39999961853027,-8.400003433227539,0.19607683608464654,0.3232697100208447,0.606542555663515,7.344224656470684,Quiet
2025-08-14,24628.6,24614.7,24673.65,24596.9,6.270565357483764,0.3116295688752101,0.020007613891123,-0.0760787047556733,24667.15,-0.0637423671560388,0.0073080420943338,9.3080914700366,20250821.0,7.239583333333334,10.431722640991207,1.181733601165923,4.161157283507444,2025,2025-08,2769.766900330901,3412.4979972839355,104.600004196167,-1.7499942779541016,0.21263096871750875,0.25537808742157386,0.832612425225431,7.368295703437063,Quiet
2025-08-18,24942.35,24884.05,25022.0,24852.85,5.6891551798348345,0.6781638458284863,0.1006914235999796,-0.1884184106093469,25005.2,1.0942648092399976,1.3311151466400162,10.032262019840958,20250821.0,3.239583333333333,14.125067710876465,1.0631788526951238,8.435912531041629,2025,2025-08,10303.145930168228,11062.495708465576,110.14999771118164,-4.149999618530273,0.48449922416138325,0.345794544280666,1.401118763077236,7.4003346196795246,Quiet
2025-08-19,24922.9,24993.65,25012.65,24873.95,5.300516770378009,0.5565162962576615,0.0985238929196872,-0.1353061698584516,24877.05,0.4404427735838823,0.1561241035924698,9.985772942699455,20250821.0,2.239583333333333,11.406683444976805,0.7143129790238079,6.106166674598796,2025,2025-08,-2818.562811738361,-2137.500286102295,60.85000038146973,-12.599997520446776,0.4687050916406976,0.2792460173888131,1.6784665221853023,7.300534949310335,Quiet
2025-08-20,24982.3,25047.15,25088.7,24929.7,4.567553447910635,0.6364506070297771,0.0982728465238355,-0.3416285427378949,24972.0,0.2140543698099239,0.0454115345297823,10.01193447799641,20250821.0,1.2395833333333333,11.92216682434082,0.5610283456436052,7.354613376430183,2025,2025-08,-119.71544556170926,374.99964237213135,45.39999961853027,-4.7000017166137695,0.3009370494954311,0.2918655208064273,1.031081193365832,7.202192321784011,Quiet
2025-08-21,25144.85,25076.95,25153.65,25054.9,5.29838369871512,0.3927245539345035,0.0351304700984904,-0.0084288918534935,25061.1,0.1189756119957641,0.3900643386572699,9.791441343070504,20250828.0,7.239583333333334,9.505909919738768,1.0761698287315489,4.207526221023648,2025,2025-08,2790.0445911112483,3524.997711181641,107.60000038146973,-5.899999618530273,0.06324542817355283,0.23271334735889662,0.27177396093234857,7.14506811584418,Quiet
2025-08-22,25076.45,24869.45,25084.85,24859.15,5.187166539943084,0.9000476542732209,0.1081638972030132,-0.0824808853756748,24978.7,-0.8274530993601648,0.0019938628900262,9.981467444498216,20250828.0,6.239583333333333,9.211402416229246,0.9610188002248228,4.024235876286162,2025,2025-08,-2406.3412197468656,-1649.9977111816406,103.44999885559082,-2.1999969482421875,0.4373726414905521,0.22550353498504908,1.9395378503470022,7.1420193962281004,Quiet
2025-08-25,24961.35,24978.55,25021.55,24894.35,4.3822516988148585,0.5095878227740116,0.0195204241474884,0.0757289937809101,24962.75,0.4386908435851877,0.3695296840098949,9.578519774714277,20250828.0,3.239583333333333,9.63811445236206,0.7292866493145099,5.2558627535472,2025,2025-08,6949.883500485441,8137.499570846558,78.64999771118164,-0.400003433227539,0.0632943085197013,0.23594983493163288,0.26825324348305224,7.072472580426758,Quiet
2025-08-26,24907.3,24710.7,24919.65,24689.6,6.049896737889558,0.9236248007612344,0.0123305640577161,0.004054073068405,24764.0,-1.0723200506034147,0.2852447399869118,10.10250603135056,20250828.0,2.239583333333333,9.887664794921871,0.6224761812545587,3.8377680570323154,2025,2025-08,8523.21082105449,9899.999141693115,58.64999961853027,-0.6499996185302734,0.21523178807946186,0.24205905498967956,0.8891705707462111,6.8735666741359225,Quiet
2025-08-28,24700.55,24533.1,24702.65,24481.6,8.144320995524641,0.894919343901261,0.0503283742125751,-0.1236885545059824,24578.2,-0.7187169930435111,0.0410753236452232,10.134196458580249,20250902.0,5.239583333333333,10.4572491645813,0.9996663896364938,2.312928169056658,2025,2025-08,-3841.0658216908646,-2699.998140335083,87.6500015258789,-6.600002288818359,0.18349594355975274,0.2560030000076643,0.7167726298295691,6.760273124518635,Quiet
2025-08-29,24466.6,24433.5,24572.45,24404.7,6.993312035363831,0.685628571195017,0.0313742137151254,0.0104999659966285,24499.9,-0.4059821221125692,0.271062360647456,10.197408979177968,20250902.0,4.239583333333333,9.849565505981444,0.8487789621518544,2.856253470617614,2025,2025-08,12876.17190101109,13762.49885559082,80.44999694824219,-4.350004196166992,0.2710215143735373,0.24112634963730606,1.123981326724344,6.799937615697585,Quiet
2025-09-01,24480.6,24624.3,24635.6,24467.8,4.717255819266384,0.6854407163223095,0.087656334964656,-0.0621214934961181,24543.35,0.7808950825710648,0.1927681257290148,10.599006158301693,20250902.0,1.2395833333333333,11.456593513488768,0.5327308619239021,6.739337694222384,2025,2025-09,-5598.407218477292,-4762.499570846558,64.70000076293945,-8.700001239776611,0.3298245756997442,0.28046786140042246,1.1759799288691244,6.783769861793689,Quiet
2025-09-02,24683.3,24575.0,24756.1,24522.35,8.795156686993002,0.9469965523248512,0.0773559257737206,0.0203430019790602,24695.2,-0.2002087368980998,0.2396007196143745,10.241189747590688,20250909.0,7.239583333333334,9.359989643096924,1.054860894543857,0.5648329561039223,2025,2025-09,-6494.146043224209,-5662.497997283936,99.80000114440918,-14.949991226196287,0.48673426414850285,0.22914108585930595,2.124168445493711,6.517368175761566,Quiet
2025-09-03,24630.7,24713.9,24737.05,24533.2,5.703852727730714,0.8276256866430859,0.1186362800955718,-0.1783390986756012,24557.1,0.5652085452695799,0.2266531027466989,10.191182625804894,20250909.0,6.239583333333333,9.500195026397709,0.9966567713614392,3.796342298666993,2025,2025-09,-6410.584325785389,-4724.996566772461,87.60000038146973,-7.25,0.638511876402359,0.23257344155604073,2.745420423460103,6.467388586552263,Quiet
2025-09-04,24967.85,24739.8,24970.3,24708.2,8.181829403845056,1.0497499784723097,0.098511924101629,-0.0521733352523449,24895.25,0.1047993234576383,1.027559389655197,10.127914875613762,20250909.0,5.239583333333333,8.674964427947996,0.8310822406920151,0.4931350241029406,2025,2025-09,-12214.81550837089,-10649.994134902952,81.35000419616699,-17.599990844726562,0.6244163043150786,0.21237104362362946,2.9402139465947554,6.333052633764655,Quiet
2025-09-05,24824.7,24743.95,24832.35,24621.6,8.320680589797401,0.8489528574363436,0.0184672507572567,0.1558991478505118,24774.2,0.0167745899320115,0.3431717313802096,10.047329139954654,20250909.0,4.239583333333333,7.834113121032712,0.6872068368920197,-0.4865674687646892,2025,2025-09,-5338.476165820457,-4687.5,46.900001525878906,-30.89999961853028,0.12210283278571987,0.19178623649674517,0.6366610817131921,6.4246317941338775,Quiet
2025-09-08,24802.5,24791.2,24885.5,24751.55,6.672004642564766,0.5400665255518626,0.0301985161419702,0.0345305419106832,24832.75,0.1909557689859564,0.2366234978651293,10.037778691880575,20250909.0,1.2395833333333333,11.395634651184078,0.5313547818007942,4.723630008619312,2025,2025-09,8494.71246082216,9149.999856948853,64.99999904632568,-2.250000476837158,0.16731936656230184,0.27897553283662474,0.5997635880860146,6.462586401330374,Quiet
2025-09-09,24874.5,24878.8,24891.8,24814.0,6.503879095697513,0.3127701059317746,0.007638225848453,-0.4303532459900482,24856.6,0.3533511891316232,0.3360063248249334,9.108386405181909,20250916.0,7.239583333333334,9.681166648864744,1.0940756054659213,3.177287553167231,2025,2025-09,1694.5398372617838,2362.496852874756,108.64999961853027,-1.0,0.08931229532598284,0.23700379197981497,0.37683909856425146,6.394549137054326,Quiet
2025-09-10,24992.8,24977.55,25035.7,24915.05,5.567498493303203,0.4827390288403118,0.0644418283257415,0.0408034930876722,25013.9,0.3969242889528379,0.458221457626573,8.741999014372876,20250916.0,6.239583333333333,9.439236164093018,0.992847970424928,3.8717376707898143,2025,2025-09,8110.138494921052,9262.504577636715,88.10000228881836,-3.6499977111816406,0.14531920252340846,0.23108111299224296,0.628866637526913,6.368626118392088,Quiet
2025-09-11,24970.25,25008.1,25037.3,24940.15,5.516871446432222,0.3890629849520842,0.0324931985011019,-0.094418602084028,24977.4,0.1223098342311379,0.0292262451681568,8.618569276773796,20250916.0,5.239583333333333,8.501993656158447,0.8127347121798104,2.9851222097262253,2025,2025-09,2433.889036188707,3712.4969959259033,82.14999771118164,-0.7000064849853516,0.12291111164490776,0.2081365613238536,0.5905310958494319,6.341801472920318,Quiet
2025-09-12,25088.75,25104.55,25139.45,25038.05,3.375195027055031,0.4041652134921087,0.0939031862745077,0.0336713582765759,25050.3,0.385675041286615,0.3224955114542904,8.494057126339271,20250916.0,4.239583333333333,7.540748596191406,0.6510900008148449,4.165553569136375,2025,2025-09,-174.15734015535344,487.4997138977051,65.39999771118164,-8.700004577636719,0.21656427268335054,0.18460440528346891,1.173126244472908,6.19399991662098,Quiet
2025-09-15,25133.65,25072.1,25138.45,25048.75,5.037776150470861,0.3568920550735795,0.0073693230505573,-0.0415535962841808,25092.0,-0.1292594370343236,0.1159152424560661,8.513636527825815,20250916.0,1.2395833333333333,10.270181655883787,0.4776422703416272,5.232405505412927,2025,2025-09,11478.810263729954,11962.501287460327,53.20000076293945,-0.6500005722045898,0.07930814602263858,0.25142341672751006,0.31543659319764905,6.061867319727182,Quiet
2025-09-16,25081.25,25254.45,25261.4,25070.45,4.771776566349483,0.7613256915026194,0.1047129801087128,-0.0794286902403373,25134.3,0.727302459706225,0.0364947491434675,8.027255772280824,20250923.0,7.239583333333334,9.25674057006836,1.0412066561536892,4.4849640037188765,2025,2025-09,-3308.324825495226,-2662.5022888183594,98.79999923706056,-3.900001525878906,0.4780320120313819,0.22661345435437363,2.1094599762106134,6.000227859376537,Quiet
2025-09-17,25289.6,25330.05,25346.5,25275.35,4.041582166952399,0.2813409464760275,0.0164162141684546,0.0081942971328038,25319.45,0.299353183300366,0.1391833914418994,7.9574119915054515,20250923.0,6.239583333333333,8.444844722747801,0.8929894057869172,4.403262555795402,2025,2025-09,2022.3407505900373,3074.9974250793457,86.59999465942383,-0.9500083923339844,0.0418650484113936,0.20673750329529322,0.20250340525587038,5.954358928702268,Quiet
2025-09-18,25441.65,25420.75,25448.95,25329.75,6.0932007042339125,0.468523071420292,0.0105072980554363,-0.0791873317164912,25418.45,0.3580727238990944,0.4405834177192869,8.008711498967681,20250923.0,5.239583333333333,7.494648456573485,0.7282111949159806,1.401447752339573,2025,2025-09,2246.583290952552,3112.501859664917,58.150001525878906,-3.399999618530273,0.009048545446321832,0.1834758318070969,0.04931736979852096,5.891412198530988,Quiet
2025-09-19,25425.45,25352.5,25428.75,25286.3,5.125633331244891,0.5602654033655283,0.0018537153752449,-0.1660312608319021,25334.4,-0.2684814570773852,0.0184888329415988,8.098258134618327,20250923.0,4.239583333333333,7.433308601379393,0.63924941809412,2.307675270134502,2025,2025-09,4892.942934006404,5550.000429153442,47.99999809265137,-4.150001525878906,0.07144436023744927,0.18197417618977543,0.3926071365364615,5.967694561347153,Quiet
2025-09-22,25259.1,25200.2,25331.7,25151.05,5.711400431547877,0.7151877937060365,0.1251754003967656,0.2014909674360747,25324.75,-0.6007297110738552,0.368405482694023,7.804927660492609,20250923.0,1.2395833333333333,10.597835540771484,0.5018805653525547,4.886435109223606,2025,2025-09,-16043.613765951814,-15412.500143051147,51.69999980926514,-33.349998474121094,0.4918113702997995,0.25944468275792265,1.8956309494255035,5.95905704297364,Quiet
2025-09-23,25242.7,25184.9,25261.9,25084.65,7.667469811406436,0.7021832054415732,0.0390530005006803,-0.0486495306475237,25133.55,-0.0607138038586918,0.1686494551630613,7.690158048056005,,,,,,2025,2025-09,,,,,0.20430858354669734,,,5.985268737553881,Quiet
2025-09-24,25147.1,25060.9,25149.85,25027.45,5.449848065632441,0.4867360451105608,0.000300540973752,-0.0430718434772975,25053.65,-0.4923585164126165,0.1500899348419238,6.799237531522236,,,,,,2025,2025-09,,,,,0.02893789926816659,,,6.149529643183459,Quiet
2025-09-25,25048.6,24904.55,25092.7,24878.3,6.723961638461061,0.8559360602987851,0.0985149879859757,0.0035316534632188,25039.55,-0.6238802277651723,0.0490804400480548,6.660002835443421,20250930.0,5.239583333333333,8.233012676239012,0.7879534698177796,1.509051037777951,2025,2025-09,2330.9179116603373,3112.5025749206543,73.85000228881836,-0.3499927520751953,0.5391470693363098,0.20155166153609627,2.6749820131835182,6.119527209570603,Quiet
2025-09-26,24843.4,24673.1,24868.6,24629.45,7.040984447139026,0.9626299137799086,0.1024957416870328,-0.0944312331443376,24779.25,-0.9293482516247064,0.245537462030021,7.382295152854438,20250930.0,4.239583333333333,8.538187980651854,0.7342837129785695,1.4972035335128275,2025,2025-09,-5964.045103852233,-5399.9998569488525,66.45000076293945,-10.699999809265137,0.42838261852155,0.20902263140860844,2.049455676807193,6.048509241717424,Quiet
2025-09-29,24712.2,24677.55,24791.3,24606.2,8.621348260651754,0.7490227498968062,0.0674582423328898,0.1240647933151522,24753.6,0.0180358365993837,0.158472182255176,6.858369157987541,20250930.0,1.2395833333333333,12.252487659454342,0.5704220676921425,3.631139398802589,2025,2025-09,-5443.895623474081,-4799.996137619019,45.950002670288086,-22.74999523162841,0.307228039557883,0.2999520762115059,1.0242570861261404,6.050892862306184,Quiet
2025-09-30,24708.55,24633.6,24731.8,24587.7,7.960132632423769,0.5831989331628062,0.0072168183244421,-0.1179670498904732,24641.8,-0.178097096348706,0.125620249984304,6.849751915612458,20251007.0,7.239583333333334,10.959016799926756,1.2332702720437807,2.998884167502987,2025,2025-09,5685.345489396864,6674.999713897705,111.90000343322754,-1.8499889373779297,0.0332767898449049,0.26828672949842386,0.1240344235703257,6.246097484375452,Quiet
2025-10-01,24636.8,24853.4,24867.95,24605.95,8.267636211076496,1.0634497986751523,0.0998180400311936,-0.1881558727415268,24682.3,0.8922772148610036,0.0129903871135317,7.284207204602381,20251007.0,6.239583333333333,9.29864978790283,0.9703309659148458,1.031013576826334,2025,2025-10,591.646754685268,1462.4998569488523,84.99999809265137,-2.500002861022949,0.69320930383312,0.22763943024198452,3.0452075156585434,6.20434628164699,Quiet
2025-10-03,24785.7,24895.0,24904.8,24747.55,6.097263442088774,0.6344384060163724,0.0821536699124423,-0.1452851435589201,24787.2,0.167381525264143,0.2723973379899713,7.2962051469917135,20251007.0,4.239583333333333,7.912597656249999,0.6805931970865696,1.8153342141612248,2025,2025-10,898.7419534042436,1424.9989986419678,71.84999656677246,-1.3500032424926758,0.4349018848437858,0.19370760952263474,2.2451461040458893,6.33253545581428,Quiet
2025-10-06,24931.0,25072.55,25095.95,24881.65,6.216142063949022,0.8595724198788627,0.1060282171868346,-0.2378906174075565,24953.45,0.7131954207672209,0.1446073508736711,7.685001379838577,20251007.0,1.2395833333333333,9.617540836334229,0.4480342366969719,3.401398772385207,2025,2025-10,-23536.54071184276,-22912.500500679016,43.40000057220459,-33.39999866485596,0.47728871158094766,0.23544617404135118,2.0271669884817154,6.228307157726466,Quiet
2025-10-07,25088.45,25115.75,25220.9,25076.3,7.727523234887042,0.5763608353644892,0.0131237231206069,-0.1150118539200068,25145.7,0.1722999854422591,0.0634159668641665,7.681297952986742,20251014.0,7.239583333333334,8.815169811248778,0.994006915489496,1.0876465763617356,2025,2025-10,7485.560108989892,8625.001430511475,92.15000343322754,-4.249990463256836,0.11910585109978777,0.21580339932036413,0.551918326935031,6.123080231434047,Quiet
2025-10-08,25095.9,25023.8,25192.5,25008.5,8.453313900136134,0.7331874927777047,0.0737653151446261,-0.1628493894297083,25171.05,-0.366104934154865,0.0790340722454985,7.748774931746491,20251014.0,6.239583333333333,8.33740472793579,0.8827601428952793,-0.1159091722003449,2025,2025-10,-8277.277577695651,-7537.501573562622,86.09999656677246,-19.100000381469727,0.5849974474644526,0.2041072742015998,2.8661273820483335,6.175856161050161,Quiet
2025-10-09,25082.2,25170.3,25199.25,25024.3,7.199640079207207,0.6975065983047768,0.0795698924731172,-0.1427536731851873,25062.5,0.5854426585890193,0.2333778243112538,7.894632378315652,20251014.0,5.239583333333333,8.364455223083494,0.8071820570643703,1.1648151438762877,2025,2025-10,-918.8921620080562,74.99814033508298,74.54999732971191,-4.600001335144043,0.4301246882792986,0.20476949500178504,2.1005310789849294,6.273327901272092,Quiet
2025-10-10,25182.0,25278.2,25330.75,25156.85,5.964270422439397,0.6905726312445455,0.0178594482936698,-0.3299929325593835,25276.75,0.428679832977763,0.0464833553831312,8.011236443652585,20251014.0,4.239583333333333,7.8581156730651855,0.6759175862170616,1.8938452506257883,2025,2025-10,3540.197932988678,4312.498569488525,59.99999713897705,-6.5500078201293945,0.005736496978459016,0.19237384086874057,0.02981952719015009,6.3549349805672914,Quiet
2025-10-13,25183.25,25237.15,25267.3,25152.3,6.651816646675292,0.4566527354491577,0.0074304344529528,-0.1952273493205647,25215.45,-0.1623928918989436,0.3756200995324033,7.947096092378246,20251014.0,1.2395833333333333,13.147820949554442,0.6147024939075051,6.496004302879149,2025,2025-10,12531.64995633734,13724.99656677246,54.69999694824219,-0.5500030517578125,0.08605834914705568,0.3218706519922844,0.2673693566480196,6.377304929367651,Quiet
2025-10-14,25278.3,25123.35,25310.35,25060.55,9.713731331889273,0.9881993646724632,0.0350549567815579,-0.2282594704719198,25236.6,-0.4509225487030144,0.1630532766179859,8.111588376567463,20251020.0,6.239583333333333,10.52468490600586,1.0986028228842235,0.8109535741165868,2025,2025-10,-3620.730696671225,-2700.00171661377,116.64999771118164,-23.30000114440918,0.4487530015929275,0.25765388848136545,1.7416892259531458,6.541136010348663,Quiet
2025-10-15,25197.2,25327.75,25365.15,25159.35,6.029227503108723,0.8167574174908439,0.062712688381136,-0.1616673942205922,25236.85,0.8135857678215785,0.2939496524150042,8.217669793985312,20251020.0,5.239583333333333,9.699073314666746,0.9276117997060692,3.669845811558023,2025,2025-10,-3153.764245560809,-1874.9985694885252,82.2500057220459,-20.74999713897705,0.3601875828401768,0.23744216349543054,1.5169487067409932,6.774933769419585,Quiet
2025-10-16,25403.05,25566.3,25625.4,25376.85,5.292037567291304,0.9784258189469488,0.1863357090194139,-0.3438573275959435,25433.6,0.9418523161354608,0.2973023659819773,8.807081112485243,20251020.0,4.239583333333333,8.771736621856686,0.7543171178052698,3.4796990545653816,2025,2025-10,-23221.641960662502,-22200.00457763672,69.75,-29.600006103515625,0.5217507549069023,0.21474011521865824,2.4296846184311285,6.837806316257546,Quiet
2025-10-17,25547.85,25704.7,25781.5,25508.6,9.035386856667548,1.0681916482208933,0.0602745065285775,-0.0828663587292572,25609.6,0.541337620226634,0.0721653113669229,8.916039903506576,20251020.0,3.239583333333333,9.391231060028074,0.709694801949269,0.355844203360526,2025,2025-10,-6118.018561344119,-5287.49942779541,78.0999984741211,-27.9500036239624,0.3713451205797913,0.22990590424825225,1.6152048021298882,6.900329086274491,Quiet
2025-10-20,25838.0,25847.6,25926.2,25788.5,8.38167529718099,0.5329359857574144,0.0095071905650173,-0.1698185086137393,25837.65,0.555929460371063,0.5185822048107802,8.996689588734206,20251028.0,8.239583333333334,10.22331953048706,1.2274723481248233,1.8416442333060683,2025,2025-10,4137.239460368487,5587.493419647217,109.3499927520752,-5.650003433227539,0.038509694186572574,0.2502761891440906,0.15386878918953623,7.047438393896174,Quiet
2025-10-23,26066.9,25870.3,26104.2,25862.45,6.960588562768802,0.9274213657934008,0.105606449248808,0.0099151708973188,26082.3,0.0878224670762595,0.8484346709172419,8.610866094486372,20251028.0,5.239583333333333,10.50906419754028,1.0047043514251344,3.548475634771478,2025,2025-10,4523.022006068564,5437.498569488525,96.39999771118164,-0.4000015258789062,0.8128117535646795,0.2572714792868922,3.1593542969381594,7.210240492192978,Quiet
2025-10-24,25930.95,25797.45,25944.15,25718.2,7.807134882250084,0.871352572890699,0.0784072515377175,-0.0149827324145191,25884.95,-0.2815970437142101,0.2344387193035979,8.711774879845517,20251028.0,4.239583333333333,10.119308471679686,0.8701967450993935,2.3121735894296016,2025,2025-10,-8674.792492382241,-7237.496137619019,73.10000610351562,-20.54999732971192,0.33803426315290874,0.2477299035321108,1.3645274887417564,7.272699898754024,Quiet
2025-10-27,25853.65,25974.0,26005.95,25827.0,6.287713663575194,0.6921653228847792,0.0226361611662282,-0.1020575464062441,25939.45,0.6843699667990366,0.2178509891481495,8.612553038596554,20251028.0,1.2395833333333333,15.121745109558104,0.7033688246190136,8.834031445982912,2025,2025-10,11832.036656065877,12487.500429153442,74.90000057220459,-6.799994468688965,0.13319480559532693,0.37019411629875804,0.35979719755414646,7.279683152296208,Quiet
2025-10-28,25930.05,25965.4,26041.7,25810.05,10.03149869874636,0.8933650340049535,0.069951605807305,0.0016775322286594,26020.75,-0.0331100331100286,0.1692076692076716,8.122086244770768,20251104.0,7.239583333333334,13.012568473815916,1.4703650206220638,2.981069775069555,2025,2025-10,9652.31414095654,10425.005435943604,150.25,-4.899993896484375,0.21271485256957323,0.31855954799135827,0.6677396860675595,7.3215764321933445,Quiet
2025-10-29,25988.2,26068.3,26097.85,25960.3,6.407961152129567,0.5292786726283438,0.0439928980074963,-0.1542123548606362,25987.25,0.3962966101042076,0.0878091614225029,6.93144966377113,20251104.0,6.239583333333333,11.378489971160883,1.1876978192224223,4.970528819031318,2025,2025-10,3102.2753548097944,3862.499713897705,120.3499984741211,-4.250005722045898,0.31188371220503,0.2785558154280566,1.1196453095971393,7.486953285207609,Quiet
2025-10-30,26012.6,25891.2,26032.05,25845.25,7.192181953160684,0.7181135295971924,0.0210756570952389,-0.2712422945275649,25913.75,-0.679369195536339,0.2136694759535595,7.677977934027784,20251104.0,5.239583333333333,11.301910400390623,1.085909995758541,4.109728447229941,2025,2025-10,6747.726655871651,7425.006866455078,96.80000495910645,-2.6999950408935547,0.08701943948675739,0.27668107766978584,0.3145117122559918,7.455302120457138,Quiet
2025-10-31,25885.2,25732.55,25953.75,25711.2,6.520371929434169,0.9370219275879624,0.1424975207872498,-0.0436115924823208,25921.2,-0.6127564577926181,0.0231738969225014,8.13444021255633,20251104.0,4.239583333333333,10.290374279022217,0.893284243871284,3.7700023495880464,2025,2025-10,-9943.155491464631,-9337.502002716064,91.44999885559082,-13.549993515014648,0.7277826643828256,0.2519177505642681,2.88896936699646,7.383843805082584,Quiet
2025-11-03,25694.0,25774.3,25803.1,25645.5,6.604436461438095,0.6133727718533454,0.0158139534883719,0.0130571419815125,25732.5,0.1622458714740648,0.1498102597682682,7.73692180551587,20251104.0,1.2395833333333333,15.236804962158198,0.7096084658471625,8.632368500720103,2025,2025-11,12306.920828905431,13350.003719329834,62.70000457763672,-2.8499975204467773,0.16244049353930645,0.3730108864629261,0.4354845915615162,7.3118557699331035,Quiet
2025-11-04,25763.1,25586.25,25787.4,25578.4,6.491199013958633,0.8112377780624227,0.08120704637017,-0.0885829513304223,25711.5,-0.7296027438184471,0.0434541384247144,8.388937861670904,20251111.0,7.239583333333334,11.316007137298582,1.2780273655893883,4.824808123339949,2025,2025-11,7406.29861666593,8174.999713897704,134.70000076293945,-0.3000011444091797,0.48713610641152316,0.27702617865016405,1.758447915591008,7.228695782451183,Quiet
2025-11-06,25610.15,25519.95,25679.15,25491.55,7.780987701676688,0.7325220664463198,0.0509451888739643,0.0292490313641311,25612.25,-0.2591235526894331,0.093409546142964,8.213415592361411,20251111.0,5.239583333333333,10.395909309387203,0.9995217132426866,2.6149216077105173,2025,2025-11,9853.369021493309,10500.0,92.44999885559082,-0.6499996185302734,0.36037443020429105,0.2545013443903427,1.4160020689382486,7.248392561044676,Quiet
2025-11-07,25443.15,25510.8,25551.25,25318.45,7.003293730367245,0.9149810459789736,0.105553678044385,0.0743183794033377,25352.5,-0.0358543022223822,0.3009410284894764,8.218898565230274,20251111.0,4.239583333333333,9.1896858215332,0.7928212207869048,2.186392091165956,2025,2025-11,-12055.685592283193,-10912.499070167542,91.20000076293944,-28.35000324249268,0.6243960161719686,0.22497189293419612,2.7754401139995,7.3266348429310595,Quiet
2025-11-10,25503.5,25574.25,25653.45,25503.5,5.262775018418937,0.5879585154978757,0.0427263993527851,0.0482378944900059,25551.05,0.2487181899430757,0.0286153315458559,8.0652642722106,20251111.0,1.2395833333333333,12.87198209762573,0.5988012234330878,7.609207079206794,2025,2025-11,7824.742052818654,9074.999213218687,56.60000038146973,0.0,0.0907986168865893,0.31511786524109986,0.2881417618677962,7.290423367705069,Quiet
2025-11-11,25620.0,25705.55,25715.8,25449.25,6.456726860928365,1.0403981264636974,0.1308462812524632,0.0103664842732141,25525.4,0.5134070402846636,0.1788908765652852,8.012834982866172,20251118.0,7.239583333333334,11.492787837982176,1.2914586799677354,5.036060977053811,2025,2025-11,-7508.747239501129,-6712.502002716064,118.10000038146973,-10.800005912780762,0.7057675883629599,0.2813539314851773,2.5084689047614828,7.13089642361921,Quiet
2025-11-12,25822.6,25874.0,25934.55,25781.15,4.612761450261627,0.5940532711655597,0.0493605564280905,-0.1432315802109552,25846.5,0.6553059553287222,0.4553491366650286,8.172490464833562,20251118.0,6.239583333333333,10.41838788986206,1.089122318302285,5.805626439600432,2025,2025-11,-763.5085652022955,637.5017166137695,114.30000114440918,-4.949996948242188,0.10639738455884284,0.2550516405482432,0.41716016540861145,7.093750762705268,Quiet
2025-11-13,25906.8,25884.1,26010.7,25808.4,6.541683266226875,0.7808760634273599,0.005191513714588,-0.0825577668908547,25870.4,0.039035325036707,0.1267681842776591,8.111946376558189,20251118.0,5.239583333333333,10.43515157699585,1.0061691949964564,3.8934683107689754,2025,2025-11,-3348.151913852852,-1837.5005722045896,98.5999984741211,-24.900007247924805,0.0529562743521339,0.25546203090328756,0.2072960673055246,7.026175314096379,Quiet
2025-11-14,25766.3,25916.8,25940.2,25740.8,8.711789711284599,0.7738790590810534,0.0211003489547649,0.1384737719272204,25860.25,0.1263323816551587,0.4551056440053935,7.819170438315674,20251118.0,4.239583333333333,11.545364856719967,0.9965100760752204,2.83357514543537,2025,2025-11,11985.480665231607,12675.000429153442,99.25000190734865,-5.149997711181641,0.21867538016839827,0.2826410648714528,0.7736858062994258,7.020668645073958,Quiet
2025-11-17,25948.5,26014.3,26024.2,25906.35,4.994996724726672,0.4541688344220367,0.0409579115062425,-0.2518059965565712,25965.5,0.3762038523274391,0.1223144832695366,7.478572573854961,20251118.0,1.2395833333333333,13.723501205444332,0.6412354855481311,8.72850448071766,2025,2025-11,7277.548048167124,8474.998712539673,68.10000038146973,-1.850001335144043,0.18794169186036047,0.3359638298666487,0.5594104934896075,6.970571564043725,Quiet
2025-11-18,26027.6,25894.7,26029.85,25876.5,5.5157327971677095,0.5891822526856051,0.0195883284324824,-0.2874294437925366,25953.9,-0.4597471390735075,0.0511257270039866,7.118888735064617,20251125.0,7.239583333333334,11.520219326019284,1.2986487109566145,6.004486528851576,2025,2025-11,2090.475352909128,3037.4979972839355,138.8499984741211,-10.249994277954102,0.22809674075957576,0.2820254793388862,0.8087806154758491,6.918860025124621,Quiet
2025-11-19,25933.65,26052.7,26074.65,25856.2,5.244150265441478,0.8423418994241101,0.1539004233017557,-0.2223014341065285,25909.15,0.6101634697447844,0.150416880674431,7.183891016601801,20251125.0,6.239583333333333,10.86453056335449,1.1385938944349776,5.620380297913012,2025,2025-11,-6287.961763967713,-4687.501430511475,104.05000114440918,-6.250001907348633,0.5540513679530124,0.26597362022453747,2.083106465540744,6.930044786618443,Quiet
2025-11-20,26136.0,26197.4,26246.65,26063.2,4.8606819104336445,0.7019054178145115,0.1344701969272944,-0.1917440592113561,26078.75,0.5554126827545636,0.3197365340252611,7.183425928248259,20251125.0,5.239583333333333,10.599740505218506,1.0132770934189714,5.739058594784861,2025,2025-11,-2719.051034230863,-1725.0044345855713,94.149995803833,-9.65000343322754,0.4549681253894544,0.2594913180255413,1.7533076977345061,6.740482957057138,Quiet
2025-11-21,26126.15,26063.95,26179.2,26052.2,5.323432519716528,0.4861030040782893,0.0400354295837036,0.0171962642502743,26117.25,-0.5094016963515524,0.2719735546275581,7.468935250095226,20251125.0,4.239583333333333,9.999295711517334,0.8666685752677677,4.675863191800806,2025,2025-11,471.7846387286311,1800.001859664917,76.45000267028809,-2.849996566772461,0.2040796791392685,0.24479188167213414,0.8336864676444042,6.564433287719771,Quiet
2025-11-24,26133.35,25943.35,26142.8,25912.15,5.4268353729082905,0.8825887228388164,0.0317893624515691,-0.2487921780307101,26071.95,-0.462708069958706,0.2662681596611316,7.598379048318385,20251125.0,1.2395833333333333,14.11020898818969,0.6612470256213454,8.6833736152814,2025,2025-11,8209.627941170145,9599.998354911804,72.94999885559082,-1.800002098083496,0.4932504089644296,0.34543078919324016,1.427928327166275,6.482575485567158,Quiet
2025-11-25,25998.8,25860.3,26032.6,25857.5,6.711509071080456,0.6734926227364284,0.0547778229232089,0.0403015078894469,25968.65,-0.3201205703966536,0.2137349262913312,7.279691921393215,20251202.0,7.239583333333334,11.148370265960692,1.2617136196778975,4.436861194880236,2025,2025-11,6280.399564052023,7424.998998641967,135.25,-5.849998474121094,0.4172338569775613,0.2729222750997204,1.5287643957427526,6.3635605101000685,Quiet
2025-11-26,25899.9,26202.7,26215.15,25889.75,5.71304063345312,1.2563755072413465,0.1439939201573617,-0.0419232515743224,26040.65,1.3240372308132686,0.153130474124441,8.704186102817351,20251202.0,6.239583333333333,10.261418819427488,1.0717858659577069,4.548378185974369,2025,2025-11,-11646.378260700423,-10612.504005432129,117.10000038146973,-20.04999542236328,0.622296294447322,0.25120889449646416,2.4772064527997077,6.38475028047533,Quiet
2025-11-27,26262.85,26219.85,26310.45,26141.9,6.573141256762574,0.6417810709804888,0.0328237410071937,-0.1059107261225422,26233.0,0.0654512702889409,0.2295564960862695,8.60673576748637,20251202.0,5.239583333333333,9.89985656738281,0.9465177273753032,3.3267153106202363,2025,2025-11,2919.5932789615413,4125.004291534424,93.95000267028809,-3.5499963760375977,0.050127701749713705,0.24235752070243916,0.20683369595639375,6.168827377210669,Quiet
2025-11-28,26251.75,26204.55,26280.75,26172.4,4.638538059739735,0.4127343891359568,0.0122521025854,0.1436383554939647,26215.2,-0.0583527365717206,0.1216635487998551,8.200202077144022,20251202.0,4.239583333333333,8.983187675476072,0.7793188509809701,4.344649615736338,2025,2025-11,6523.463170421215,7649.999141693115,77.0,-1.1999988555908203,0.040625286093565194,0.2199166299243315,0.18473039582110487,6.17708638244232,Quiet
2025-12-01,26313.2,26175.95,26319.9,26124.2,5.962587062800484,0.743733183345244,0.1071945919845501,-0.0192673072902211,26282.5,-0.1091413514065275,0.4146226514097906,7.837889099308737,20251202.0,1.2395833333333333,12.251725673675534,0.5709121865209295,6.2891386108750496,2025,2025-12,5087.880748663726,5662.503182888031,58.75,-1.4999990463256836,0.4054028345857441,0.2999334221044584,1.351642747051223,6.049404187771271,Quiet
2025-12-02,26097.65,26055.65,26154.6,25997.85,5.453873810343005,0.6006287922475778,0.0696005740253527,-0.1588123157012669,26085.65,-0.4595821737128913,0.2991295444864428,8.065791982523612,20251209.0,7.239583333333334,10.528875827789308,1.1841759507487233,5.075002017446302,2025,2025-12,4096.446087983731,5137.49885559082,116.30000114440918,-1.8000011444091797,0.11500575987181128,0.2577564860701266,0.4461798871688614,6.021514944439589,Quiet
2025-12-03,26045.0,25981.15,26066.45,25891.0,5.597181307047168,0.6736417738529497,0.0373587414136919,-0.0300324693839235,25941.95,-0.2859264689232477,0.0408740522689021,7.635252973194137,20251209.0,6.239583333333333,10.128833293914791,1.0581317133060546,4.531651986867625,2025,2025-12,5327.080763867069,6262.5017166137695,113.29999923706056,-1.6000003814697266,0.1511066053245802,0.24796307987020413,0.6093915489502578,5.963986811884833,Quiet
2025-12-04,25988.85,26010.35,26098.25,25938.95,5.477119417163783,0.612955171159937,0.021448329025527,0.0156463430002488,26025.2,0.1123891744591709,0.029636871347094,7.531052868880613,20251209.0,5.239583333333333,9.186256885528564,0.878187307116786,3.7091374683647818,2025,2025-12,3449.1778871103684,4987.496852874756,93.8499984741211,-4.699996948242188,0.05706008022994258,0.22488794945248258,0.2537267130980667,5.91928592653926,Quiet
2025-12-05,26003.95,26176.65,26202.6,25985.35,7.4805746874459,0.8354499989424684,0.0895224518888114,-0.2387496707760346,26046.55,0.6393608698076036,0.0246055896979346,7.752071953667309,20251209.0,4.239583333333333,8.945088386535643,0.7705434959648867,1.4645136990897427,2025,2025-12,-11600.237567886594,-10912.501215934752,79.5999984741211,-28.100000858306885,0.4994903355722835,0.21898392457195795,2.280945218004582,5.8040925123136144,Quiet
2025-12-08,26170.75,25932.55,26178.7,25892.25,6.8963407173818245,1.0945425713821757,0.1151603498542268,-0.1264501263193687,26122.45,-0.9325104625687476,0.0225391713607359,8.599816972421245,20251209.0,1.2395833333333333,12.25553560256958,0.5761327753916755,5.359194885187756,2025,2025-12,-10636.82651611848,-9825.001001358034,49.34999942779541,-22.15000343322754,0.7269609091030915,0.30002669263969584,2.422987443907546,5.827956560167547,Quiet
2025-12-09,25880.15,25841.75,25923.65,25728.0,8.322625034858639,0.7559847991607523,0.0483777431859104,0.1156022186593233,25761.0,-0.3501391108857388,0.2020626587049823,8.556768658145426,20251216.0,7.239583333333334,10.95215892791748,1.2373355071619891,2.629533893058841,2025,2025-12,1884.7894158177612,3187.504291534424,119.30000114440918,-12.04999828338623,0.31345832848104216,0.2681188425349967,1.1691021992985349,5.909634845115692,Quiet
2025-12-10,25868.05,25742.65,25947.65,25734.55,7.358772660762143,0.823796150077034,0.1017677347413977,0.1166522434710618,25915.8,-0.3834879603741958,0.1017732932173665,8.338092285563253,20251216.0,6.239583333333333,9.444951057434082,0.9939882469517268,2.086178396671939,2025,2025-12,-4549.408635069111,-3450.002431869507,100.3000030517578,-7.550000190734863,0.6681252363422985,0.231221018795099,2.8895523418412523,6.0029297538122055,Quiet
2025-12-11,25777.45,25898.4,25922.8,25693.25,7.6564929763466045,0.8905070129124458,0.1232482242273013,-0.0176474110598608,25700.55,0.6050270659780477,0.1351842176310569,8.63183602531582,20251216.0,5.239583333333333,10.049205780029297,0.9632089407517088,2.3927128036826906,2025,2025-12,-14860.567321947869,-13687.493920326231,87.90000343322754,-26.749993324279785,0.7698278830608807,0.2460137256837435,3.129207042905048,6.140230314337232,Quiet
2025-12-12,25989.2,26043.0,26057.6,25938.45,5.400751180242334,0.4584596678620266,0.0243758018355869,-0.2153984976771749,26018.75,0.5583356500787673,0.3506008093163926,8.84647305698668,20251216.0,4.239583333333333,8.45894145965576,0.7363920191174483,3.0581902794134264,2025,2025-12,7961.731547047806,8474.99656677246,64.74999809265137,-4.849998474121094,0.09320201777565096,0.20708260427567143,0.45007169048144213,6.195970799843218,Quiet
2025-12-15,25959.5,26014.0,26047.15,25904.75,4.971990466103509,0.5485467747838034,0.1300911854103358,-0.1945018864140577,25906.25,-0.1113542986599047,0.3206235840724991,8.75916530791111,20251216.0,1.2395833333333333,12.700154304504393,0.591556091676719,7.728163838400884,2025,2025-12,3420.531021098669,4237.500429153442,57.55000019073486,0.0,0.4159227985524705,0.3109113641018951,1.3377536062533883,6.030418873291104,Quiet
2025-12-16,25980.75,25850.15,25980.75,25834.35,6.115364305886343,0.5634941254582776,0.0377516778523478,0.0372470872021453,25928.15,-0.629853155992921,0.127815791496888,8.897658820254474,20251223.0,7.239583333333334,9.55924892425537,1.074507787268766,3.443884618369026,2025,2025-12,3838.175826704887,4500.002861022949,115.35000228881836,-2.5,0.30083133582612387,0.2340191348522196,1.2854988803206004,6.029268560359946,Quiet
2025-12-17,25904.15,25822.65,25929.15,25770.35,6.122677606212903,0.6130291864431101,0.0460985668204661,-0.1749795947671949,25881.75,-0.106382361417634,0.2088962733291621,8.596786883017849,20251223.0,6.239583333333333,9.130250930786133,0.952794946645863,3.007573324573229,2025,2025-12,533.9416992652518,1462.495565414429,97.8499984741211,-5.649997711181641,0.22834622852009323,0.22351687258449346,1.0216062254261105,6.059250135795878,Quiet
2025-12-18,25768.9,25815.65,25902.35,25726.3,6.248358994346108,0.6831878737547946,0.0433567550303407,-0.0058505597382508,25745.2,-0.0271079846568822,0.2081505964724783,8.302672577389043,20251223.0,5.239583333333333,8.745067119598387,0.8378260683476616,2.4967081252522787,2025,2025-12,2099.142168297351,3000.0007152557373,65.25000381469727,-13.499998092651367,0.273643242235444,0.2140872214719968,1.27818578032803,6.103176502834449,Quiet
2025-12-19,25913.35,25961.4,25993.35,25880.45,5.005789372652657,0.4356827658330468,0.0120307988450434,-0.163642122256317,25967.95,0.5645800125117839,0.3784526052994952,8.426667462894507,20251223.0,4.239583333333333,8.287494659423826,0.7214662925010085,3.281705286771169,2025,2025-12,10278.431946714974,11212.498426437378,82.35000038146973,-0.6000003814697266,0.02522340038393356,0.20288543018999047,0.12432336989557753,6.172560357030072,Quiet
2025-12-22,26080.65,26162.75,26180.7,26047.8,3.5960201468345323,0.5095731893185234,0.0544970579994431,-0.2416348225426154,26134.1,0.7755745067677289,0.4593357831241818,8.702516314240466,20251223.0,1.2395833333333333,10.621838092803952,0.4949472233167332,7.025817945969421,2025,2025-12,5471.764026934281,6300.000429153442,43.00000286102295,0.0,0.10962688594595704,0.2600322871299179,0.4215895155019154,6.156678199676879,Quiet
2025-12-23,26206.55,26164.55,26233.55,26119.05,4.9516821411798455,0.4369136723452725,0.0809588897066512,0.1534965966088707,26127.0,0.006880010702237,0.1674135937544729,8.598061755592887,,,,,,2025,2025-12,,,,,0.14372105484747877,,,6.06513743837319,Quiet
2025-12-24,26183.8,26141.65,26236.4,26123.0,4.3796487153544765,0.4330922173252219,0.0776328529931029,-0.1883147972500071,26217.55,-0.0875230034531382,0.0735728304136706,7.190139304550179,20251230.0,6.239583333333333,7.276339530944824,0.7716205482654093,2.896690815590348,2025,2025-12,2294.8620809669032,3412.5008583068848,74.5,-0.8499984741210938,0.2895007351945478,0.17813143013799645,1.625208616863822,5.97714609187816,Quiet
2025-12-26,26120.75,26047.65,26144.2,26008.6,3.385541032334842,0.5191275135668086,0.0696616434461158,0.0338941701952797,26089.1,-0.3595794450618084,0.0799490468275765,7.288063779455784,20251230.0,4.239583333333333,6.525783538818359,0.5617288563107115,3.140242506483517,2025,2025-12,-907.0378119827304,-112.49971389770506,56.70000171661377,-3.050000667572021,0.15887861214068932,0.1597571346962375,0.9945008868792082,5.910476495973228,Quiet
2025-12-29,26066.2,25949.8,26106.8,25920.3,4.041022756091783,0.7154859549915216,0.1841441895639034,-0.1340825281300998,26082.5,-0.3756576888894081,0.0712156374951256,7.389640677942857,20251230.0,1.2395833333333333,8.596479892730711,0.4014185785984451,4.555457136638928,2025,2025-12,-20636.00047764748,-20099.997460842133,42.45000171661377,-32.250001430511475,0.508770248250745,0.21044967059773995,2.417538819641226,5.751096484751842,Quiet
2025-12-30,25956.15,25961.2,25976.75,25878.0,5.027961168374572,0.3804493347434037,0.0042649401366853,-0.1530082037741498,25931.7,0.0439309744198368,0.0244703234707044,7.392764600046441,20260106.0,7.239583333333334,8.441415786743162,0.9494171109038058,3.41345461836859,2025,2025-12,4101.703436697698,4725.000858306885,90.54999923706056,-1.7500057220458984,0.11376037822432572,0.2066535598135796,0.550488355133819,5.721220719569445,Quiet
2025-12-31,25976.45,26141.85,26187.95,25969.0,4.340500703911159,0.8428788383324153,0.2096498970285323,-0.0148072981548844,25977.25,0.6958461088085288,0.0587415065559371,7.656298524304309,20260106.0,6.239583333333333,7.908406734466553,0.825145072993181,3.5679060305553936,2025,2025-12,-17624.314753911003,-16912.49656677246,90.85000228881836,-27.699996948242188,0.6336313505086233,0.19360501193387367,3.272804480521619,5.674489424848149,Quiet
2026-01-01,26175.7,26140.25,26197.55,26113.4,5.16412244253827,0.3214813739460561,0.0080467477727765,-0.2004658978037741,26169.25,-0.0061204543672199,0.1294858627067352,7.573135969372574,20260106.0,5.239583333333333,7.047743797302246,0.6863016650233427,1.883621354763976,2026,2026-01,3878.254175652343,4500.001430511475,71.89999961853027,-2.1000003814697266,0.11081708493747566,0.17253519802375514,0.6422868273070753,5.618820769526556,Quiet
2026-01-02,26155.65,26335.7,26340.0,26118.4,3.6021760304846344,0.8472356833036019,0.082172609130295,0.1053748877343204,26247.3,0.747697516282364,0.058912979026604,7.987444754372978,20260106.0,4.239583333333333,6.544833183288573,0.5650105079446565,2.942657152803939,2026,2026-01,4240.822276844721,4837.4998569488525,54.54999923706055,-1.2999992370605469,0.33679654669243053,0.16022348737242426,2.1020422923986106,5.597167826301112,Quiet
2026-01-05,26342.45,26244.65,26373.2,26210.05,6.112459196658535,0.6193425440686096,0.0079036815594426,-0.1547274900255305,26275.45,-0.3457284218760015,0.0256306078820767,7.808673481671328,20260106.0,1.2395833333333333,9.74555444717407,0.4568903788584317,3.633095250515536,2026,2026-01,4468.367827050388,5175.000786781311,37.85000133514404,-15.349995613098145,0.11721968605675759,0.23858006402532625,0.4913222172843169,5.503420656967154,Quiet
2026-01-06,26199.85,26174.65,26273.95,26124.75,5.805569113421797,0.5694689091731469,0.0277640467951891,-0.015499526702791,26209.25,-0.2667210269521547,0.1707014572493892,7.059904029094108,20260113.0,7.239583333333334,8.73554229736328,0.9895361312289404,2.929973183941483,2026,2026-01,10966.13140343367,11625.002145767212,101.45000267028809,-5.599996566772461,0.13201446054350585,0.2138540451339034,0.6173110284673166,5.435014882427786,Quiet
2026-01-07,26160.5,26142.9,26187.15,26067.9,5.614851046970864,0.4558399113166797,0.0084674005080445,0.0632375824725586,26113.1,-0.1213005713543435,0.0540599396744667,6.934612107441948,20260113.0,6.239583333333333,7.81087255477905,0.8242989151039134,2.1960215078081857,2026,2026-01,5202.780110853104,5925.001859664917,81.55000114440918,-1.4500045776367188,0.11411896710846747,0.19121728623179732,0.5968025661138724,5.380476302229785,Quiet
2026-01-08,26097.25,25868.9,26133.2,25858.45,6.175619143017,1.0527929187941258,0.1457238413760141,-0.1186095731691918,26077.7,-1.0480857135206856,0.1746172000810952,7.8391525040992285,20260113.0,5.239583333333333,7.288531303405761,0.6967638900219045,1.1129121603887606,2026,2026-01,-14430.850520406566,-13800.001859664915,64.10000228881836,-24.649991989135746,0.8006841094114869,0.17842989585075597,4.487387640920907,5.245087602835396,Quiet
2026-01-09,25866.1,25703.7,25940.6,25623.0,7.919506919558174,1.2278619505839634,0.1150558025305431,-0.1289968472531106,25853.6,-0.6386046565567183,0.0108238077382583,7.862936881253526,20260113.0,4.239583333333333,8.689823150634764,0.7503790574620169,0.7703162310765901,2026,2026-01,-17697.423933969443,-16125.001430511476,88.59999656677246,-30.749995708465576,0.5798031995544073,0.21273479871105516,2.7254741728546206,5.1859299269481385,Quiet
2026-01-12,25676.9,25806.1,25813.15,25473.4,10.401353582973227,1.3231737476097192,0.1092445134977666,0.0395031294786611,25560.8,0.3983862245513281,0.1042651447067943,7.721662627592322,20260113.0,1.2395833333333333,14.21002912521362,0.6625379427643935,3.808675542240392,2026,2026-01,-33228.78645472466,-31724.99442100525,65.55000114440918,-48.99999141693115,0.9596726237050435,0.3478744772164589,2.758675000775937,5.199080624108716,Quiet
2026-01-13,25898.0,25714.2,25899.8,25603.3,10.516788699577678,1.1448760522048034,0.0059435364041612,0.0386391282013267,25766.4,-0.3561173520989169,0.356117352098928,7.798244943529229,20260120.0,7.239583333333334,10.983019351959229,1.242509601250017,0.4662306523815491,2026,2026-01,11588.838148090686,12449.99885559082,127.19999885559082,-4.649997711181641,0.20258941877794312,0.26887433387041926,0.7534725083710617,5.449110744245262,Quiet
2026-01-14,25653.45,25669.1,25791.75,25603.95,8.473216751928687,0.7320652777696539,0.015003794734075,-0.0219789791184231,25691.85,-0.1753894735204708,0.2362507875026231,7.517089034550498,20260120.0,6.239583333333333,9.943670749664305,1.0388508774388512,1.4704539977356177,2026,2026-01,4032.7941774391215,5512.503147125244,104.9000015258789,-2.950000762939453,0.08854948164496168,0.24343013185766874,0.3637572759346641,5.726350655918971,Quiet
2026-01-16,25717.85,25701.9,25873.5,25662.4,8.39645527419429,0.8208306681934865,0.0089992148336058,-0.0697008356882754,25721.2,0.1277800935755468,0.1899170598112176,7.533150248628069,20260120.0,4.239583333333333,9.848041534423825,0.8555199423913475,1.4515862602295346,2026,2026-01,1606.9844756434509,2737.499713897705,83.85000228881836,-11.05000114440918,0.07503537937576521,0.24108904142321108,0.3112351309408836,5.844243278221088,Quiet
2026-01-19,25653.3,25553.75,25653.3,25494.35,7.57763641414626,0.6196083934620525,0.0455716267089358,-0.0091677081066683,25560.95,-0.5764165295172763,0.1890910788696631,7.785847074702922,20260120.0,1.2395833333333333,13.977623462677,0.6517754562100434,6.39998704853074,2026,2026-01,6808.339043174394,8062.501430511475,68.1500015258789,-4.549998283386231,0.028167967153025497,0.3421849745669803,0.08231795445919503,5.957932161620157,Quiet
2026-01-20,25585.0,25225.35,25585.0,25171.35,7.783868149573628,1.6167676372874789,0.1192001355702419,-0.0235939084971447,25463.25,-1.2851342757912332,0.1222912488382244,8.578051396004845,20260127.0,7.239583333333334,11.142655372619627,1.2592657806701202,3.358787223045999,2026,2026-01,-9979.301150016816,-8699.997425079344,122.25000381469728,-11.59999656677246,0.9342876498483199,0.2727823692968644,3.425029455740047,6.024396032610165,Quiet
2026-01-21,25145.8,25168.1,25300.95,24919.8,14.292183616395048,1.515760087171621,0.0129360465116272,0.0119259292094819,25195.8,-0.2269542345299524,0.3153573686787259,7.863650277633116,20260127.0,6.239583333333333,11.57927322387695,1.2097254425410495,-2.712910392518097,2026,2026-01,-12212.400553632213,-9749.99713897705,113.8000030517578,-59.49998092651367,0.1099389580803134,0.2834711726350652,0.3878311754184842,6.1632999714562136,Quiet
2026-01-22,25352.4,25320.45,25435.75,25168.5,12.064356209837753,1.0541408308483613,0.0519122977282193,-0.3461752160677195,25400.55,0.605329762675777,0.7322761749993134,8.33748970001367,20260127.0,5.239583333333333,11.814726829528809,1.131471598667247,-0.249629380308944,2026,2026-01,-4770.876961964707,-4124.998569488525,111.29999923706056,-48.75000190734863,0.31534750231785313,0.2892352917127339,1.0902801675773843,6.698108144934238,Quiet
2026-01-23,25347.95,25064.75,25347.95,25025.3,9.634263723668996,1.272884000481307,0.1051303169584729,-0.1616397511275706,25269.0,-1.0098556700216643,0.1086078643941945,8.85424682262357,20260127.0,4.239583333333333,11.28933763504028,0.9774822905536428,1.6550739113712858,2026,2026-01,-7277.039383530221,-5249.998569488525,88.05000114440918,-15.299996376037598,0.8083026633424306,0.2763732849035025,2.924677266200511,7.053741848367134,Quiet
2026-01-27,25085.85,25234.1,25246.65,24932.55,12.752768105883224,1.252100287612348,0.0101891710437976,-0.0313169455423144,25143.8,0.675650066328215,0.0841819687010581,9.36781951692518,20260203.0,7.239583333333334,20.41792726516724,2.294601500994405,7.665159159284011,2026,2026-01,11604.29811111663,14099.99942779541,227.7999992370605,-7.800003051757812,0.35913425973799207,0.4998494873322055,0.7184848016045027,7.316472598782861,Quiet
2026-01-28,25247.45,25348.05,25372.1,25187.65,8.279478534577713,0.7305688297233863,0.0267868014123946,-0.0560459413796843,25284.8,0.4515714846180296,0.0529046013133083,9.569611442222964,20260203.0,6.239583333333333,17.8168888092041,1.8586265145393368,9.537410274626389,2026,2026-01,9575.358986735457,11325.00171661377,181.1500015258789,-1.3000030517578125,0.2501502879200146,0.4361736929256631,0.5735107182694019,7.784833952460278,Normal
2026-01-29,25354.85,25422.1,25458.15,25159.8,9.58027219926736,1.1766979493075376,0.1103138536766872,-0.1971380645220593,25215.1,0.2921329254124138,0.0268265211722296,9.664544937852687,20260203.0,5.239583333333333,16.809543609619137,1.6103446072066256,7.229271410351776,2026,2026-01,-8407.394656542585,-6449.993133544922,156.35000228881836,-16.750003814697266,0.8209366609690294,0.4115129634089063,1.9949229646826285,7.9967567413845755,Normal
2026-01-30,25271.3,25315.8,25370.7,25213.65,9.032710655347929,0.6214559599229137,0.0195947264263999,-0.0941690383569267,25283.7,-0.4181401221771574,0.5931846700311882,9.24287419529889,20260203.0,4.239583333333333,18.13425588607788,1.559305006783026,9.101545230729952,2026,2026-01,-3830.306316704209,-2850.0051498413086,149.04999923706055,-13.400005340576172,0.1269592662466179,0.4439431285109348,0.2859809243415078,8.224372292929214,Normal
2026-02-01,25329.75,24768.0,25440.9,24571.75,28.784494403756423,3.431340617258368,0.092178215634733,-0.0749657430040364,25338.2,-2.163866044130536,0.0551039271917241,11.634244775940504,20260203.0,2.239583333333333,24.97384023666381,1.5608843564262656,-3.810654167092608,2026,2026-02,-43294.05488457991,-42074.99885559081,145.5999984741211,-106.15000820159912,2.250357168228212,0.6113823933690345,3.680768685253717,8.458982790501054,Normal
2026-02-02,24813.15,25081.3,25108.1,24679.4,14.025402252214342,1.7277129264119917,0.0700749706440238,0.0659400861689178,24875.5,1.264938630490953,0.1822916666666785,12.354938960899576,20260203.0,1.2395833333333333,27.447246074676507,1.278165250741662,13.421843822462163,2026,2026-02,15042.249689288405,17324.998140335083,107.84999656677246,-2.0999975204467773,0.8273200538682524,0.6719336248451254,1.2312526465079674,9.64000138856196,Stressed
2026-02-03,26324.0,25714.8,26341.2,25641.3,10.633915509788643,2.658790457377304,0.0254399144363242,-0.0772365130180298,25692.3,2.525786143461461,4.954687356715959,15.76542269020565,20260210.0,7.239583333333334,16.553897380828854,1.8608687849850991,5.919981871040211,2026,2026-02,32701.30873366376,33862.49828338623,190.89999771118164,-3.200016021728516,0.08757487651942508,0.4052545104944798,0.21609846220482223,10.161162699648447,Stressed
2026-02-04,25657.9,25737.5,25818.55,25563.95,6.915002258869091,0.9922869759411276,0.0107031471505516,0.0648960223402497,25790.95,0.0882760122575376,0.2212733523107246,15.765169754544042,20260210.0,6.239583333333333,13.287264347076416,1.38692059403877,6.372262088207325,2026,2026-02,10150.264652019525,11775.00343322754,135.8499984741211,-0.9000053405761719,0.20724323842278292,0.3252843535819716,0.637114070014922,10.387235515304951,Stressed
2026-02-05,25749.6,25641.6,25757.65,25579.5,6.769317616737254,0.691855407462646,0.0109353357148062,-0.0871701140500523,25633.45,-0.3726080621661021,0.0470131131617312,15.799208373947303,20260210.0,5.239583333333333,12.109615325927734,1.1576670327248186,5.34029770919048,2026,2026-02,6687.862956173618,7687.501430511475,107.4000015258789,-1.8999977111816408,0.03179439365359471,0.29645443114010517,0.10724883932859346,10.442707172577316,Stressed
2026-02-06,25621.0,25673.6,25703.95,25491.9,8.347432316258113,0.8276413879239658,0.0759672408924039,-0.0761486157916232,25551.3,0.1247972045426148,0.0803382004243014,15.40143807270715,20260210.0,4.239583333333333,10.755947589874266,0.926763003926858,2.4085152736161533,2026,2026-02,2707.606128508109,3299.996852874756,82.29999923706055,-1.0000038146972656,0.4786449221761746,0.26331540997027286,1.8177626680877184,10.500430501065635,Stressed
2026-02-09,25907.15,25863.3,25922.25,25780.9,4.366296602243964,0.5456022758196041,0.0701647345942661,-0.1260421921912358,25798.45,0.7388913124766416,0.9096893306743236,15.45960607789008,20260210.0,1.2395833333333333,14.145260334014887,0.6577914446342403,9.778963731770926,2026,2026-02,6610.27902339825,7125.0,54.79999923706055,-2.9000015258789062,0.2513716909349206,0.34628887811742387,0.7259017162245749,10.60902115972769,Stressed
2026-02-10,25928.2,25915.95,25989.45,25870.45,5.230346788677416,0.4589597426739997,0.0063070695660366,0.0524876246107739,25949.7,0.2035703100532471,0.2509347221739011,15.414346655212356,20260217.0,7.239583333333334,10.270181655883787,1.1578168416137458,5.039834867206372,2026,2026-02,5104.117264978354,5962.497711181641,124.29999542236328,-3.150009155273437,0.13005930704401703,0.25142341672751006,0.5172919401734719,10.431360643861982,Stressed
2026-02-11,25996.15,25945.35,26009.4,25899.8,5.7503977240990665,0.421600890901161,0.0280796314005041,-0.2125682862230656,25934.75,0.1134436514964587,0.3094619336740489,15.35005744558957,20260217.0,6.239583333333333,9.61868381500244,1.0040582674823506,3.868286090903375,2026,2026-02,5471.502170986835,6599.997997283936,95.89999961853027,-0.7500057220458984,0.040871803275521756,0.23547415520192233,0.173572353367076,10.172810304147191,Stressed
2026-02-12,25890.75,25796.15,25892.3,25752.4,6.040366554186891,0.5403474213763518,0.0428939215429626,-0.0457521627875456,25849.5,-0.575054874958314,0.2104423335973493,15.492508094229391,20260217.0,5.239583333333333,9.457142829895018,0.9065939615989308,3.416776275708127,2026,2026-02,1997.6768277425344,2700.003147125244,80.30000495910645,-2.799995422363281,0.20638697073444012,0.23151948450785848,0.8914453622474039,9.93449075537326,Stressed
2026-02-13,25578.95,25460.55,25630.35,25444.3,6.968237989688992,0.7273558922473333,0.0452999965655813,-0.1027974699730685,25561.95,-1.3009693306947012,0.8419861103304171,16.186495295424468,20260217.0,4.239583333333333,9.83318281173706,0.8506784677132876,2.8649448220480664,2026,2026-02,-6759.6896974791225,-5474.99942779541,85.5,-7.299999237060547,0.3966833516222401,0.24072528633578547,1.6478673996420559,9.81284824548617,Stressed
2026-02-16,25440.35,25684.15,25697.0,25372.7,6.819729981763883,1.2747466131558698,0.1583251195560922,-0.067623227992886,25459.25,0.8782214052720949,0.0793384274888064,16.372283689404618,20260217.0,1.2395833333333333,14.54149293899536,0.6775533450514057,7.721762957231476,2026,2026-02,-26932.890788721976,-26174.99613761902,71.25,-34.89999485015869,0.8833724481279059,0.3559890137821089,2.481459859512951,9.741437381260905,Stressed
2026-02-17,25648.35,25716.0,25764.4,25570.3,7.3222679805279425,0.7567738275561672,0.0612390136284375,-0.1921506895806653,25644.65,0.1240064397692641,0.1393855743717531,15.617095047035324,20260224.0,7.239583333333334,11.320960044860838,1.2743398244583908,3.998692064332896,2026,2026-02,-1107.9324653889985,-187.5,117.70000076293944,-6.30000114440918,0.27822567280113564,0.2771474303459726,1.0038905013617374,9.703542059641787,Stressed
2026-02-18,25759.75,25805.7,25828.05,25645.15,6.373079845299785,0.7100224186958252,0.0725242361025905,0.0081002331058355,25734.6,0.3488100793280546,0.1701275470524121,15.590459803541846,20260224.0,6.239583333333333,9.895665645599363,1.032850667167816,3.522585800299578,2026,2026-02,-526.1913784032087,187.49284744262687,104.29999732971191,-15.94999885559082,0.2762817374274418,0.24225492311367805,1.1404587113294562,9.680462051189503,Stressed
2026-02-19,25865.2,25416.45,25885.3,25388.75,7.8386315712516,1.9197609142786416,0.1679534313725447,-0.0924757528801843,25781.15,-1.5083876817912345,0.2305692153284022,16.513364158900547,20260224.0,5.239583333333333,9.658307075500488,0.9233490478576704,1.8196755042488864,2026,2026-02,-40837.754808795886,-40049.99113082886,98.45000457763672,-59.35000705718994,1.4145994263250472,0.23644416876839086,5.982805301114106,9.28450686263474,Normal
2026-02-20,25400.3,25565.9,25663.55,25379.75,9.19558197613918,1.117309638075138,0.0729842509086006,0.0299164063768182,25487.5,0.5880050125017577,0.0635415252720261,16.15667298609805,20260224.0,4.239583333333333,11.629183292388916,1.0000980932844683,2.433601316249735,2026,2026-02,-9518.088012838063,-8287.499427795412,94.95000076293944,-18.850000381469727,0.30760176557136365,0.2846930166466747,1.0804682503087895,9.073220630705432,Normal
2026-02-23,25678.7,25704.25,25771.45,25609.35,8.066623142463499,0.6312624860292856,0.0216325893553934,-0.0762305686883364,25736.5,0.541150516899469,0.4412127091164342,16.100507204985828,20260224.0,1.2395833333333333,17.082334518432614,0.794785627617422,9.015711375969117,2026,2026-02,7044.266502302312,7912.499427795411,77.89999961853027,-13.65000343322754,0.1253084141200289,0.418191133731901,0.2996438805428217,9.05128654332894,Normal
2026-02-24,25618.9,25460.25,25631.4,25327.6,8.056096667669985,1.1858432641526486,0.0463978194883224,-0.198222029287072,25504.7,-0.9492593637238976,0.3320462569419424,16.455536261092025,20260302.0,6.239583333333333,14.426814079284664,1.5075652722831476,6.370717411614679,2026,2026-02,5805.63534959157,6750.007152557373,150.4000015258789,-5.849998474121094,0.17428160299866047,0.35318157067146444,0.49346177001058816,8.816979295157953,Normal
2026-02-25,25515.65,25475.9,25652.6,25428.2,8.071827912569088,0.8794602528252182,0.0454982377443116,-0.0482628965165298,25572.4,0.0614683673569649,0.2175940927524378,16.426623289089527,20260302.0,5.239583333333333,11.887877464294434,1.1445933778145272,3.816049551725346,2026,2026-02,-4895.893081708787,-4087.502002716065,104.85000038146973,-16.300006866455078,0.37735996621357515,0.2910260859892911,1.2966534079953949,8.805810201812568,Normal
2026-02-26,25561.45,25493.3,25572.95,25400.95,8.689274683416587,0.6728882751174131,0.0241758241758236,-0.015225646094807,25564.5,0.0682998441664306,0.3358075671517024,16.346802995001358,20260302.0,4.239583333333333,11.746148109436035,1.014883909124928,3.056873426019449,2026,2026-02,4889.910387936997,5737.495422363281,93.04999732971191,-17.350003242492676,0.2785112167263182,0.2875564220784615,0.9685445893130661,8.730387987477654,Normal
2026-02-27,25471.2,25181.8,25476.4,25141.3,8.216236721996351,1.31560350513522,0.0821616247692094,-0.1074453703659244,25354.95,-1.221889672972898,0.0866894438930954,14.944244192769398,20260302.0,3.239583333333333,11.623849391937254,0.8755686759390178,3.407612669940903,2026,2026-02,1907.3351793333804,3375.0014305114746,87.85000419616699,-3.3500003814697266,0.6829041272019887,0.2845624378973423,2.399839319089439,8.713216188881088,Normal
2026-03-02,24741.0,24849.75,24989.35,24603.5,13.766722334566516,1.5595570106301222,0.0538413437695398,0.0099068798204306,24966.3,-1.3186110603689905,1.7504705779570973,15.056911735196936,20260310.0,8.239583333333334,18.11558723449707,2.175933157896845,4.348864899930556,2026,2026-03,952.2091777391634,2962.50057220459,214.45000076293945,-32.39999198913574,0.46682928587735706,0.4434861028882717,1.0526356583375651,7.684803304793084,Normal
2026-03-04,24421.45,24473.95,24602.0,24306.6,11.644299497831977,1.2095923870204326,0.0545331985170195,0.0221795265040171,24413.15,-1.5122888560247016,1.7235585871085202,12.534223407631425,20260310.0,6.239583333333333,24.616087913513176,2.569107147948761,12.9717884156812,2026,2026-03,-18002.144214700184,-16199.995994567871,232.7499961853028,-30.85000991821289,0.24904610834735053,0.6026242901102469,0.4132692830914414,7.671869308910692,Normal
2026-03-05,24615.9,24737.45,24853.9,24529.55,12.6012229372294,1.3176442868227536,0.097349720284252,0.0910790607616241,24601.0,1.0766549739621212,0.5800044537150661,13.346437973217604,20260310.0,5.239583333333333,20.10208415985107,1.9222796193458531,7.500861222621671,2026,2026-03,-6538.118041210704,-5437.5,182.00000762939453,-18.949996948242188,0.5546522499085382,0.4921173599610286,1.1270731232738098,7.722388508312859,Normal
2026-03-06,24642.9,24469.4,24688.1,24416.65,10.06134573487418,1.101534316172192,0.1061071873701684,0.026495629814355,24678.1,-1.0835797545826198,0.3822140115492867,13.705978104419213,20260310.0,4.239583333333333,20.0780816078186,1.7266321398467293,10.01673587294442,2026,2026-03,-18815.274130404006,-17024.99771118164,155.70000076293945,-26.099998474121094,0.8456890927583394,0.4915297555890333,1.7205247152227703,8.006699542230875,Normal
2026-03-09,23842.35,24005.8,24078.15,23697.8,14.596958337003462,1.5952706004232056,0.1023559011893857,-0.2858355901905524,23716.95,-1.894611228718324,2.5625883756855594,14.839942413618164,20260310.0,1.2395833333333333,41.54779291152953,1.9323732090043984,26.950834574526063,2026,2026-03,-15492.2820722939,-13162.493705749512,174.50000762939453,-27.949996948242188,1.2179053377436855,1.0171278757585764,1.1973964796072163,8.171300948137722,Normal
2026-03-10,24287.1,24286.15,24303.8,24079.95,11.90005669804875,0.9216827039868845,0.0435426060816293,-0.1203275108875793,24138.35,1.167842771330263,1.1718001482974971,15.32048480775852,20260317.0,7.239583333333334,23.81638383865356,2.6758249586093683,11.91632714060481,2026,2026-03,19125.41217704486,20775.00057220459,234.95000457763672,-3.849987030029297,0.6123036578722374,0.5830468047639261,1.050179252967791,8.483777249174988,Normal
2026-03-11,24262.7,23848.2,24299.0,23834.3,11.499064825551034,1.9152856030037904,0.1383715844478716,-0.1656175136098432,24199.15,-1.8032911762465464,0.0965570911816038,16.06680094602861,20260317.0,6.239583333333333,20.15542316436767,2.1031729696681625,8.656358338816634,2026,2026-03,-32794.371973585134,-30637.51173019409,193.25,-49.55000686645508,1.4502575503685056,0.4934231474543515,2.9391761571191277,8.860465253965227,Normal
2026-03-12,23686.6,23639.35,23833.15,23556.3,14.630736831714062,1.168804302854788,0.0025728822084233,0.0583820723323987,23612.75,-0.8757474358651929,0.6776192752492971,16.022989054154852,20260317.0,5.239583333333333,25.378835678100582,2.427078616863837,10.74809884638652,2026,2026-03,17286.15120336292,19762.49313354492,221.6499938964844,-8.100013732910156,0.11265100422439556,0.6212970512647654,0.1813158520470579,9.173901155808908,Normal
2026-03-13,23472.8,23170.9,23492.4,23112.0,12.577083142045115,1.6205991615827742,0.0964067342323475,0.025301055554015,23415.5,-1.9816534718594123,0.7045455987579996,16.910899722013067,20260317.0,4.239583333333333,23.37214612960815,2.0114881168456797,10.795062987563036,2026,2026-03,-14166.998912887875,-12449.988842010498,184.3000030517578,-39.19999313354492,1.0446072046294108,0.5721714603552505,1.8256891107096358,9.617918111189658,Stressed
2026-03-16,23125.65,23355.6,23502.0,22955.25,17.676417632230713,2.364257869508533,0.0459957973383136,0.2292771641930435,23268.45,0.7971205261772196,0.1952880552762326,17.277844206112693,20260317.0,1.2395833333333333,32.70380496978759,1.5220179852825797,15.027387337556878,2026,2026-03,-2448.3273829787245,-1312.5042915344238,133.7999973297119,-25.89999771118164,0.37454149287983185,0.8006189823121043,0.4678149046606352,9.944753940582569,Stressed
2026-03-17,23465.25,23558.8,23656.8,23346.6,14.139675751769268,1.321954805510279,0.0700315457413232,0.1281831119236128,23439.65,0.8700268886262963,0.4694805528438595,17.269669637612527,20260324.0,7.239583333333334,22.40023326873779,2.516889169450189,8.260557516968522,2026,2026-03,8779.734468457318,9787.510871887209,217.6500129699707,-2.0999908447265625,0.5083267028304528,0.5483781468162012,0.926963821920547,10.480162922709656,Stressed
2026-03-18,23634.3,23764.1,23862.25,23618.45,9.727257501289444,1.031551600851302,0.0316077585072499,-0.0706482169757893,23713.2,0.8714365757169329,0.3204747270658892,17.781206325971922,20260324.0,6.239583333333333,17.960523128509518,1.876802806250349,8.233265627220073,2026,2026-03,-2850.2993573570875,-862.4954223632812,158.95000076293945,-14.14999771118164,0.21464838149216625,0.4396899921041113,0.48818118525959325,10.846160211209924,Stressed
2026-03-19,23209.1,23087.85,23378.7,22930.35,11.540588295311824,1.9317853772873668,0.1489320529256671,0.2217955870229059,23265.25,-2.845678986370193,2.33545558215964,19.55305054582148,20260324.0,5.239583333333333,21.680537700653076,2.074768215286882,10.13994940534125,2026,2026-03,-36044.177367009404,-33862.50114440918,188.39999771118164,-51.54999923706055,0.7625106113194668,0.5307593427098649,1.4366409593967087,10.966409687248,Stressed
2026-03-20,23130.6,23134.65,23345.15,23067.6,12.41903446880777,1.1999256396289026,0.068690026486041,0.0386505990676259,23239.55,0.2027040196467044,0.1851623256388102,19.380547097135786,20260324.0,4.239583333333333,24.62980365753173,2.1177260710954964,12.210769188723962,2026,2026-03,-5856.23405010484,-3075.000286102295,183.20000076293945,-12.64999008178711,0.45138567657290185,0.6029600640371013,0.7486162077645115,11.224785109748602,Stressed
2026-03-23,22837.2,22492.65,22851.7,22471.25,16.124881735707227,1.665922267178116,0.0415549597855222,0.0138020794858384,22696.85,-2.7750581919328776,1.28573373705676,20.60181939609033,20260324.0,1.2395833333333333,41.15956115722655,1.9137017079617464,25.03467942151932,2026,2026-03,11418.187850822544,14474.993705749512,178.95000076293945,-26.40000343322754,0.8996843174272962,1.00762360821789,0.8928773701704964,11.45380525462641,Stressed
2026-03-24,22854.05,22958.4,23057.3,22624.2,18.77381382710016,1.8950689265141127,0.0494806450128108,-0.1466938703322039,22719.05,2.0706764209641904,1.6067470929392424,22.3928296810519,20260330.0,6.239583333333333,30.44794607162475,3.17684938410717,11.67413224452459,2026,2026-03,7343.541947455841,9524.994850158691,267.00000381469727,-14.449993133544922,1.0535211639571385,0.7453934983980663,1.413375842721023,11.800270242604814,Stressed
2026-03-25,23067.75,23309.0,23465.35,23063.2,11.679245050818665,1.743342978834077,0.01892759369395,0.1272353887062361,23272.1,1.5271099031291424,0.4762962575789231,23.510167291945123,20260330.0,5.239583333333333,26.51762342453003,2.53694335232525,14.838378373711366,2026,2026-03,8250.52697652691,11137.504577636715,235.14999771118164,-18.64999771118164,0.15855896115950507,0.6491756142472109,0.24424663785834172,12.335629776836646,Stressed
2026-03-27,23169.2,22839.5,23186.1,22804.55,10.490843671713067,1.646798335721558,0.1032308115818749,-0.004399487608349,23037.15,-2.014243425286366,0.5997683298296752,24.082314996028835,20260330.0,3.239583333333333,29.19828939437866,2.194715952726425,18.70744572266559,2026,2026-03,1628.173611074053,3562.502861022949,191.8500022888184,-1.2000045776367188,0.8579620308935887,0.714800762840214,1.2002813588006436,12.51678719599408,Stressed
2026-03-30,22574.7,22379.2,22714.1,22283.85,14.2230393427475,1.9058946519776565,0.143730168057353,-0.1140846804419982,22678.25,-2.0153681122616507,1.1593949079445665,24.52319411099652,20260407.0,8.239583333333334,33.1750931739807,3.975835851075301,18.9520538312332,2026,2026-03,20828.352386498533,22537.49942779541,348.0499954223633,-3.300010681152344,1.3186643590224034,0.812156547520965,1.6236578564163622,12.63773798395128,Stressed
2026-04-01,22878.9,22703.15,22941.3,22618.6,14.892972734630938,1.410469908955416,0.0680401296733244,0.033451292118867,22858.95,1.4475495102595382,2.232876957174512,25.49161657288896,20260407.0,6.239583333333333,26.202542304992672,2.733940017758703,11.309569570361734,2026,2026-04,-3267.489478972367,-1725.0051498413086,242.4499931335449,-18.89999008178711,0.681571113283852,0.6414621409830816,1.0625274193724057,12.914426216917823,Stressed
2026-04-02,22370.65,22700.7,22782.3,22182.55,15.918765099140876,2.6809681435273447,0.1474107823497077,0.0543180493078703,22272.6,-0.0107914540493303,1.4645544781230813,25.35998609488528,20260407.0,5.239583333333333,28.84929990768432,2.759444367085637,12.930534808543438,2026,2026-04,-21742.91120722974,-19537.49370574951,231.00000762939453,-34.69998550415039,1.9220926160394392,0.7062571818124721,2.7215193919964977,13.248263017549553,Stressed
2026-04-06,22785.85,22959.45,22998.35,22542.95,16.75105086788046,1.998608785715687,0.0971829131837047,-0.2450597192359025,22632.85,1.1398326923839353,0.375098565242471,25.617403402451007,20260407.0,1.2395833333333333,40.40710020065307,1.879789761113789,23.65604933277261,2026,2026-04,-10651.587987391222,-7349.992275238038,172.10000228881836,-18.449996948242188,1.4430352341839425,0.9892026775085127,1.4587862194413888,13.355865155778272,Stressed
2026-04-07,22831.5,23129.95,23153.85,22719.3,14.449089187394318,1.903291505157345,0.1094749593065077,-0.0607574551982161,22820.45,0.7426136079043744,0.557286868805662,25.40475828993173,20260413.0,6.239583333333333,30.595009326934804,3.192312158612122,16.145920139540486,2026,2026-04,-4619.8776146141545,-2249.9942779541016,277.25,-4.850006103515625,1.356239688524985,0.7489937410582281,1.8107490279008198,13.611202724280696,Stressed
2026-04-08,23836.9,24012.35,24025.15,23828.5,11.288710018796936,0.8249814363444972,0.0153299906436681,-0.1203298760584452,23934.55,3.814967174593975,3.0564268405249395,29.13654944173445,20260413.0,5.239583333333333,20.115037918090817,1.9227434689527991,8.826327899293881,2026,2026-04,8412.869338749984,10199.990272521973,193.8999938964844,-3.350013732910156,0.3250531135951862,0.4924344797808356,0.6600941382899412,13.703596036788941,Stressed
2026-04-09,23908.65,23766.05,23990.75,23682.8,11.420516032235234,1.2880275548807678,0.0566276781068305,-0.1138100330112541,23860.75,-1.025722180461297,0.4318611048064746,28.575974929955727,20260413.0,4.239583333333333,19.8388180732727,1.7076160512483562,8.418302041037467,2026,2026-04,-2224.300412141893,-599.9994277954102,154.8499984741211,-14.89999771118164,0.39688609955680354,0.4856723659761274,0.8171889680384079,13.764964250985079,Stressed
2026-04-10,23874.65,24050.5,24074.05,23856.35,10.325308556585393,0.9118458281063836,0.0326778973463298,-0.3760620744368981,23951.45,1.196875374746753,0.4569543529530762,28.592361566990032,20260413.0,3.239583333333333,17.63896512985229,1.326433251215447,7.313656573266899,2026,2026-04,7579.602365824867,9450.000286102297,125.25000190734865,0.0,0.41354490020437673,0.4318179589300785,0.9576834211087997,13.60614213574667,Stressed
2026-04-13,23619.05,23818.9,23907.4,23555.6,11.022513521890149,1.4894756563028697,0.1061135691412651,-0.0711094565794237,23623.95,-0.9629737427496288,1.7939335980540982,28.052933933585265,20260421.0,8.239583333333334,22.147253990173336,2.658954128740047,11.12474046828319,2026,2026-04,-9292.595589442766,-8249.99713897705,245.0999984741211,-19.650001525878903,0.8252218617123663,0.5421849832764408,1.5220300952002115,13.527404728673503,Stressed
2026-04-15,24166.1,24211.9,24280.9,24145.8,7.630731384739672,0.5590475914607744,0.0119910668270035,-0.254794221768073,24219.4,1.649950249591714,1.4576659711405426,28.426919227724067,20260421.0,6.239583333333333,18.16511631011963,1.8993038638446864,10.534384925379957,2026,2026-04,3892.798102097377,4987.502574920654,178.8000030517578,-4.099994659423828,0.030966910823559957,0.4446986198463574,0.06963572505410287,13.503577163490457,Stressed
2026-04-16,24380.25,24188.4,24400.95,24102.8,10.720877461083887,1.2229160898678293,0.0490957354436965,-0.0262510716955609,24305.6,-0.0970597103077453,0.6953192438428957,27.33181886325269,20260421.0,5.239583333333333,16.91965055465698,1.6191741318583732,6.19877309357309,2026,2026-04,1288.0979452076497,2512.493133544922,163.59999465942383,-18.450005531311035,0.4821934039891951,0.4142084818772659,1.1641321341460935,13.153576891141736,Stressed
2026-04-17,24173.6,24366.9,24371.9,24096.05,7.025408427079075,1.1411208922130016,0.1026171067514339,-0.1306926188833397,24193.8,0.7379570372575195,0.061186353789433,27.316316284575592,20260421.0,4.239583333333333,16.70324659347534,1.4365250727531758,9.677838166396263,2026,2026-04,2443.398796650796,3637.495994567871,145.34999465942383,-2.150009155273437,0.715472559085395,0.4089107154757841,1.7497036199037088,13.060766607093674,Stressed
2026-04-20,24412.75,24330.9,24480.65,24241.25,8.843246449534496,0.9806351189440004,0.0691441637000401,-0.1327199424532312,24295.85,-0.1477414032970969,0.1881650928103218,27.23696294667836,20260421.0,1.2395833333333333,23.82095575332641,1.1075965899670752,14.977709303791912,2026,2026-04,-3531.881853776117,-2475.0022888183594,95.34999656677246,-14.39999771118164,0.14426332069057413,0.5831587294062108,0.2473825965658908,12.528216146836092,Stressed
2026-04-21,24369.85,24580.6,24601.7,24354.9,6.999232485656479,1.0127267915067155,0.0657918584840683,0.0637171882367924,24502.05,1.0262670102626492,0.1600845016008323,27.294927739179325,20260428.0,7.239583333333334,18.62726068496704,2.094518547180555,11.628028199310563,2026,2026-04,3223.2502151754898,4612.492561340332,196.0,-3.7499923706054688,0.3205854204035852,0.45601233577064854,0.7030191844740438,12.263394681724353,Stressed
2026-04-22,24470.85,24367.65,24515.95,24352.9,6.949729515169668,0.6663029686341067,0.0168830194342312,-0.0685526345592249,24426.5,-0.8663336126864207,0.4464903216357618,25.206200829332147,20260428.0,6.239583333333333,18.551824092864987,1.935193385081904,11.602094577695318,2026,2026-04,6996.183689579219,8100.002288818359,186.05000686645508,-6.549995422363281,0.24092686221930393,0.4541655791729488,0.5304824347499871,12.126993430942706,Stressed
2026-04-23,24202.35,24156.05,24310.2,24134.8,7.7281231453955614,0.7247230124347489,0.039098921291728,0.0967791151193861,24245.2,-0.8683644093706255,0.6783583973013485,25.535500034329704,20260428.0,5.239583333333333,17.696114063262932,1.6920875059805651,9.967990917867372,2026,2026-04,10705.509177867589,11549.996852874756,160.85000610351562,-2.2499961853027344,0.36770164816128936,0.4332170169586388,0.8487700938959089,11.897450491935597,Stressed
2026-04-24,24100.55,23903.95,24206.0,23813.65,8.138218300718085,1.627971145886706,0.0398434492493252,0.0931215297729431,23968.5,-1.0436308916399797,0.2297561066482267,23.492246389988228,20260428.0,4.239583333333333,17.41265535354614,1.5011369215919137,9.274437052828054,2026,2026-04,1856.573212084944,3749.997138977051,137.3499984741211,-3.10000228881836,0.26931180507749897,0.42627768913697967,0.6317755114576465,11.662904925764987,Stressed
2026-04-27,23945.45,24110.2,24130.7,23936.2,7.681840337940371,0.8122628724872575,0.0305599837194334,0.2007721945680562,24061.85,0.8628281099985591,0.1736114742542538,22.671982786092027,20260428.0,1.2395833333333333,20.640046119689934,0.9610649222732252,12.958205781749566,2026,2026-04,11968.320907248555,12750.001430511476,82.55000305175781,0.0,0.20094049293799543,0.505287159536543,0.3976758347120894,11.263571754015532,Stressed
2026-04-28,24044.9,24016.5,24181.8,23957.05,8.90697590278544,0.9347096473680488,0.0693860512270042,0.0646883803882712,24138.7,-0.3886321971613649,0.2708397275841712,22.262078938511284,,,,,,2026,2026-04,,,,,0.5062410154647923,,,10.708973079557541,Stressed
